0,0,0,0,0,-4.63382870860155,-2.48005046033938,-4.29186955210225,0,0,-3.08987859462222,-4.21492516843485,0,0,0,0,-2.53806364663372,0,0,0,0,0,0,0,0,0,0,0,0,0,0,0,0,0,0,0,0,0,0,0,0,0,0,0,0,0,0,0,0,0,0,0,0,0,0,0,0,0,0,0,0,0,0,0,3.12012123678969,0,0,0,2.77323121064698,0,0,0,0,0,0,0,0,0,0,0,0,0,0,0,0,0,0,0,0,0,0,0,0,0,0,0,0,0,0,0,-2.31157088260762,-3.15098178257208,0,0,0,-2.53831872588939,-3.15532057804045,0,0,0,-3.24838376364273,-4.37836459804655,0,0,0,0,0,0,-2.27729743397985,0,0,0,0,0,0,0,0,0,0,0,0,0,0,0,0,0,0,0,0,0,0,0,0,0,0,0,0,0,0,0,0,0,0,0,0,0,0,0,0,0,0,0,0,0,0,0,0,0,0,0,0,0,0,0,0,0,0,0,0,3.54815014924363,0,0,0,0,0,0,0,0,0,0,0,3.54115047796256,0,0,0,0,0,0,0,0,0,0,0,0,0,0,3.06624825038691,0,0,0,0,0,0,0,2.64550542522713,2.96415208098682,0,0,0,0,0,0,4.31339264920308,0,0,0,0,0,0,3.57089261054907,2.59126129558088,2.42614549477093
0,0,0,0,0,0,0,0,0,0,0,0,0,0,0,0,0,0,0,0,0,0,0,0,0,0,0,0,0,0,0,0,0,0,0,0,0,0,0,0,0,0,0,0,0,0,0,0,0,0,0,0,0,0,0,0,0,0,0,0,0,0,0,0,0,0,0,0,0,0,0,0,0,0,0,0,0,0,0,0,0,0,0,0,0,0,0,0,0,0,0,0,0,0,0,0,0,0,0,0,0,0,0,0,0,0,0,0,0,0,0,0,0,0,0,0,0,0,0,0,0,0,0,0,0,0,0,0,0,0,0,0,0,0,0,0,0,0,0,0,0,0,0,0,0,0,0,0,0,0,0,0,0,0,0,0,0,0,0,0,0,0,0,0,0,0,0,0,0,0,0,0,0,0,0,0,0,0,0,0,0,0,0,0,0,0,0,0,0,0,0,0,0,0,0,0,0,0,0,0,0,0,0,0,0,0,0,0,0,0,0,0,0,0,0,0,0,0,0,0,0,0,0,0,0,0,0,0,0,0,0,0
0,0,0,0,0,0,0,0,0,0,-2.88342038467999,0,0,0,0,0,0,0,0,0,0,0,0,0,0,0,0,0,0,0,0,0,0,0,0,0,0,0,0,0,0,0,0,0,0,0,0,0,0,0,0,0,0,0,0,0,0,0,0,0,0,0,0,0,0,0,0,0,0,0,0,0,0,0,0,0,0,0,0,0,0,0,0,0,0,0,0,0,0,0,0,0,0,0,0,0,0,0,0,0,0,0,0,0,0,0,0,0,0,0,0,0,0,0,0,0,0,0,0,0,0,0,0,0,0,0,0,0,0,0,0,0,0,0,0,0,0,0,0,0,0,0,0,0,0,0,0,0,0,0,0,0,0,0,0,0,0,0,0,0,0,0,0,0,0,0,0,0,0,0,0,0,0,0,0,0,0,0,0,0,0,0,0,0,0,0,0,0,0,0,0,0,0,0,0,0,0,0,0,0,0,0,0,0,0,0,0,0,0,0,0,0,0,0,2.80691229133373,3.0437177950886,0,0,0,0,0,0,0,0,0,0,0,0,0,0,2.69929488507894,0
0,0,0,0,0,-2.68241613470178,0,-2.97518690045121,0,0,0,-3.36504463206764,0,0,0,0,0,0,0,0,0,0,0,0,0,0,0,0,0,0,0,0,0,0,0,0,0,0,0,0,0,0,0,0,0,0,0,0,0,0,0,0,0,0,0,0,0,0,0,0,0,0,0,0,0,0,0,0,0,0,0,0,0,0,0,0,0,0,0,0,0,0,0,0,0,0,0,0,0,0,0,0,0,0,0,0,0,0,0,0,0,0,0,0,0,-2.64652368976781,-2.46368798544984,0,0,0,0,-3.87775162467229,0,0,0,0,0,0,0,0,0,0,0,0,0,0,0,0,0,0,0,0,0,0,0,0,0,0,0,0,0,0,0,0,0,0,0,0,0,0,0,0,0,0,0,0,0,0,0,0,0,0,0,0,0,0,0,0,0,0,0,0,0,0,0,0,0,0,0,0,0,0,0,0,0,0,0,0,0,0,0,0,0,0,0,0,0,0,0,0,0,0,0,0,0,0,0,0,0,2.59373629111262,0,0,0,0,0,2.98354145249709,0,0,0,0,0,0,0,0,0,0,0,0,0,0,0,0
0,0,0,0,0,0,0,0,0,0,0,0,0,0,0,0,0,0,0,0,0,0,0,0,0,0,0,0,0,0,0,0,0,0,0,0,0,0,0,0,0,0,0,0,0,0,0,0,0,0,0,0,0,0,0,0,0,3.10070531995884,0,0,0,0,0,0,2.79084874230256,0,0,0,0,0,0,0,0,0,0,0,0,0,0,0,0,0,0,0,0,0,0,0,0,0,0,0,0,0,0,0,0,0,0,0,0,-3.16105878818977,0,0,-3.20028067585787,0,0,0,0,0,0,-3.14169127562359,0,0,0,0,0,0,0,0,0,0,0,0,0,0,0,0,0,0,0,0,0,0,0,0,0,0,0,0,0,0,0,0,0,0,0,0,0,0,0,0,0,0,0,0,0,0,0,0,0,0,0,0,3.09164380497059,0,0,0,0,0,0,0,0,0,0,0,0,0,0,3.00156774971219,0,0,0,0,0,0,0,0,0,0,0,0,0,0,0,0,0,0,0,0,0,0,0,0,0,0,0,0,0,0,0,0,0,0,0,0,0,0,0,0,0,0,0,0,0,0,0,0,0,0,0,0
-4.63382870860155,0,0,-2.68241613470178,0,0,0,-2.48017933535203,0,0,0,0,0,0,0,0,0,0,0,0,0,0,0,0,0,0,0,0,0,0,0,0,0,0,0,0,0,0,0,0,0,0,0,0,0,0,0,0,0,0,0,0,0,0,0,0,0,3.16876202010911,0,0,0,0,0,2.49608031740404,3.17433143811649,0,0,0,2.75661453925605,0,0,0,0,0,0,0,0,0,0,0,0,0,0,0,0,0,0,0,0,0,0,0,0,0,0,0,0,0,0,0,-3.84816379307165,-3.12457311011435,-3.83309935517286,0,-2.90020946551234,-2.63707718333164,-2.39157530191479,0,0,0,0,-2.95979667526131,0,0,0,0,0,0,-2.17257518048339,0,0,0,0,0,0,0,0,0,0,0,0,0,0,0,0,0,0,0,0,0,0,0,0,0,0,0,0,0,0,0,0,0,0,0,0,0,0,0,0,0,0,0,0,0,2.44956022174813,0,0,0,2.83612448017391,0,0,0,0,0,0,0,0,0,0,3.22357016937875,0,0,0,0,0,0,0,0,0,0,0,0,0,0,0,0,0,0,0,0,0,0,0,0,0,0,0,0,0,0,0,0,0,0,0,0,0,0,0,0,0,0,0,0,0,0,0,0,0,0,0,0
0,0,0,0,0,0,0,-2.74275620515535,0,0,0,0,0,0,0,0,0,0,0,0,0,0,0,0,0,0,0,0,0,0,0,0,0,0,0,0,0,0,0,0,0,0,0,0,0,0,0,0,0,0,0,0,0,0,0,0,0,4.28365160339066,0,0,0,0,3.13949247647154,2.46148579751733,4.05806833028222,0,3.30315064976291,3.81903639653196,3.14673518143853,2.83645313037366,0,0,0,0,0,0,0,0,0,0,0,0,0,0,0,0,0,0,0,0,0,0,0,2.94667011786168,2.78583309282274,0,0,0,0,0,-2.81562446000907,0,0,0,0,0,0,0,0,0,-2.25878909035965,-2.33602995420782,0,0,0,0,0,0,0,0,0,0,0,0,3.35896478289377,0,0,0,0,0,0,0,0,0,0,0,0,0,0,0,0,0,0,0,0,0,0,0,0,0,0,2.92800905134709,0,0,0,0,0,0,0,0,0,0,0,0,3.61939127440325,0,0,3.24201624131857,2.79097179424202,0,0,3.1305546592302,3.78963435469307,2.92186258050971,2.98909275689607,3.91962344312918,3.1702413459344,0,3.5244201775299,4.7129368601209,0,0,0,3.57845815538511,0,0,0,0,0,0,0,0,3.46644932350449,0,0,0,0,0,0,0,0,0,0,0,0,0,0,0,0,0,0,0,0,0,0,0,0,0,0,0,0,0,0,0,0,0,0,0,0,3.40273117312835,0,0
-4.29186955210225,0,0,-2.97518690045121,0,0,-2.74275620515535,0,0,0,0,0,0,0,0,0,0,0,0,0,0,0,0,0,0,0,0,0,0,0,0,0,0,0,0,0,0,0,0,0,0,0,0,0,0,0,0,0,0,0,0,0,0,0,0,0,0,0,0,0,0,0,0,0,3.16974014709292,0,0,0,0,0,0,0,0,0,0,0,0,0,0,0,0,0,0,0,0,0,0,0,0,3.14629845813051,0,0,0,0,2.74790148850406,0,0,0,0,0,-3.7542795151332,0,-3.51445080487752,0,0,-3.23886859009313,-3.72404939932544,0,0,0,-3.0950847713258,-3.13592617371996,0,0,0,0,0,0,0,0,0,0,0,0,0,0,0,0,0,0,0,0,0,0,0,0,0,0,0,0,0,0,0,0,0,0,0,0,0,0,0,0,0,2.8305916653157,0,0,0,0,0,0,0,0,0,0,0,0,0,0,0,0,0,0,3.03861329734626,0,0,2.51709086450953,2.4616049443619,0,2.4317005305729,2.84013457931916,0,0,0,3.57342814372372,0,0,2.19504050281352,0,0,0,0,0,3.00157397775473,0,0,0,0,0,0,0,0,0,0,0,0,0,0,0,0,0,0,0,2.41556200735043,2.26349851783991,2.4277201188624,2.17268242842052,0,0,0,0,0,0,0,0,0,0,0,0,2.47633014128977,3.24610406792678,2.44961608620399,0
0,0,0,0,0,0,0,0,0,0,0,0,0,0,0,0,0,0,0,0,0,0,0,0,0,0,0,0,0,0,0,0,0,0,0,0,0,0,0,0,0,0,2.85881095548934,0,0,0,2.72191304832834,0,0,0,0,0,0,0,0,0,0,3.37834413515873,0,0,0,0,0,0,3.33709504491982,0,0,0,3.44376046087428,0,0,0,0,0,0,0,0,0,0,0,0,0,0,0,0,0,3.05795593922608,0,0,3.64450718787018,3.52593537878406,3.34969010966454,0,2.88465791507941,3.57499523711714,0,0,0,0,0,0,0,0,0,0,0,0,0,0,0,0,0,0,0,0,0,0,0,0,0,0,0,0,0,0,0,0,0,0,0,0,0,0,0,0,0,0,0,0,0,0,0,0,0,0,0,0,0,0,0,0,0,0,2.94930604710724,2.82737609620323,0,0,0,0,0,0,0,-3.02044635296405,0,0,0,0,0,0,0,0,0,0,0,0,0,0,0,0,0,0,0,0,0,0,0,0,0,0,0,0,0,3.36729061118759,0,0,0,0,0,0,0,0,0,0,0,0,0,0,0,0,0,0,0,0,0,0,0,0,0,0,0,0,3.6647978738144,0,0,0,0,0,0,0,2.95405097131675,0,0
0,0,0,0,0,0,0,0,0,0,0,0,0,0,0,0,0,0,0,0,0,0,0,0,0,0,0,0,0,0,0,0,0,0,0,0,0,0,0,0,0,0,0,0,0,0,0,0,0,0,0,0,0,0,0,0,0,0,0,0,0,0,0,0,0,0,0,0,0,0,0,0,0,0,0,0,0,0,0,0,0,0,0,0,0,0,0,0,0,0,0,0,2.54327370161593,0,0,0,0,0,0,0,0,0,0,0,0,0,0,0,-2.2869311582509,-2.6100952607629,-2.95655856726085,0,0,0,0,0,0,0,0,0,0,0,0,0,0,0,0,0,0,0,0,0,0,0,0,0,0,0,0,0,0,0,0,0,0,0,0,0,0,0,0,0,0,2.21499317462567,0,0,0,0,0,0,0,0,0,0,0,0,0,0,0,0,0,0,0,0,0,0,2.30231977758791,0,0,0,0,0,0,0,0,0,0,0,0,0,0,0,0,0,0,0,0,0,0,0,0,0,0,0,0,0,0,0,0,0,0,0,0,0,2.54731469660621,0,0,0,0,0,0,0,0,0,0,0,0,0,0,2.63228108107725,2.46980228498513,0
-3.08987859462222,0,-2.88342038467999,0,0,0,0,0,0,0,0,0,0,0,0,0,0,0,0,0,0,0,0,0,0,0,0,0,0,0,0,0,0,0,0,0,0,-3.00994596633349,0,0,0,0,0,0,0,0,0,0,0,0,0,0,0,0,0,0,0,0,0,0,0,0,0,0,0,0,0,0,0,0,0,0,0,0,0,0,0,0,0,0,0,0,0,0,0,0,0,0,0,0,0,2.68311240501833,0,0,2.53207083664166,0,0,0,0,0,-2.85925000550068,0,-3.63359999804443,0,0,-3.11544075742199,-3.0761839134891,0,-2.78746818663274,0,-3.54248801225733,-2.37546239338048,0,0,0,0,0,0,0,0,0,0,0,0,0,0,0,0,0,0,0,0,0,0,0,0,0,0,0,0,0,0,0,0,0,0,0,0,0,0,0,0,0,0,0,0,0,0,0,0,0,0,0,0,0,0,0,0,0,0,0,0,0,0,0,0,0,0,0,0,0,0,0,0,0,0,0,0,0,0,0,0,0,0,0,0,0,0,0,0,0,0,0,0,0,0,0,0,0,0,0,0,0,0,0,0,0,0,0,0,0,0,0,0,0,0,0,0,0,2.52070205633164,0,0
-4.21492516843485,0,0,-3.36504463206765,0,0,0,0,0,0,0,0,0,0,0,0,0,0,0,0,0,0,0,0,0,0,0,0,0,0,0,0,0,0,0,0,0,0,0,0,0,0,0,0,0,0,0,0,0,0,0,3.21298368832911,0,0,0,0,0,3.99275350778851,0,0,0,0,3.31109887878815,2.19225536345152,3.49898448887965,0,0,0,3.45666903606059,0,0,0,0,0,0,3.50745053734467,0,0,0,0,0,0,0,0,0,0,0,0,0,0,0,0,0,0,0,0,0,0,0,0,-3.84844596407179,0,-5.9905810618097,0,-2.19445951613367,-4.83790330613798,-3.14659060852922,0,0,0,0,-4.10535044431624,0,0,0,0,0,0,0,0,0,0,0,0,0,0,0,0,0,0,0,0,0,0,0,0,0,0,0,0,0,0,0,0,0,0,0,0,0,0,0,0,0,0,0,0,0,0,0,0,0,0,0,0,3.30309326222082,0,0,0,2.31414755676054,0,0,0,2.68000622668469,0,0,0,2.59782257345949,0,0,2.91272213575969,0,0,0,0,0,0,0,0,0,0,0,0,0,0,0,0,0,0,0,0,0,0,0,0,0,0,0,0,0,0,0,0,0,0,0,0,0,0,0,0,0,0,0,0,0,0,0,0,0,0,0,0
0,0,0,0,0,0,0,0,0,0,0,0,0,0,0,0,0,0,0,0,0,0,0,0,0,0,0,0,0,0,0,0,0,0,0,0,0,0,0,0,0,0,0,0,0,0,0,0,0,0,0,0,0,0,0,0,0,0,0,0,0,0,0,0,0,0,0,0,0,0,0,0,0,0,0,0,0,0,0,0,0,0,0,0,2.2252287907722,2.46219299181606,2.74243263360548,0,0,0,0,0,0,3.06099155541348,0,0,0,0,0,0,0,0,0,0,0,0,0,0,0,0,0,0,0,0,0,0,0,0,0,0,0,0,0,0,0,0,0,0,0,0,0,0,0,0,0,0,0,0,0,0,0,0,0,0,0,0,0,0,0,0,0,0,0,0,0,0,0,0,0,0,0,0,0,0,0,0,0,0,0,0,0,0,0,0,0,0,0,0,0,3.12275186827745,0,0,0,3.12985752706911,0,0,0,0,0,2.99980110439498,0,2.43642205601008,3.0513783430693,0,0,0,0,0,0,0,0,0,0,0,0,0,0,0,0,0,0,0,0,0,0,0,0,0,0,0,0,0,0,0,0,0,0,0,0,0,0,0
0,0,0,0,0,0,0,0,0,0,0,0,0,0,0,0,0,0,0,0,0,0,0,0,0,0,0,0,0,0,0,0,0,0,0,0,0,0,0,0,0,0,0,0,0,0,0,3.24871347485673,2.90754503462566,3.3392216767801,0,0,-3.03821100447163,0,0,0,0,0,0,0,0,0,0,0,0,0,0,0,0,0,0,0,0,0,0,0,0,0,0,0,0,2.89283934795084,0,0,0,0,0,0,0,2.86148194963598,0,0,0,2.39142406801427,2.71646630614233,0,0,0,0,0,0,0,0,0,0,0,0,0,0,0,0,0,0,0,0,0,0,0,-3.10715046377419,0,0,0,0,0,0,0,0,0,0,0,0,0,0,0,0,0,0,0,0,0,0,0,0,0,0,0,0,0,0,0,0,0,0,4.08632028344477,3.03025129506804,4.3282535858074,0,0,0,0,0,0,0,0,0,0,0,0,0,0,0,0,0,0,2.94483249668619,0,0,0,3.64564778840559,3.69868553471168,0,0,0,3.62463772713064,0,0,2.84532133765659,0,0,0,0,2.36971968550549,3.12949300866823,0,0,0,0,0,0,0,0,0,0,0,0,0,0,0,0,0,0,0,3.49620403338653,3.23249133012661,0,0,0,0,0,0,0,0,3.45873425049859,0,0,0,0,0,4.09714769790559,3.33374455785094,3.27521996343798,3.53430202116261
0,0,0,0,0,0,0,0,0,0,0,0,0,0,0,0,0,0,0,0,0,0,0,0,0,0,0,0,0,0,0,0,0,0,0,0,0,0,0,0,0,0,0,0,0,0,0,0,0,0,0,0,0,0,0,0,0,0,0,0,0,0,0,0,0,0,0,0,0,0,0,0,0,0,0,0,0,0,0,0,0,0,0,0,0,0,0,0,0,0,0,0,0,2.59514987880599,0,0,0,0,0,0,0,0,0,0,0,0,0,0,0,0,0,0,0,0,0,0,0,0,0,0,0,0,0,0,0,0,0,0,0,0,0,0,0,0,0,0,0,0,0,0,0,0,0,0,0,0,3.44162290834396,0,0,0,0,0,0,0,0,0,0,0,0,0,0,-2.24376450544565,0,0,0,0,0,2.67015732372748,0,0,0,0,0,0,0,0,0,0,0,0,0,0,0,0,0,0,0,0,0,0,0,0,3.01489275665337,0,0,0,0,0,0,0,0,0,0,0,0,0,0,0,0,0,0,0,0,0,0,0,0,0,-3.40229160868711,0,0,0,0,0,0,0,0,0,0,0,0,0
0,0,0,0,0,0,0,0,0,0,0,0,0,0,0,0,0,0,0,0,0,0,0,0,0,0,0,0,0,0,0,0,0,0,0,0,0,0,0,0,0,0,0,0,0,0,0,0,0,0,0,0,-2.23810882470163,0,0,0,0,0,0,0,0,0,0,0,3.49145744538088,0,0,0,0,0,0,0,0,0,0,0,0,0,0,0,0,0,0,0,0,0,0,0,0,2.9422516441769,0,0,0,2.96059598952079,2.62450119784369,0,0,0,0,0,0,0,0,0,0,0,0,0,0,0,0,0,0,0,0,0,0,0,0,0,0,0,0,0,0,0,0,0,0,0,0,0,0,0,0,0,0,0,0,0,0,0,0,0,0,0,2.79759732041585,0,0,0,0,0,0,0,0,0,0,0,0,0,0,0,0,0,0,0,0,0,0,0,0,0,0,0,0,0,0,0,2.90715146306442,0,0,0,0,0,0,0,0,0,0,0,0,2.36533059452181,2.65478226880464,0,0,0,0,0,0,0,0,0,0,0,0,0,0,0,0,0,0,0,2.69847287936939,2.94683603645134,0,0,0,0,0,0,0,0,0,0,0,0,0,0,3.37738071935354,3.06259953977545,0,0
-2.53806364663372,0,0,0,0,0,0,0,0,0,0,0,0,0,0,0,0,0,0,0,0,0,0,0,0,0,0,0,0,0,-2.12823468066059,0,0,0,0,0,0,0,0,0,0,0,0,0,0,0,0,0,0,0,0,0,0,0,0,0,0,0,0,0,0,0,0,0,0,0,0,0,0,0,0,0,0,0,0,0,0,0,0,0,0,0,0,0,0,0,0,0,0,0,0,0,0,2.50999032018548,2.47447539674016,0,0,0,0,0,0,0,0,0,0,0,0,0,0,0,0,0,0,0,0,0,-2.57993705800709,0,-2.8656336189829,0,0,0,0,0,0,0,0,0,0,0,0,0,0,0,0,0,0,0,0,-3.84771168166292,0,0,0,0,0,0,0,0,0,0,0,0,0,0,0,3.11658637755999,0,0,0,0,0,0,0,0,0,0,0,0,0,0,0,0,0,0,0,0,0,0,2.96146112552033,0,0,0,0,0,0,0,3.21979685562015,0,0,0,0,0,3.40024907879649,0,0,0,0,0,0,0,0,0,0,0,0,0,0,0,0,0,0,0,0,0,0,0,0,0,0,0,0,0,0,0,0,0,0,0,2.8474888981201,2.64126538253674,0,0
0,0,0,0,0,0,0,0,0,0,0,0,0,0,0,0,0,0,0,0,0,0,0,0,0,0,0,0,0,0,0,0,0,0,0,0,0,0,0,0,0,0,0,0,0,0,0,0,0,0,0,0,0,0,0,0,0,0,0,0,0,0,2.82285091013959,0,0,0,0,3.043010542099,2.4834457098668,2.80520305747057,0,0,0,0,0,2.15837818585407,0,0,0,0,0,0,0,0,0,2.46835317927338,2.82548039559418,0,0,0,0,0,0,3.65608535359147,2.89595376462941,0,0,0,0,0,0,0,0,0,0,0,0,0,0,0,0,0,0,0,0,0,0,0,0,0,0,0,0,0,0,0,0,0,0,0,0,0,0,0,0,0,0,0,0,0,0,0,0,0,0,0,0,0,0,0,0,0,0,0,0,0,0,0,0,0,0,0,0,0,0,0,0,0,0,0,0,0,2.89195801016181,0,0,3.24289195203186,2.93664158963636,0,3.38742671941564,3.49731916042839,0,0,0,3.55751471793331,0,0,0,0,0,0,0,0,3.50500690052621,0,0,0,0,0,0,0,0,0,0,0,0,0,0,0,0,0,0,0,0,0,0,0,0,0,0,0,0,0,0,0,0,0,0,0,3.08942958156576,0,2.61082318190356,0
0,0,0,0,0,0,0,0,0,0,0,0,0,0,0,0,0,0,0,0,0,0,0,0,0,0,0,0,0,0,0,0,0,0,0,0,0,0,0,0,0,0,0,0,2.9321855770096,0,0,0,0,0,0,0,0,0,0,0,0,0,0,0,0,0,0,0,3.19597299094746,0,0,0,2.52258147548218,0,0,0,0,0,0,0,0,0,0,0,0,0,0,0,0,0,2.72241675806769,0,2.20348073261971,2.23778304445733,2.59537102436,0,0,2.93630252412559,0,0,0,0,0,0,0,0,0,0,0,0,0,0,0,0,0,0,0,0,0,0,0,0,0,0,0,0,0,0,0,0,0,0,0,0,0,0,0,0,0,0,0,0,0,0,0,0,0,0,0,2.49889222184004,3.01654334461532,0,0,0,0,0,0,0,0,0,0,0,0,0,0,0,0,0,0,0,0,0,0,0,0,0,0,0,0,0,0,0,0,0,0,0,0,0,0,0,0,0,0,0,0,0,0,0,0,0,0,0,0,0,0,0,0,0,0,0,0,0,0,0,0,0,0,0,0,0,0,0,0,0,0,0,0,0,0,0,0,0,0,0,0,0
0,0,0,0,0,0,0,0,0,0,0,0,0,0,0,0,0,0,0,0,0,0,0,0,0,0,0,0,0,0,0,0,0,0,0,0,0,0,0,0,0,0,0,0,0,0,0,0,0,0,0,0,0,0,0,0,0,0,0,0,0,0,0,0,0,0,0,0,0,0,0,0,0,0,0,0,0,0,0,0,0,0,0,0,0,0,0,0,0,0,0,0,0,0,0,0,0,0,0,0,0,0,0,0,0,0,0,0,0,0,0,0,0,0,0,0,0,0,0,0,0,0,0,0,0,0,0,0,0,0,0,0,0,0,0,0,0,0,0,0,0,0,0,0,0,0,0,0,0,0,0,0,0,0,0,0,0,0,0,0,0,0,0,0,0,0,0,0,0,0,0,0,0,0,0,0,0,0,0,0,0,0,0,0,0,0,0,0,0,0,0,0,0,0,0,0,0,0,0,0,0,0,0,0,0,0,0,0,0,0,0,0,0,0,0,0,0,0,0,0,0,0,0,0,0,0,0,0,0,2.99454985159617,0,0
0,0,0,0,0,0,0,0,0,0,0,0,0,0,0,0,0,0,0,0,0,0,0,0,0,0,0,0,0,0,0,0,0,0,0,0,0,0,0,0,0,0,0,0,0,0,0,0,0,0,0,0,0,0,0,0,0,0,3.3331078027951,0,0,0,3.18891605723227,0,0,0,0,0,0,0,0,0,0,0,0,0,0,0,0,0,0,0,0,0,0,0,0,0,0,0,0,0,0,0,0,0,0,0,0,2.45315745657073,0,0,0,0,0,0,0,2.92362683903948,0,0,0,0,0,0,0,0,0,0,0,0,0,0,0,0,0,0,0,0,0,0,0,0,0,0,0,0,0,0,0,0,0,0,0,0,0,0,0,0,0,0,0,0,0,0,0,0,0,0,0,0,0,0,0,0,0,0,0,2.63538593835335,0,0,0,0,0,0,0,0,0,0,0,0,0,0,0,0,0,0,0,0,0,0,0,0,0,0,0,0,0,0,0,0,0,0,0,0,0,0,0,0,0,0,0,0,0,0,0,0,0,0,0,0,0,0,0,0,0,0,0,0,0,0,0,0
0,0,0,0,0,0,0,0,0,0,0,0,0,0,0,0,0,0,0,0,0,0,0,0,0,0,0,0,0,0,0,0,0,0,0,0,0,0,0,0,0,0,0,0,0,0,0,0,0,0,0,0,0,0,0,0,0,0,2.76714344521114,0,0,0,0,0,0,0,0,0,0,0,0,0,0,0,0,0,0,0,0,0,0,0,0,0,0,0,0,0,0,0,0,0,0,0,0,0,0,0,0,0,0,0,0,0,0,0,0,3.11987266282269,0,3.09919332370362,0,0,0,0,0,0,0,0,0,0,0,0,0,0,0,0,0,0,0,0,0,0,0,0,0,0,0,0,0,0,0,0,0,0,0,0,0,0,0,0,0,0,0,0,0,0,0,0,0,0,0,0,0,0,0,0,0,0,0,0,0,0,0,0,0,0,0,0,0,0,0,0,0,0,0,0,0,0,0,0,0,0,0,0,0,0,0,0,0,0,0,0,0,0,0,0,0,0,0,0,0,0,0,0,0,0,0,0,0,0,0,0,0,0,0,0,0,0,0,0,0,0
0,0,0,0,0,0,0,0,0,0,0,0,0,0,0,0,0,0,0,0,0,0,0,0,0,0,0,0,0,0,0,0,0,0,0,0,0,0,0,0,0,2.53753168797574,0,0,3.54336989403666,0,0,0,0,0,0,0,0,0,0,0,0,0,3.28393790969588,0,0,3.12283142728349,0,0,3.35968396093904,0,0,0,0,0,0,0,0,0,0,0,0,0,0,0,0,0,0,0,0,0,0,0,0,0,0,0,0,0,0,0,0,0,0,0,0,0,0,0,0,0,0,0,0,0,0,0,0,0,0,0,0,0,0,0,0,0,0,0,0,0,0,0,0,0,0,0,0,0,0,0,0,0,0,0,0,3.09697895081937,0,0,0,2.54323583158393,3.2479262399051,0,0,0,0,0,0,0,2.73282782594478,0,0,0,0,0,0,0,0,0,0,0,0,0,0,0,0,0,0,0,0,0,0,0,0,0,0,0,0,0,0,0,0,0,0,0,0,0,0,0,0,0,0,0,0,0,0,0,0,0,0,0,0,0,0,0,0,0,0,2.96226879187271,0,0,0,0,0,0,0,0,0,0,0,0,0,0,0,3.19168567297351,0,0
0,0,0,0,0,0,0,0,0,0,0,0,0,0,0,0,0,0,0,0,0,0,0,0,0,0,0,0,0,0,0,0,0,0,0,0,0,0,0,0,0,0,0,0,0,0,0,0,0,0,0,0,0,0,0,0,0,0,0,0,0,0,0,0,0,0,0,0,0,0,0,0,0,0,0,0,0,0,0,0,0,0,0,0,0,0,0,0,0,0,0,0,0,0,0,0,0,0,0,2.94044911372444,0,0,0,0,0,0,0,0,0,0,0,0,0,0,0,0,0,0,0,0,0,0,0,0,0,0,0,0,0,0,0,0,0,0,0,0,0,0,0,0,0,0,0,0,0,0,0,0,0,0,0,0,0,0,0,0,0,0,0,0,0,0,0,0,0,0,0,0,0,0,0,0,0,0,0,0,0,0,0,3.10505598910522,0,0,0,0,0,0,0,0,0,0,0,0,0,0,0,0,0,0,0,0,0,0,0,0,0,0,0,0,0,0,0,0,0,0,0,0,0,0,0,0,0,0,0,0,0,0,0,0,0,0,0,0
0,0,0,0,0,0,0,0,0,0,0,0,0,0,0,0,0,0,0,0,0,0,0,0,0,0,0,0,0,0,0,0,0,0,0,0,0,0,2.72515285053871,2.46708148781074,0,0,0,0,0,0,2.25567181989946,0,0,0,0,0,0,0,0,0,0,2.83402146916769,3.76952527117806,0,3.24174123114133,0,3.72114491061774,0,0,0,0,0,0,0,0,0,2.58694121122173,0,0,0,0,0,0,0,0,0,0,0,0,0,0,0,0,0,0,0,0,0,0,0,0,0,0,0,0,0,0,0,0,0,0,0,0,0,0,0,0,0,0,0,0,0,0,0,0,0,0,0,0,0,0,0,0,0,0,0,0,0,0,0,0,0,0,0,0,0,0,0,0,0,0,0,0,0,0,0,0,0,0,0,0,0,0,0,0,0,0,0,0,0,0,0,0,0,0,0,0,0,0,0,0,0,0,0,0,0,0,0,0,0,0,0,0,0,0,0,0,0,0,0,2.46373465780293,0,0,0,0,0,0,0,0,0,0,0,0,0,0,0,0,0,0,0,0,0,0,0,0,0,0,0,0,0,0,0,0,0,0,0
0,0,0,0,0,0,0,0,0,0,0,0,0,0,0,0,0,0,0,0,0,0,0,0,0,0,0,0,0,0,0,0,0,0,0,0,0,0,0,0,0,0,0,0,0,0,0,0,0,0,0,0,-2.62858995273128,0,0,0,0,0,0,0,0,0,0,0,0,0,0,0,0,0,0,0,0,0,0,0,0,0,0,0,0,0,0,0,0,2.49326386239072,0,0,0,3.61985764922859,0,0,0,2.47068803275764,0,0,0,0,0,2.91612936922872,0,0,0,0,0,0,0,0,0,0,0,0,0,0,0,0,0,0,0,0,0,0,0,0,0,0,0,0,0,0,0,0,0,0,0,0,0,0,0,0,0,0,0,0,0,0,0,0,0,0,0,0,0,0,0,3.33370506531872,0,0,0,0,0,0,0,0,0,0,0,0,0,0,0,0,0,0,0,3.17875358769305,0,0,2.87356028848744,4.23273935093603,0,0,0,3.66229963224129,0,0,0,0,0,2.95713944773167,0,2.78521581100552,3.20440611875477,0,0,0,0,0,0,0,0,0,0,0,0,0,0,0,0,0,0,0,0,0,0,0,0,0,0,0,0,0,0,0,0,0,0,0,3.3792937891851,3.01425083384871,0,0
0,0,0,0,0,0,0,0,0,0,0,0,0,0,0,0,0,0,0,0,0,0,0,0,0,0,0,0,0,0,0,0,0,0,0,0,0,0,0,0,0,0,0,0,3.07193654042921,0,0,0,0,0,0,0,-3.42369039659412,0,0,0,0,0,0,0,0,0,0,0,0,0,0,0,0,0,0,0,0,0,0,0,0,0,0,0,0,0,0,0,0,0,0,0,0,0,0,0,0,0,0,0,0,0,0,0,0,0,0,0,0,0,0,0,0,0,0,0,0,0,0,0,0,0,0,0,0,0,0,0,0,0,0,0,0,0,0,0,0,0,0,0,0,0,0,0,0,0,0,0,0,0,2.6072454324944,0,0,0,0,0,0,0,0,0,0,0,0,0,0,-4.08481133258523,0,0,0,0,0,0,0,0,0,0,0,0,0,0,0,0,0,0,0,0,0,0,0,0,0,0,0,0,0,0,0,0,0,0,0,0,0,0,0,0,0,0,0,0,0,0,0,0,0,0,2.95822199388683,3.73681602990374,0,0,0,0,0,0,0,0,3.34689072545738,2.84389087685708,0,0,0,0,3.41931897752894,3.70394519372545,0,0
0,0,0,0,0,0,0,0,0,0,0,0,0,0,0,0,0,0,0,0,0,0,0,0,0,0,0,0,0,0,0,0,0,0,0,0,0,0,0,0,0,0,0,0,0,0,0,0,0,0,0,0,-2.34347369344123,0,0,0,0,0,0,0,0,0,0,0,2.7754091456719,0,0,0,0,0,0,0,0,0,0,3.46220527313904,0,0,0,0,0,0,0,0,3.66316817785439,3.4557808396726,3.14774549848645,0,0,2.92983852862192,0,0,0,2.89338871230829,0,0,0,0,3.89658452471293,2.73414417430087,0,0,0,0,0,0,0,0,0,0,0,0,0,0,0,0,0,0,0,0,0,0,0,0,0,0,0,0,0,0,0,0,0,0,0,0,0,0,0,0,0,0,0,0,0,0,0,0,0,0,0,0,0,0,0,0,0,0,0,0,0,0,0,0,0,0,0,0,0,0,0,0,0,0,0,0,0,0,0,3.04817905908151,0,2.36434518063358,0,0,0,0,0,0,0,0,2.76915031467093,0,0,0,0,0,2.72128038070307,0,0,0,0,0,0,0,0,0,0,0,0,0,0,0,0,0,0,0,0,0,0,0,0,0,0,0,0,0,0,0,0,0,0,0
0,0,0,0,0,0,0,0,0,0,0,0,0,0,0,0,0,0,0,0,0,0,0,0,0,0,0,0,0,0,0,0,0,0,0,0,0,0,0,0,0,0,0,0,0,0,0,0,0,0,0,0,-3.24823880396183,0,0,0,0,0,0,0,0,0,0,0,0,0,0,0,0,0,0,0,0,0,0,0,0,0,0,0,0,0,0,0,0,0,0,0,0,0,0,0,0,0,0,0,0,0,0,0,0,0,0,0,0,0,0,0,0,0,0,0,0,0,0,0,0,0,0,0,0,0,0,0,0,0,0,0,0,0,0,0,0,0,0,0,0,0,0,0,0,0,0,0,0,0,0,0,0,0,0,0,0,0,0,0,0,0,0,0,0,0,0,0,0,0,0,0,0,0,0,0,0,0,0,0,0,0,0,0,0,0,0,0,0,0,0,0,0,0,0,0,0,0,0,0,0,0,0,0,0,0,0,0,0,0,0,0,0,0,0,0,0,0,0,0,0,0,0,0,0,0,0,0,0,0,0,0,0,0,0,0
0,0,0,0,0,0,0,0,0,0,0,0,0,0,0,0,0,0,0,0,0,0,0,0,0,0,0,0,0,0,-2.48079074417356,0,0,0,0,0,0,0,0,0,0,0,0,0,0,0,0,0,0,0,0,0,-2.80804161117174,-2.1634954124217,0,0,0,0,0,0,0,0,0,0,3.21549358681265,0,0,0,0,0,0,0,0,0,0,0,0,0,0,0,0,0,0,0,0,0,0,0,0,0,0,0,0,0,0,0,0,0,0,0,0,0,0,0,0,0,0,0,0,0,0,0,0,0,0,0,0,0,0,0,0,0,0,0,0,0,0,0,0,0,0,0,0,0,0,0,0,0,0,0,0,0,0,0,0,0,0,0,0,0,0,0,0,0,0,0,0,0,0,0,0,0,0,0,0,0,0,0,0,0,0,0,0,0,0,2.62076705484917,0,0,0,3.22905793981662,0,0,0,0,0,0,0,0,0,0,0,0,0,0,0,0,0,0,0,0,0,0,0,0,0,0,0,0,0,0,0,0,0,0,0,0,0,0,0,0,0,0,0,0,0,0,0,0,0,0,0,0
0,0,0,0,0,0,0,0,0,0,0,0,0,0,0,0,0,0,0,0,0,0,0,0,0,0,0,0,0,0,0,0,0,0,0,0,0,0,0,0,0,0,0,0,0,0,0,0,0,0,0,0,-2.1952489838118,0,0,0,0,3.46377729993775,0,0,0,0,2.97864916497063,0,3.21507438124481,0,3.3218107324442,2.8961660093506,3.26611377939951,2.91079092392632,0,0,0,0,2.67986820247697,2.86916969433413,0,0,0,0,0,0,0,0,0,0,0,0,0,0,0,0,0,2.66085254083206,0,0,0,0,0,0,-2.16146859641253,0,0,0,0,0,0,0,0,0,0,0,0,0,0,0,0,0,-2.56482940586773,0,0,0,0,0,0,0,0,0,0,0,0,0,0,0,0,0,0,0,0,0,0,0,0,0,0,0,0,0,0,0,0,2.5062887104352,0,0,0,0,0,0,0,0,0,0,0,0,2.81805836535623,0,0,0,0,0,0,0,3.24704309141766,0,0,0,3.0165812082631,0,0,3.42142863516495,0,0,0,0,0,0,0,0,0,0,0,0,0,0,0,0,0,0,0,0,0,0,0,0,0,0,0,0,0,0,0,0,0,0,0,0,0,0,-2.15631157464975,0,0,0,0,0,0,0,0,0,0,0,0,0
0,0,0,0,0,0,0,0,0,0,0,0,0,0,0,0,0,0,0,0,0,0,0,0,0,0,0,0,0,0,0,0,0,0,0,0,0,0,0,0,0,0,0,0,0,0,0,0,0,0,0,0,0,0,0,0,0,0,0,0,0,0,0,0,0,0,0,0,0,0,0,0,0,0,0,0,0,0,0,0,0,0,0,0,0,0,0,0,0,0,0,0,0,0,0,0,0,0,0,0,0,0,0,0,0,0,0,0,0,0,0,0,0,0,0,0,0,0,0,0,0,0,0,0,0,0,0,0,0,0,0,0,0,0,0,0,0,0,0,0,0,0,0,0,0,0,0,0,0,0,0,0,0,0,0,0,0,0,0,0,0,0,0,0,0,0,0,0,0,0,0,0,0,0,0,0,0,0,0,0,0,0,0,0,0,0,0,0,0,0,0,0,2.85451885429479,0,0,0,0,0,0,0,0,0,0,0,0,0,0,0,0,0,0,0,0,0,0,0,0,0,0,0,0,3.14205049753876,0,0,0,0,0,0,0,0,0,0
0,0,0,0,0,0,0,0,0,0,0,0,0,0,0,0,0,0,0,0,0,0,0,0,0,0,0,0,0,0,0,0,0,0,0,0,0,0,0,0,0,0,0,0,0,0,0,0,0,0,0,0,0,0,0,0,0,0,0,0,0,0,0,0,0,0,0,0,0,0,0,0,0,0,0,0,0,0,0,0,0,0,0,0,0,0,0,0,0,0,0,0,0,0,0,0,0,0,0,0,0,0,0,0,0,0,0,0,0,0,0,0,0,0,0,0,0,0,0,0,0,0,0,0,0,0,0,0,0,0,0,0,0,0,0,0,0,0,0,0,0,0,0,0,0,0,0,0,0,0,0,0,0,2.66365969105617,0,0,0,0,0,0,0,0,0,0,0,0,0,0,0,0,0,0,0,0,0,0,0,0,0,0,0,0,0,0,0,0,0,0,0,0,0,0,0,0,0,0,0,0,0,0,0,0,0,0,0,0,0,0,0,0,0,0,0,0,0,0,0,0,0,0,0,0,0,0,0,0,0,0,0,0,0,0
0,0,0,0,0,0,0,0,0,0,0,0,0,0,0,0,0,0,0,0,0,0,0,0,0,0,0,0,0,0,0,0,0,0,0,0,0,0,0,0,0,0,0,0,0,0,0,0,0,0,0,0,0,0,0,0,0,0,0,0,0,0,0,0,0,0,0,0,0,0,0,0,0,0,0,0,0,0,0,0,0,0,0,0,0,0,0,0,0,0,0,0,0,0,0,0,0,0,0,0,0,0,0,0,0,0,0,0,0,0,0,0,0,0,0,0,0,0,0,0,0,0,0,0,0,0,0,0,0,0,0,0,0,0,0,0,0,0,0,0,0,0,0,0,0,0,0,0,0,0,0,0,0,0,0,0,0,0,0,3.13910210566099,0,0,0,0,0,0,0,0,0,0,0,0,2.37807857050846,0,0,0,0,0,0,2.92564995537582,0,0,0,0,0,0,3.45067801281245,0,0,0,0,0,0,0,0,0,0,0,0,0,0,0,0,0,0,0,0,0,0,0,0,0,0,0,0,0,0,0,0,0,0,0,0,0,0,0,0,0,0,0,0,0
0,0,0,0,0,0,0,0,0,0,0,0,0,0,0,0,0,0,0,0,0,0,0,0,0,0,0,0,0,0,0,0,0,0,0,0,0,0,0,0,0,0,0,0,0,0,0,0,0,0,0,0,-2.10863749616979,0,0,0,0,0,0,0,0,0,3.07392331853778,0,3.85040510602706,0,3.5892480065239,3.1635444376062,2.84163157648709,0,0,0,0,0,0,0,0,0,0,0,0,0,0,0,0,2.94224407616938,3.20727026083307,0,0,3.29192939970719,3.13611467558606,3.45029489163607,0,3.54454719792426,3.3194055425789,0,0,0,0,3.04264854291992,0,0,0,0,0,0,0,0,0,0,0,0,0,0,0,0,0,0,0,0,0,0,0,0,0,0,0,0,0,0,0,0,0,0,0,0,0,0,0,0,0,0,0,0,0,0,0,0,0,0,0,0,0,3.25127943742589,0,0,0,0,0,3.2877505911721,0,0,0,0,0,0,0,0,2.73555211182495,0,0,0,2.5196601889768,0,0,3.56384605240905,4.26077987830349,0,3.34359626835497,3.76021500508749,0,0,0,3.66383951321373,0,0,0,0,0,3.02290180396336,0,2.93570304436843,3.92897931727429,0,0,0,0,0,0,0,0,0,0,0,0,0,0,0,0,0,0,0,3.16111832272933,3.45061427262581,0,0,0,0,0,0,0,3.04576663347403,0,0,0,0,0,0,3.6052148495569,3.96573227657261,0,0
0,0,0,0,0,0,0,0,0,0,0,0,0,0,0,0,0,0,0,0,0,0,0,0,0,0,0,0,0,0,0,0,0,0,0,0,0,0,0,0,0,0,0,0,0,0,0,0,0,0,0,0,-3.39528456835909,0,0,0,0,0,0,0,0,0,3.14977777322769,0,3.69935600322451,0,0,3.05346842637209,2.93493268588067,0,0,0,0,2.57834240747296,0,0,0,0,0,0,0,3.57759105429498,0,0,0,0,0,0,0,0,0,0,0,3.05229966356462,3.01046943243076,0,0,0,0,0,0,0,0,0,0,0,0,0,0,0,0,0,0,0,0,0,0,0,0,0,0,0,0,0,0,0,0,0,0,0,0,0,0,0,0,0,0,0,0,0,0,0,0,0,0,0,0,0,0,0,0,0,0,3.69219524318056,0,2.95254125681814,0,3.32568104332968,0,3.16058295995347,0,0,0,0,0,0,0,0,0,0,0,0,2.83285755716924,0,2.7952032939967,3.61629671134873,4.34550143600803,3.02838767209676,3.6751710137211,4.57607646672411,0,0,2.27503205077274,4.25867096193164,3.25113182134309,0,3.78567221634896,0,2.90232853162312,3.02828793728433,0,3.01081749450114,3.96445943942932,0,0,0,0,0,0,0,0,0,0,0,0,0,0,0,0,0,0,0,2.94112896866312,0,0,0,0,0,0,0,0,0,0,0,0,0,0,0,3.49865141449795,3.09249117002647,0,0
0,0,0,0,0,0,0,0,0,0,0,0,0,0,0,0,0,0,0,0,0,0,0,0,0,0,0,0,0,0,0,0,0,0,0,0,0,0,0,0,0,0,0,0,0,0,0,0,0,0,0,0,-3.07337085003136,0,0,0,0,3.34535957113733,0,0,0,0,2.83246750818105,0,3.00377106268065,0,2.46856557497287,2.89307298277319,2.87388312075179,0,0,0,0,0,0,0,0,0,0,0,0,0,0,0,0,2.32906166503667,0,0,0,0,0,0,0,2.74971550818165,0,0,0,0,0,0,0,0,0,0,0,0,0,0,0,0,0,0,0,0,0,0,0,0,0,0,0,0,0,0,0,0,0,0,0,0,0,0,0,0,0,0,0,0,0,0,0,0,0,0,0,0,0,0,0,0,0,0,0,0,0,0,0,0,0,0,0,0,0,0,0,0,0,0,0,0,0,0,2.76218895497432,0,0,3.13446086561345,3.26456955369586,0,3.0429942883205,3.73592585145732,0,0,0,3.80037364974489,0,0,2.8403353359991,0,0,0,0,0,2.7786064958783,0,0,0,0,2.90648226921975,0,0,0,0,0,0,0,0,0,0,0,0,0,0,0,0,0,0,0,0,0,0,0,3.65366407889566,0,0,0,0,0,0,3.04600789907643,2.72378988418577,0,0
0,0,0,0,0,0,0,0,0,0,-3.00994596633349,0,0,0,0,0,0,0,0,0,0,0,0,0,0,0,0,0,0,0,0,0,0,0,0,0,0,0,0,0,0,0,0,0,0,0,0,0,0,0,0,0,0,0,0,0,0,3.01171556690607,0,0,0,0,0,0,3.21266653346103,0,2.19142710185832,2.52813997115692,3.22442461723696,2.7828240420479,0,0,0,0,2.48168969103279,2.24582587456381,0,0,0,0,0,0,0,0,0,2.29812301945599,0,0,0,0,0,0,0,2.76532568376049,0,0,0,0,0,0,0,0,0,0,0,0,0,0,0,0,0,0,0,0,0,0,0,0,0,0,0,0,0,0,0,0,0,0,0,0,0,0,0,0,0,0,0,0,0,0,0,0,0,0,0,0,0,0,0,0,0,0,0,2.56794833604532,0,0,0,0,0,0,0,0,0,0,0,0,0,0,0,0,0,0,3.12735371237325,0,0,0,2.56325606727294,0,0,3.47972373582245,0,0,0,0,0,0,0,0,0,0,0,0,0,0,0,0,0,0,0,0,0,0,0,0,0,0,0,0,0,0,0,0,0,0,0,0,0,0,0,0,0,0,0,0,0,0,0,0,3.38167050072454,3.04336886193084,2.48022632588805,0
0,0,0,0,0,0,0,0,0,0,0,0,0,0,0,0,0,0,0,0,0,0,0,0,2.72515285053871,0,0,0,0,0,0,0,0,0,0,0,0,0,0,0,0,0,0,0,0,0,0,0,0,0,0,0,0,0,0,0,0,2.89095418163111,0,0,0,0,3.1361581322762,0,2.71641885828248,0,0,0,0,0,0,0,0,0,0,2.85071730149243,0,0,0,0,2.64211910676389,0,0,0,0,0,0,0,0,0,0,0,0,2.40438434209608,0,0,0,0,0,0,0,0,0,0,0,0,0,3.16044954385258,0,0,0,0,0,0,0,0,0,0,0,0,0,0,0,0,0,0,0,0,0,0,0,0,0,0,0,0,0,0,0,0,0,0,0,0,0,0,0,0,0,0,0,0,0,0,0,0,0,0,0,0,0,0,0,0,0,0,0,0,0,0,0,0,0,0,0,0,0,0,0,0,0,0,0,0,0,0,0,0,0,0,0,0,0,0,0,0,0,0,0,0,0,0,0,0,0,0,0,0,0,0,0,0,0,0,0,0,0,0,0,0,0,2.86279293175261,0,0,0,0,0,0,0,0,0,0
0,0,0,0,0,0,0,0,0,0,0,0,0,0,0,0,0,0,0,0,0,0,0,0,0,0,0,0,0,0,0,0,0,0,0,0,0,0,0,0,0,0,0,0,0,0,0,0,0,0,0,0,0,0,0,0,0,0,0,0,0,0,0,0,0,0,0,0,0,0,0,0,0,0,0,0,0,0,0,0,0,0,0,0,0,0,0,0,0,0,0,0,0,0,0,0,0,0,0,0,0,0,0,0,0,0,0,0,0,0,0,0,0,0,0,0,0,0,0,0,0,0,0,0,0,0,0,0,0,0,0,0,0,0,0,0,0,0,0,0,0,0,0,0,0,0,0,0,0,0,0,0,0,0,0,0,0,0,0,0,0,0,0,0,0,0,0,0,3.08872375915933,0,0,0,0,0,0,2.80642349332879,0,0,0,3.5897358614645,0,0,0,0,0,0,0,0,0,0,0,0,2.82944549342021,0,0,0,0,0,0,2.69239104338027,0,0,0,0,0,0,0,0,0,0,0,0,0,0,0,0,0,0,0,0,0,0,0,0,0,0,0,0,3.56556104055254,0,0,0
0,0,0,0,0,0,0,0,0,0,0,0,0,0,0,0,0,0,0,0,0,0,0,0,0,0,0,0,0,0,0,0,0,0,0,0,0,0,0,0,0,0,0,0,0,0,0,0,0,0,0,0,0,0,0,0,0,3.20473773813682,2.36626403159502,0,0,0,4.93267665747851,0,4.62843611685772,0,2.61492267544114,0,0,0,0,0,0,0,0,3.52937839555028,0,0,0,0,0,0,0,0,0,0,0,0,0,3.3873651846877,0,0,0,3.33707885961909,0,0,0,0,2.71842672985136,2.91336692725147,0,0,0,0,0,0,0,0,0,0,0,0,0,0,0,0,0,0,0,0,0,0,0,0,0,0,0,0,0,0,0,0,0,0,0,0,0,0,0,0,0,0,0,0,0,0,0,0,0,0,0,0,0,0,0,0,0,0,0,0,0,0,0,0,0,0,0,0,2.67919958519761,0,0,0,0,0,0,2.78562119336837,0,0,0,3.08451418690783,0,0,0,0,0,0,0,0,0,0,0,0,2.56254393235913,0,0,0,0,0,0,0,0,0,0,0,0,0,0,0,0,0,0,0,3.43819319517966,0,0,0,0,0,0,0,0,0,0,0,0,0,0,0,4.26031292086387,3.34109505016378,0,0
0,0,0,0,0,0,0,0,0,0,0,0,0,0,0,0,0,0,0,0,0,0,2.53753168797574,0,0,0,0,0,0,0,0,0,0,0,0,0,0,0,0,0,0,0,0,0,0,0,0,0,0,0,0,0,0,0,0,0,0,2.79961386812817,0,0,0,0,4.68576380095589,0,3.97589253166923,0,0,2.89179438181192,3.75859471562522,2.95633497968494,0,0,0,0,0,3.28286951671765,0,0,0,0,0,0,0,0,0,0,0,0,0,0,0,0,0,2.99768484848167,0,0,0,0,0,0,0,0,0,0,0,0,0,0,0,0,0,0,0,0,0,0,0,0,0,0,0,0,0,0,0,0,0,0,0,0,0,0,0,0,0,0,0,0,0,0,0,0,0,0,0,0,0,0,0,0,0,0,0,0,0,0,0,0,0,0,0,0,0,0,0,0,0,0,2.70239690924432,0,0,0,0,0,0,3.10411020260163,0,0,2.85230101060281,3.46552814890077,0,0,0,0,3.25934344629536,0,0,0,0,0,0,2.86132267183425,2.47468481315634,0,0,0,0,0,0,0,0,0,0,0,0,0,0,0,0,0,0,0,0,0,0,0,0,0,0,0,0,0,0,0,0,0,0,0,3.52493906297474,0,0,0
0,0,0,0,0,0,0,0,2.85881095548934,0,0,0,0,0,0,0,0,0,0,0,0,0,0,0,0,0,0,0,0,0,0,0,0,0,0,0,0,0,0,0,0,0,0,0,0,0,0,0,0,0,0,0,0,0,0,0,0,0,0,0,2.56166846750016,0,2.80036965845215,0,0,0,0,0,0,0,0,0,0,0,0,3.10992484665595,0,0,2.94764719614396,0,0,0,0,0,0,3.03908635113542,0,0,0,0,0,0,0,2.55484350438643,0,3.90373836801819,0,2.7736996723309,3.2950190205688,3.80749006052829,0,0,0,0,0,0,0,3.07601685687892,0,0,0,0,0,0,0,0,0,0,0,0,0,0,0,0,0,0,0,0,0,0,0,0,0,0,0,0,0,0,0,0,0,0,0,0,0,0,0,0,0,0,0,0,0,0,0,0,0,0,0,0,0,0,0,0,0,0,0,0,3.0724039994875,0,0,0,0,0,0,3.57190302385989,0,0,0,3.48846705449672,0,3.81829609300832,0,0,3.15281625173916,0,0,0,0,2.87060453408396,0,0,0,2.96587535715764,0,0,0,0,0,0,0,0,0,0,0,0,0,0,0,0,0,0,0,0,0,0,0,0,0,0,0,0,0,0,0,0,0,0,0,0,0,0
0,0,0,0,0,0,0,0,0,0,0,0,0,0,0,0,0,0,0,0,0,0,0,0,0,0,0,0,0,0,0,0,0,0,0,0,0,0,0,0,0,0,0,0,0,0,0,0,0,0,0,0,0,0,0,0,0,3.22088681398931,0,0,0,0,0,0,0,0,0,0,0,0,0,0,0,0,0,0,0,0,0,0,0,0,0,0,0,2.41899477388187,0,0,0,0,0,0,0,0,0,0,0,0,0,0,0,0,0,0,0,0,0,0,0,0,0,0,0,0,0,0,0,0,0,0,0,0,0,0,0,0,0,0,0,0,0,0,0,0,0,0,0,0,0,0,0,0,0,0,0,0,0,0,0,0,0,0,0,0,0,0,0,0,0,0,0,0,0,0,0,0,0,0,0,0,0,0,2.71693866044123,0,0,3.00502540759494,0,0,0,4.02238538185021,0,0,0,0,0,0,0,0,0,3.10280650167112,0,3.56550788050842,0,0,0,0,0,0,0,0,0,0,0,0,0,0,0,0,0,0,0,0,0,0,0,0,0,0,0,0,0,0,0,0,0,0,0,0,0,0,0,0
0,0,0,0,0,0,0,0,0,0,0,0,0,0,0,0,0,0,2.9321855770096,0,0,0,3.54336989403666,0,0,0,3.07193654042921,0,0,0,0,0,0,0,0,0,0,0,0,0,0,0,0,0,0,0,0,0,0,0,0,0,0,0,0,0,0,0,0,0,0,0,3.23421734838035,0,2.73105640898814,0,2.17955001081652,2.59989600696709,0,0,3.05927238082108,0,0,0,2.92294413946433,3.71308846664495,0,0,0,0,0,0,0,0,2.8338922019309,2.56263466661417,2.99789969100009,0,2.72349706916803,0,0,0,0,3.16737925738433,2.64642716127846,2.60570271761519,0,0,3.06678695222032,3.2495781751882,0,0,0,0,0,0,0,0,0,0,0,0,0,0,0,0,0,0,0,0,0,3.38480504993667,0,0,0,0,0,0,0,0,0,0,0,0,0,0,0,0,0,0,0,0,0,0,0,0,0,0,0,0,0,0,0,0,0,0,0,0,0,0,0,0,0,0,0,0,0,0,2.95600729756766,0,0,0,0,0,0,3.33648537125273,0,0,0,3.63693138170346,0,0,0,2.95568835894196,3.24584343037322,0,0,0,2.81040147268932,0,0,4.25389433772003,3.07089288140529,0,0,0,2.7713599716402,0,0,0,0,0,0,0,0,0,0,0,0,0,0,0,0,0,0,0,0,0,0,0,0,0,0,0,0,0,0,0,0,0,0,0
0,0,0,0,0,0,0,0,0,0,0,0,0,0,0,0,0,0,0,0,0,0,0,0,0,0,0,0,0,0,0,0,0,0,0,0,0,0,0,0,0,0,0,0,0,0,0,0,0,0,0,0,0,0,0,0,0,0,0,0,0,0,0,0,0,0,2.63585339708569,2.87288496750537,0,0,0,0,2.48438399413757,0,0,0,0,0,0,0,0,0,0,0,0,2.56441263997844,2.98582266789701,0,0,0,0,0,0,2.94525612557843,0,0,0,0,2.27719534443697,2.87574556840119,0,0,0,0,0,0,0,0,0,0,0,0,0,0,0,0,0,0,0,0,0,0,0,0,0,0,0,0,0,0,0,0,0,0,0,0,0,0,0,0,0,0,0,0,0,0,0,0,0,0,0,0,0,0,0,0,0,0,0,0,0,0,0,0,0,0,0,0,0,0,0,0,0,0,0,0,0,0,0,0,0,0,0,3.67427600099622,0,0,0,0,0,3.09224314367732,0,0,3.69186978646872,0,0,0,0,0,0,0,0,0,0,0,0,0,0,0,0,0,0,0,0,0,0,0,0,0,0,0,0,0,0,0,0,0,0,0,0,0,0,0
0,0,0,0,0,0,0,0,2.72191304832834,0,0,0,0,0,0,0,0,0,0,0,0,0,0,0,0,0,0,0,0,0,0,0,0,0,0,0,0,0,0,0,0,0,0,0,0,0,0,0,0,0,0,0,0,0,0,0,0,3.33102536791777,0,0,0,0,0,0,0,0,0,0,0,0,0,0,0,0,0,2.89806629200493,0,0,2.55420101309483,0,0,0,0,0,4.25499711495557,2.89345465503829,0,0,0,0,0,0,0,0,0,0,0,3.02133723083913,4.44314339518135,3.39462291287762,0,0,0,0,0,0,0,0,0,0,0,0,0,0,0,0,0,0,0,0,0,0,0,0,0,0,0,0,0,0,0,0,0,0,0,0,0,0,0,0,0,0,0,0,0,0,0,0,0,0,0,0,0,0,0,0,0,0,0,0,0,0,0,0,0,0,2.58727479607086,0,0,0,0,0,0,0,0,0,0,0,0,3.0715006616388,0,2.94080801215451,0,0,2.81382170355057,0,0,0,0,0,0,0,0,0,2.98089678006197,2.94731695331047,3.12710700507583,0,0,0,3.57316908275987,0,3.30663563035791,4.01995664074305,0,0,0,0,0,0,0,0,0,0,0,0,4.37400272183072,0,3.40888829679018,0,0,0,0,0,0,0,0,0,0,0,4.3653261030635,0
0,0,0,0,0,0,0,0,0,0,0,0,0,3.24871347485672,0,0,0,0,0,0,0,0,0,0,0,0,0,0,0,0,0,0,0,0,0,0,0,0,0,0,0,0,0,0,0,0,0,0,0,0,0,0,0,0,0,0,0,0,0,0,0,0,0,0,0,0,2.179650516585,0,0,0,2.53141486544521,0,0,0,0,0,0,0,2.39972193753727,0,0,0,0,0,3.83458756343876,2.95682778083775,0,0,0,0,0,0,0,0,0,0,0,0,2.96428978031479,0,0,0,0,0,0,0,0,0,0,0,0,0,0,0,0,0,0,0,0,0,0,0,0,0,0,0,0,0,0,0,0,0,0,0,0,0,0,0,0,0,0,0,0,0,0,0,0,0,0,0,0,0,2.09438575148106,0,0,0,0,0,0,0,0,0,0,0,0,0,0,0,0,0,0,0,0,0,0,0,0,0,0,0,0,0,0,0,0,0,0,0,0,2.4885223546934,0,2.41962402951239,0,0,0,0,0,0,0,0,0,0,0,0,0,0,0,0,0,0,0,0,0,0,0,0,0,0,0,0,0,0,0,0,0,0,0,0,0,0,0,0
0,0,0,0,0,0,0,0,0,0,0,0,0,2.90754503462566,0,0,0,0,0,0,0,0,0,0,0,0,0,0,0,0,0,0,0,0,0,0,0,0,0,0,0,0,0,0,0,0,0,0,0,0,0,0,0,0,0,0,0,0,0,0,0,0,3.23280994840203,0,0,0,0,0,3.02328421129338,0,0,0,0,0,3.04780008579039,4.58697196263389,2.60154425507443,0,3.3469721631496,0,0,0,0,0,3.44148913684782,2.85353567229778,0,0,0,3.6520681419706,0,0,0,0,0,3.2325174284996,2.4556850435383,2.77256932740073,3.49547449174215,3.83890902356309,0,0,0,0,0,0,0,0,0,0,0,0,0,0,0,0,0,0,0,0,0,0,0,0,0,0,0,0,0,0,0,0,0,0,0,0,0,0,0,0,0,0,0,0,0,0,0,0,0,0,0,0,0,0,0,0,0,0,2.74359534821677,0,0,0,0,0,0,0,0,0,3.27704848088125,0,0,0,0,0,0,3.97573878698106,0,0,2.68378916004341,3.67236933211812,0,3.12255117972377,0,0,3.50301184955067,2.87485362854815,0,0,2.86003538946302,3.7284058659494,0,3.86439755938503,3.31052468944055,0,2.91129345735236,0,2.93529868673924,0,0,0,0,0,0,0,0,0,0,0,0,0,0,0,0,0,0,0,0,0,0,0,0,0,0,0,0,0,0,0,0,0,0,0
0,0,0,0,0,0,0,0,0,0,0,0,0,3.3392216767801,0,0,0,0,0,0,0,0,0,0,0,0,0,0,0,0,0,0,0,0,0,0,0,0,0,0,0,0,0,0,0,0,0,0,0,0,0,0,0,0,0,0,0,2.5676493248311,0,0,0,4.36880119745817,3.4509926079402,0,0,0,0,0,0,0,0,0,0,0,0,2.73361285633538,0,0,0,0,0,0,0,0,0,0,0,0,2.64185127292844,0,0,0,0,0,3.16868656257218,0,0,0,0,0,0,0,0,0,0,0,0,0,0,0,0,0,0,0,0,0,0,0,0,0,3.30805136228165,0,0,0,0,0,0,0,0,0,0,0,0,0,0,0,0,0,0,0,0,0,0,0,0,0,0,0,0,0,0,0,0,0,0,0,0,0,0,0,0,0,0,0,0,0,0,0,3.31062114073496,0,0,0,0,0,0,0,0,0,0,0,0,0,0,0,0,0,0,0,0,0,0,3.5384646167922,0,0,0,0,0,0,0,0,0,0,0,0,0,0,0,0,0,0,0,0,0,0,0,0,0,0,0,0,0,0,0,0,0,0,0,0,0,0,0,0
0,0,0,0,0,0,0,0,0,0,0,0,0,0,0,0,0,0,0,0,0,0,0,0,0,0,0,0,0,0,0,0,0,0,0,0,0,0,0,0,0,0,0,0,0,0,0,0,0,0,0,0,0,-2.30967126220565,0,0,0,0,0,0,0,0,0,0,0,0,0,0,0,0,0,2.10516234472977,0,0,0,0,0,0,0,0,0,0,0,0,0,0,0,0,0,0,0,0,0,0,0,0,0,0,0,0,0,0,0,0,0,0,0,0,3.10880354112082,3.22205033275343,0,0,0,0,0,0,0,0,0,0,0,0,0,0,0,0,0,0,0,0,0,0,0,0,0,0,0,0,0,0,0,0,0,0,0,0,0,0,0,0,0,0,0,0,0,0,0,0,0,0,0,-2.29490964440203,0,0,0,0,0,0,0,0,0,0,0,0,0,0,0,0,0,2.93324597092123,0,0,0,0,0,3.23913197760477,0,0,0,0,0,0,0,0,3.32961937862314,0,0,0,0,0,0,0,-2.68600287439677,-2.76650904964325,0,0,0,0,0,0,0,0,0,0,2.73752392744122,0,0,0,0,0,0,0,2.75515370407378,0,0,0,0,0,0,0,2.8290416194986,0
0,0,0,0,0,0,0,0,0,0,0,3.21298368832911,0,0,0,0,0,0,0,0,0,0,0,0,0,0,0,0,0,0,0,0,0,0,0,0,0,0,0,0,0,0,0,0,0,0,0,0,0,0,0,0,0,0,-3.40165471874523,0,0,0,0,0,0,0,0,0,0,0,0,0,0,0,0,0,0,0,0,0,0,0,0,0,0,0,0,0,0,0,0,0,0,0,0,0,0,0,0,0,0,0,0,0,0,0,0,0,0,3.15721652515557,0,0,0,0,3.52518657908065,4.11025742395356,0,0,0,0,0,0,0,0,0,0,0,0,0,0,0,0,0,0,0,0,0,0,0,0,0,0,0,0,0,0,0,0,0,0,0,0,0,0,0,0,0,0,0,0,0,0,0,0,-3.11543517932513,0,0,0,0,0,0,0,0,0,0,0,0,0,0,0,0,0,0,0,0,0,0,0,0,0,0,0,0,0,0,0,0,0,0,0,0,0,0,0,0,0,0,0,0,0,0,0,0,0,0,0,0,0,0,0,0,0,0,0,0,0,0,0,0,0,0,0,0,0,0,0
0,0,0,0,0,0,0,0,0,0,0,0,0,-3.03821100447163,0,0,0,0,0,0,0,0,0,0,0,-2.62858995273128,-3.42369039659412,0,-3.24823880396183,-2.80804161117174,0,0,0,0,0,-3.39528456835909,-3.07337085003136,0,0,0,0,0,0,0,0,0,0,0,0,0,0,0,0,0,0,0,0,0,0,0,0,0,0,0,0,0,0,0,0,0,0,0,0,0,0,0,0,0,0,0,0,0,0,0,0,0,0,0,0,0,0,0,0,0,0,0,0,0,0,0,0,-2.15558059507002,0,0,0,0,0,0,0,0,0,0,-2.69559008037487,0,0,-3.15105411248007,0,0,0,0,0,0,0,0,0,0,0,0,0,-3.39933460070717,-3.08264600983701,0,0,0,0,0,0,-3.35776186197973,0,0,0,0,0,0,0,0,0,0,0,0,0,0,0,0,0,0,0,0,0,0,0,0,0,-3.01585239735583,0,0,0,0,0,0,0,0,0,0,0,0,0,0,0,0,0,0,0,0,0,0,0,0,0,0,0,0,0,0,0,-3.31778647530172,0,0,0,0,0,0,0,0,0,0,0,0,0,0,0,0,0,0,0,0,0,0,0,0,0,0,0,0,0,0,0,0,0,0,0,0
0,0,0,0,0,0,0,0,0,0,0,0,0,0,0,0,0,0,0,0,0,0,0,0,0,0,0,0,0,0,0,0,0,0,0,0,0,0,0,0,0,0,0,0,0,0,0,0,0,0,0,0,0,0,0,0,0,0,0,0,0,0,0,0,0,0,0,0,0,0,0,0,0,0,0,0,0,0,0,0,0,0,0,0,0,0,0,0,0,0,0,0,0,0,0,0,0,0,0,0,0,0,0,0,0,0,0,0,0,0,0,0,0,0,0,0,0,0,0,0,0,0,0,0,0,0,0,0,0,0,0,0,0,0,0,0,0,0,0,0,0,0,0,0,0,0,0,0,0,0,0,0,0,0,0,0,0,0,0,0,0,0,0,0,0,0,0,0,0,0,0,0,0,0,0,0,0,0,0,0,0,0,0,0,0,0,0,0,0,0,0,0,0,0,0,0,0,0,0,0,0,0,0,0,0,0,0,0,0,0,0,0,0,0,0,0,0,0,0,0,-4.9498394164854,0,0,0,0,0,0,0,0,0,2.40268071658428,0
0,0,0,0,0,0,0,0,0,0,0,0,0,0,0,0,0,0,0,0,0,0,0,0,0,0,0,0,0,0,0,0,0,0,0,0,0,0,0,0,0,0,0,0,0,0,0,0,0,0,0,-3.40165471874523,0,0,0,0,0,0,0,0,0,0,0,0,0,0,0,0,0,0,0,0,0,0,0,0,0,0,0,0,0,0,0,0,0,0,0,0,0,0,0,0,0,0,0,0,0,0,0,0,0,0,0,0,0,0,0,0,0,0,0,0,0,0,0,0,0,0,0,0,0,0,0,0,0,0,0,0,0,0,-2.15360886606157,0,0,0,0,0,0,0,0,0,0,0,0,0,0,0,0,0,0,0,0,0,0,0,0,0,0,0,0,0,0,0,0,0,0,0,0,0,0,0,0,0,0,0,0,0,0,0,0,0,0,0,0,0,0,0,0,0,0,0,0,0,0,0,0,0,0,0,0,0,0,0,-2.57713761394,0,0,0,0,0,0,0,0,0,3.45709445105494,0,0,0,0,0,0,0,0,0,2.80564119074384,0,0,0,0,0,4.08570959683264,4.82244023702096,0,3.74816701177587
0,0,0,0,0,0,0,0,0,0,0,0,0,0,0,0,0,0,0,0,0,0,0,0,0,0,0,0,0,0,0,0,0,0,0,0,0,0,0,0,0,0,0,0,0,0,0,0,0,0,0,0,0,0,0,0,0,0,0,0,0,0,0,0,0,0,0,0,0,0,0,0,0,0,0,0,0,0,0,0,0,0,0,0,0,0,0,0,0,0,0,0,0,0,0,0,0,0,0,0,0,0,0,0,0,0,0,0,0,0,0,0,0,0,0,0,0,0,0,0,0,0,0,0,0,0,0,0,0,0,0,0,0,0,0,0,0,0,0,0,0,0,0,0,0,0,0,0,0,0,0,0,0,0,0,0,0,0,0,0,0,0,0,0,0,0,0,0,0,0,0,0,0,0,0,0,0,0,0,0,0,0,0,0,0,0,0,0,0,0,0,0,0,0,-2.28267102864161,0,0,0,0,0,0,0,0,0,0,0,0,0,0,0,0,0,0,0,2.61314840415011,0,0,0,0,0,0,0,0,0,0,0,0,0,0,0,0,0
0,0,0,0,0,0,0,0,0,0,0,0,0,0,0,0,0,0,0,0,0,0,0,0,0,0,0,0,0,0,0,0,0,0,0,0,0,0,0,0,0,0,0,0,0,0,0,0,0,0,0,0,0,0,0,0,0,0,0,0,0,0,3.19547148148146,0,0,0,2.80425616367832,0,0,0,0,0,0,0,0,2.88849626610334,0,0,0,0,0,0,0,0,0,0,0,0,0,0,0,0,0,0,0,0,0,0,0,2.18374165057759,0,0,0,0,0,0,0,0,0,0,0,0,0,0,0,0,0,0,0,0,0,0,0,0,0,0,0,0,0,0,0,0,0,0,0,0,0,0,0,0,0,0,0,0,0,0,0,0,0,0,0,0,0,0,0,0,0,0,0,0,0,0,0,0,0,0,0,0,0,0,0,0,0,0,0,0,0,0,0,0,0,0,0,0,0,0,0,0,0,0,0,0,0,0,0,0,0,0,0,0,0,0,0,0,0,0,0,0,0,0,0,0,0,0,0,0,0,0,0,0,0,0,0,0,0,0,0,0,0,0,0,0
0,0,0,0,3.10070531995884,3.16876202010911,4.28365160339066,0,3.37834413515873,0,0,3.99275350778851,0,0,0,0,0,0,0,0,0,0,0,0,2.83402146916769,0,0,0,0,0,3.46377729993775,0,0,0,0,0,3.34535957113732,3.01171556690607,2.89095418163111,0,3.20473773813682,2.79961386812817,0,3.22088681398931,0,0,3.33102536791777,0,0,2.5676493248311,0,0,0,0,0,0,0,0,0,0,0,0,0,0,0,0,0,0,0,0,0,0,3.20921166213937,0,0,0,0,0,0,0,0,0,0,0,0,0,0,0,0,0,0,0,0,0,0,0,0,0,0,0,3.90825935262158,2.64943318245435,0,0,3.25762394294425,4.16783289866123,3.45780085302792,4.59335789415011,0,4.09329532514077,4.51183040486992,4.40816163485513,0,0,0,0,0,0,0,0,0,0,0,0,0,0,0,0,0,0,0,3.37847087097754,0,0,0,0,0,0,2.88626813033853,0,0,3.19662141507619,0,0,0,3.20687878686737,0,3.43819062667129,3.18886906233932,0,3.04434229334266,0,0,0,0,0,0,0,0,0,0,0,0,0,0,0,0,0,0,0,0,0,0,0,0,0,0,0,0,0,4.40217694195844,0,0,0,0,0,0,0,0,0,0,0,0,0,0,4.45897767328529,0,0,0,0,0,0,0,0,0,0,0,0,0,0,0,0,0,0,0,0,0,0,0,0,0,3.82157650436941,0,0,0,0,0,0,0,0,0,0
0,0,0,0,0,0,0,0,0,0,0,0,0,0,0,0,0,0,0,0,3.3331078027951,2.76714344521113,3.28393790969588,0,3.76952527117806,0,0,0,0,0,0,0,0,0,0,0,0,0,0,0,0,0,0,0,0,0,0,0,0,0,0,0,0,0,0,0,0,0,0,0,0,0,0,0,0,0,0,0,0,0,0,0,0,0,0,0,0,0,0,0,0,0,0,0,0,0,0,0,0,0,0,0,0,0,0,0,0,0,2.99082930497652,2.77845285125816,0,0,0,0,0,0,0,3.17770585896066,0,2.77855467978045,2.71340447997331,0,0,2.80169828430748,0,0,0,0,0,0,0,0,0,2.75220762871439,0,0,0,0,0,0,0,0,0,0,0,0,0,0,0,0,0,0,0,0,0,0,0,0,0,0,0,0,2.98499113141073,0,0,0,0,0,0,0,0,0,0,0,0,0,0,0,0,0,0,0,0,0,0,2.81624396320995,0,0,0,0,3.56977383647913,3.20980655228958,0,0,0,0,0,0,0,0,0,0,3.27097201606193,0,2.50867068750858,3.3079378259594,0,0,0,2.86446908298461,0,0,0,0,0,2.96623965829133,0,0,0,0,0,0,2.30079507240781,0,0,0,0,0,0,0,0,3.5396978278977,0,0,0,0,0,0,0,2.97650845536983,0,0
0,0,0,0,0,0,0,0,0,0,0,0,0,0,0,0,0,0,0,0,0,0,0,0,0,0,0,0,0,0,0,0,0,0,0,0,0,0,0,0,0,0,0,0,0,0,0,0,0,0,0,0,0,0,0,0,0,0,0,0,0,0,0,0,0,0,0,0,0,0,0,0,0,0,0,0,0,0,0,0,0,0,0,0,0,2.44455065059264,0,0,0,0,0,0,0,0,0,0,0,0,0,0,0,0,0,0,0,0,0,3.28655688891172,0,0,0,0,0,0,0,0,0,0,0,0,0,0,0,0,0,0,0,0,0,0,0,0,0,0,0,0,0,0,0,0,0,0,0,0,0,0,0,0,0,0,0,0,0,0,0,0,0,0,0,3.09514245658841,0,0,0,0,2.7607855361707,0,0,0,0,0,0,0,0,0,0,2.68706849509901,3.01034580314509,0,0,0,3.21678947181242,0,0,0,0,0,2.75845856752076,0,0,0,0,0,2.87972688088245,0,0,4.13694161153874,0,0,0,0,0,0,0,0,0,0,0,0,0,0,0,0,0,0,0,0,0,0,0,0,0,3.44455719994381,0,0,0,0,0,0,0,2.50786749821024,0,0
0,0,0,0,0,0,0,0,0,0,0,0,0,0,0,0,0,0,0,0,0,0,0,0,3.24174123114133,0,0,0,0,0,0,0,0,0,0,0,0,0,0,0,0,0,2.56166846750016,0,0,0,0,0,0,0,0,0,0,0,0,0,0,0,0,0,0,0,0,0,0,0,0,0,0,0,0,0,0,0,0,0,0,0,0,0,0,0,0,0,2.77251868941215,2.92771195931535,0,0,0,0,0,0,0,0,0,0,0,0,3.4168642178902,3.83370914404703,0,0,0,0,0,0,0,0,0,0,0,0,0,0,0,0,0,0,0,0,0,0,0,0,0,0,0,0,0,0,0,0,0,0,0,0,0,0,0,0,0,0,0,0,0,0,0,0,0,0,0,0,0,0,0,0,0,0,0,0,0,0,0,0,0,0,0,0,0,0,0,0,0,0,0,0,2.69453718642771,0,0,0,0,0,0,0,0,0,0,0,0,0,0,0,3.05594908094442,0,0,0,0,0,0,0,0,0,0,0,0,0,0,0,0,0,0,0,0,0,0,0,0,0,0,0,0,0,0,0,0,0,0,0,0,0,0,0
0,0,0,0,0,0,0,0,0,0,0,0,0,0,0,0,0,0,0,0,0,0,3.12283142728349,0,0,0,0,0,0,0,0,0,0,0,0,0,0,0,0,0,0,0,0,0,0,0,0,0,0,4.36880119745817,0,0,0,0,0,0,0,0,0,0,0,0,4.57107747719811,0,0,0,0,0,0,0,3.45547299080755,0,0,0,0,2.41612391007474,2.99204688427731,0,3.40883014032527,0,0,3.68706311277737,0,0,3.30728296937276,3.35390252051192,0,2.76518247720804,2.6312224532585,4.05716133230539,0,3.3922186857076,0,0,0,0,0,0,3.13643567651415,3.9640520509755,0,0,0,0,0,0,0,0,0,0,0,0,0,0,0,0,0,0,0,0,0,0,0,0,0,0,0,0,0,0,0,0,0,0,0,0,0,0,0,0,0,0,0,0,0,0,0,0,0,0,0,0,0,0,0,2.96921082634718,0,0,0,0,0,0,0,0,0,0,0,0,0,0,0,0,0,0,0,0,0,0,0,0,0,0,0,0,0,0,3.46382101663528,2.81123277218182,2.72058474160512,0,0,2.80132214860422,0,0,0,0,0,0,0,2.90302731198257,0,0,0,0,0,0,0,0,0,0,0,0,0,0,0,0,0,0,0,0,0,0,0,0,0,0,0,0,0,0,0,0
0,0,0,0,0,0,3.13949247647154,0,0,0,0,3.31109887878815,0,0,0,0,0,2.82285091013959,0,0,3.18891605723226,0,0,0,3.72114491061774,0,0,0,0,0,2.97864916497063,0,0,0,3.07392331853778,3.14977777322769,2.83246750818105,0,3.1361581322762,0,4.93267665747851,4.68576380095589,2.80036965845215,0,3.23421734838035,0,0,0,3.23280994840203,3.4509926079402,0,0,0,0,0,0,3.19547148148146,0,0,0,0,4.57107747719811,0,0,0,0,0,0,0,0,0,0,0,0,0,0,0,0,0,0,0,0,0,0,0,0,0,0,0,0,0,0,0,0,0,0,0,0,3.62379765361812,3.26969434936133,0,0,0,0,0,3.34096251304851,0,3.02167562017985,0,0,3.42007285135354,3.90423180386411,0,0,0,0,0,0,0,2.683652594557,0,0,0,0,0,0,0,0,0,0,0,3.64448046852704,0,0,0,0,0,0,0,0,0,0,0,0,3.64588307279248,3.98455731488395,0,3.14344731976905,0,0,0,0,2.60947071640499,0,3.71663698300334,0,0,0,0,0,0,0,0,0,0,0,0,0,0,0,0,0,0,0,0,0,0,0,0,0,0,0,0,0,0,0,0,2.37453023629573,0,0,0,0,0,0,0,0,0,0,4.07174887622747,4.04961871306357,0,0,0,0,0,0,0,0,0,0,0,0,0,0,0,0,0,0,0,0,0,0,0,0,0,0,0,0,0,0,0,0
0,0,0,0,0,0,0,0,0,0,0,0,0,0,0,0,0,0,0,0,0,0,0,0,0,0,0,0,0,0,0,0,0,0,0,0,0,0,0,0,0,0,0,0,0,0,0,0,0,0,0,0,0,0,0,0,0,0,0,0,0,0,0,0,0,0,0,0,0,0,0,0,0,0,0,0,0,0,0,0,0,0,0,0,0,0,0,0,0,0,0,0,0,0,0,0,0,0,2.70066491668598,0,0,0,0,0,0,0,0,0,0,0,0,2.57268369948912,0,0,0,0,0,0,0,0,0,0,0,0,0,0,0,0,0,0,0,0,0,0,0,2.47435311450548,0,0,0,0,0,0,0,0,0,0,0,0,0,0,0,0,0,0,0,0,0,0,0,0,0,0,0,0,0,0,0,0,3.34472612112165,0,0,0,0,0,0,0,0,0,0,2.76229068883349,0,0,0,0,0,0,0,0,0,0,0,0,4.09687327608847,0,0,0,0,0,0,2.88419151157954,0,0,0,0,0,0,0,0,0,0,0,0,0,0,0,0,0,0,0,0,0,0,0,0,0,0,0,0,0,0,0,0
3.12012123678969,0,0,0,2.79084874230257,3.17433143811649,4.05806833028222,3.16974014709292,3.33709504491982,0,0,3.49898448887965,0,0,0,3.49145744538088,0,0,3.19597299094746,0,0,0,3.35968396093904,0,0,0,0,2.7754091456719,0,3.21549358681265,3.21507438124481,0,0,0,3.85040510602706,3.69935600322451,3.00377106268065,3.21266653346103,2.71641885828248,0,4.62843611685772,3.97589253166923,0,0,2.73105640898814,0,0,0,0,0,0,0,0,0,0,0,0,0,0,0,0,0,0,0,0,0,0,0,0,0,0,0,0,0,0,0,0,0,0,0,0,0,0,0,0,0,0,0,0,0,0,0,0,0,0,0,0,0,0,0,4.03076379027668,3.19646582849296,0,0,2.88358038029927,3.30124115513628,2.90963246985627,3.70056869308602,0,3.55845284017957,3.62466483051837,3.93495254275417,0,0,0,0,0,0,0,3.44050475925367,0,0,0,0,0,0,0,0,0,0,0,3.40134208790985,0,0,0,0,0,0,0,0,3.25519768696534,0,0,0,3.79705495388955,0,0,3.33768000297234,0,0,0,0,0,0,0,0,0,0,0,0,0,0,0,0,0,0,0,0,0,0,0,0,0,0,0,0,0,0,0,0,0,0,0,0,0,0,0,0,0,0,0,0,0,0,0,4.10740716275737,0,0,0,0,0,0,0,0,0,0,0,0,0,0,0,0,0,0,0,0,0,0,0,0,0,0,0,0,0,0,0,0,0,0,0,0
0,0,0,0,0,0,0,0,0,0,0,0,0,0,0,0,0,0,0,0,0,0,0,0,0,0,0,0,0,0,0,0,0,0,0,0,0,0,0,0,0,0,0,0,0,0,0,0,0,0,0,0,0,0,0,0,0,0,0,0,0,0,0,0,0,0,0,0,0,0,0,0,0,0,0,0,0,0,0,0,0,0,0,0,0,0,0,0,0,0,0,0,0,0,0,0,0,0,0,0,0,0,0,0,0,0,0,0,0,0,0,0,0,0,0,0,0,0,0,0,0,0,0,0,0,0,0,0,0,0,0,0,0,0,0,0,0,0,0,0,0,0,0,0,0,0,0,0,0,0,0,0,0,0,2.62854014814652,0,0,0,0,0,0,0,0,0,0,0,0,0,0,0,0,0,0,0,0,0,0,0,0,0,0,0,0,0,0,0,0,0,0,0,0,0,3.66807719303439,0,0,0,0,0,0,0,0,0,0,0,0,3.500687392189,3.16994310865458,0,0,0,0,0,0,0,0,0,0,0,0,0,0,4.04701547012278,3.7374315919364,0,0,0,0,0,0,0,0,0
0,0,0,0,0,0,3.30315064976291,0,0,0,0,0,0,0,0,0,0,0,0,0,0,0,0,0,0,0,0,0,0,0,3.3218107324442,0,0,0,3.5892480065239,0,0,0,0,0,2.61492267544114,0,0,0,0,2.63585339708569,0,0,0,0,0,0,0,0,0,0,2.80425616367832,0,0,0,0,0,0,0,0,0,0,0,0,0,0,0,0,0,0,0,0,0,0,0,0,0,0,0,0,0,0,0,0,0,0,2.53198200850064,0,0,0,0,0,0,0,0,0,0,0,0,0,0,0,0,3.26369082211836,0,0,3.52417377372236,0,0,0,0,0,0,0,0,0,0,0,0,0,0,0,0,0,0,0,0,0,0,0,0,2.85519539763264,0,0,0,0,0,0,0,0,3.09512520155912,0,0,0,0,0,0,0,0,0,0,0,0,0,0,0,0,0,0,0,0,0,0,0,0,0,0,0,0,0,0,0,0,0,0,0,0,0,0,0,0,0,0,0,0,0,0,0,0,0,0,0,0,0,0,0,0,0,0,0,0,0,0,0,0,0,0,0,0,0,0,0,0,0,0,0,3.2014371865575,0,0,0,0,0,0,0,0,2.92178709224959,2.96431081405752
0,0,0,0,0,0,3.81903639653196,0,0,0,0,0,0,0,0,0,0,3.043010542099,0,0,0,0,0,0,0,0,0,0,0,0,2.8961660093506,0,0,0,3.1635444376062,3.05346842637209,2.89307298277319,0,0,0,0,2.89179438181192,0,0,2.59989600696709,2.87288496750537,0,0,0,0,0,0,0,0,0,0,0,0,0,0,0,0,0,0,0,0,0,0,0,0,0,0,3.16132343577461,0,0,0,0,0,0,0,0,0,0,0,0,0,0,0,0,0,0,0,0,0,0,0,0,3.82529369567578,0,0,0,0,0,0,0,3.05188335965523,2.84180002893587,3.25193995106222,3.03458762238113,3.02278493449303,3.30964728731376,3.53376206621588,0,0,0,0,0,0,0,0,0,0,0,0,0,0,0,0,0,0,0,0,0,0,0,0,0,0,0,0,0,0,0,0,0,0,0,0,0,0,0,0,0,0,0,0,0,0,0,0,0,0,3.44842753155275,0,0,0,0,0,0,0,0,0,0,0,0,0,0,0,0,0,0,0,0,0,0,0,0,0,0,0,0,0,0,0,0,4.14823816831688,0,0,0,0,3.96807734262685,0,0,0,0,0,0,0,0,0,0,0,0,0,0,0,2.72568510699913,0,0,0,0,0,2.72671317036294,0,0,0,0,0,0,0,0,0
2.77323121064698,0,0,0,0,2.75661453925605,3.14673518143853,0,3.44376046087428,0,0,3.45666903606059,0,0,0,0,0,0,0,0,0,0,0,0,0,0,0,0,0,0,3.26611377939952,0,0,0,2.84163157648709,2.93493268588067,2.87388312075179,3.22442461723696,0,0,0,3.75859471562522,0,0,0,0,0,0,3.02328421129338,0,0,0,0,0,0,0,0,0,0,0,0,0,0,0,0,0,0,0,0,0,0,0,0,0,0,0,0,0,0,0,0,0,0,0,0,0,0,0,0,0,0,0,0,0,0,0,0,0,0,0,3.37403568742683,2.58436699667396,0,0,2.56835967045513,3.30099493319357,0,3.95387429260962,0,4.2778596534456,4.79175148188354,4.34163215622807,0,0,0,0,2.35842718929244,0,0,2.86108138703729,2.37210829178677,0,0,0,0,0,0,0,0,0,0,3.23348571443775,0,0,0,0,0,0,0,0,0,0,0,0,0,0,0,0,0,0,0,0,0,0,0,0,0,0,0,0,0,0,0,0,0,0,0,0,0,0,0,0,0,0,0,0,0,0,0,0,0,0,0,0,0,0,0,0,0,0,0,0,0,0,0,0,0,0,0,0,0,0,0,0,0,0,0,0,0,0,0,0,0,0,0,0,0,0,0,0,0,0,0,0,0,0,0,0,0,0,0,0
0,0,0,0,0,0,2.83645313037366,0,0,0,0,0,0,0,0,0,0,2.80520305747057,0,0,0,0,0,0,0,0,0,0,0,0,2.91079092392632,0,0,0,0,0,0,2.7828240420479,0,0,0,2.95633497968494,0,0,0,0,0,0,0,0,0,0,0,0,0,0,0,0,0,0,0,0,0,0,0,0,0,0,0,0,0,0,0,0,0,0,0,0,0,0,0,0,0,0,0,0,0,0,0,0,0,0,0,0,0,0,0,0,0,2.61323211606995,0,0,0,0,0,0,0,3.70876272869526,0,4.3989660588373,0,3.48274234942286,0,0,0,0,0,0,0,0,0,0,0,0,0,0,0,0,0,0,0,3.15063688653436,0,0,0,0,0,0,0,0,0,0,0,0,0,0,0,0,0,0,0,0,0,0,0,0,0,0,0,0,0,0,0,0,0,0,0,0,0,0,0,0,0,0,0,0,0,0,0,0,0,0,0,0,0,0,0,2.47389333418547,0,0,0,0,0,0,0,0,0,0,0,0,0,0,0,0,0,0,0,0,0,0,0,0,0,0,0,0,0,0,0,0,0,2.82011609716577,3.05976424864827,0,0,0,0,0,0,0,2.58079145543541,3.47754257602126
0,0,0,0,0,0,0,0,0,0,0,0,0,0,0,0,0,0,0,0,0,0,0,0,0,0,0,0,0,0,0,0,0,0,0,0,0,0,0,0,0,0,0,0,3.05927238082108,0,0,2.53141486544521,0,0,0,0,0,0,0,0,0,0,0,0,0,3.45547299080755,0,0,0,0,0,0,0,0,0,0,0,0,0,0,0,0,0,0,0,0,0,0,0,0,0,0,0,0,0,0,0,0,3.36490651307855,0,0,0,3.04243654908858,0,0,0,0,0,0,0,0,0,0,0,0,0,0,0,0,0,0,0,0,0,0,0,0,0,0,0,0,0,0,0,0,0,0,0,0,0,0,0,0,0,0,0,0,0,0,0,0,0,0,0,0,0,0,0,0,0,0,0,0,0,0,0,0,0,0,0,0,0,0,0,0,0,0,0,0,0,0,0,0,0,0,0,0,0,0,0,0,0,0,0,0,0,0,0,0,0,0,0,0,0,0,0,0,0,0,0,0,0,0,0,0,0,0,0,0,0,0,0,0,0,0,0,0,0,0,0,0,0,0,0,0,0
0,0,0,0,0,0,0,0,0,0,0,0,0,0,0,0,0,0,0,0,0,0,0,0,0,0,0,0,0,0,0,0,0,0,0,0,0,0,0,0,0,0,0,0,0,0,0,0,0,0,0,0,0,0,0,0,0,0,0,0,0,0,0,0,0,0,0,0,0,0,0,0,0,0,0,0,0,0,0,0,0,0,0,0,0,0,0,0,0,0,0,0,0,0,0,0,0,0,0,0,0,0,0,0,0,0,0,0,0,0,0,0,0,0,0,0,0,0,0,0,0,0,0,0,0,0,0,0,0,0,0,0,0,0,0,0,0,0,0,0,0,0,0,0,0,0,0,0,0,0,0,0,0,0,0,0,0,0,0,0,0,0,0,0,0,0,0,0,0,0,0,0,0,0,0,0,0,0,0,0,0,0,0,0,0,0,0,0,0,0,0,0,0,-2.16804996752775,0,0,0,0,0,0,0,0,0,0,0,0,0,0,0,0,0,0,0,0,0,0,0,0,0,0,0,0,0,0,0,0,0,0,0,0,0,0
0,0,0,0,0,0,0,0,0,0,0,0,0,0,0,0,0,0,0,0,0,0,0,0,2.58694121122173,0,0,0,0,0,0,0,0,0,0,0,0,0,0,0,0,0,0,0,0,0,0,0,0,0,0,0,0,0,0,0,0,3.20921166213937,0,0,0,0,0,0,0,0,0,3.16132343577461,0,0,0,0,0,0,0,0,0,0,0,0,0,0,0,0,0,0,0,0,0,0,0,0,0,0,0,0,0,0,2.73000640523834,0,0,0,0,0,0,0,0,0,0,0,0,0,0,0,0,0,0,0,0,0,0,0,0,0,0,0,0,0,0,0,0,0,0,0,0,0,0,0,0,0,0,0,0,0,0,0,0,0,0,0,0,0,0,2.13863023835533,0,0,0,0,0,0,0,0,0,0,0,0,0,0,0,0,0,0,0,0,0,0,2.92496066350221,0,0,0,0,0,0,0,0,0,0,0,0,0,0,0,0,0,0,0,0,0,0,0,0,0,0,0,0,0,0,0,0,0,0,0,0,0,0,0,0,0,0,0,0,0,0,0,0,0,0,0,0,0,0,0
0,0,0,0,0,0,0,0,0,0,0,0,0,0,0,0,0,0,0,0,0,0,0,0,0,0,0,0,0,0,0,0,0,0,0,2.57834240747296,0,0,0,0,0,0,0,0,0,0,0,0,0,0,0,0,0,0,0,0,0,0,0,0,0,0,0,0,0,0,0,0,0,0,0,0,0,0,0,0,0,0,0,0,0,0,0,0,0,0,0,0,0,0,0,0,0,0,0,0,0,0,0,0,0,0,0,0,0,0,0,0,0,0,0,0,2.72112176316602,0,0,0,0,0,0,0,0,0,0,0,0,0,0,0,0,0,0,0,0,0,0,0,0,0,0,0,0,0,0,0,0,0,0,0,0,0,0,0,0,0,0,0,0,0,0,0,0,0,0,0,0,0,0,0,0,0,0,0,0,0,0,0,0,0,0,0,0,0,0,0,0,0,0,0,0,0,0,0,0,0,2.40559216931303,0,0,0,0,0,0,0,0,0,0,0,0,0,0,0,0,0,0,0,0,0,0,0,0,0,0,0,0,0,0,0,0,0,0,0,0,0
0,0,0,0,0,0,0,0,0,0,0,0,0,0,0,0,0,0,0,0,0,0,0,0,0,0,0,0,0,0,2.67986820247697,0,0,0,0,0,0,0,0,0,0,0,0,0,2.92294413946432,0,0,0,3.04780008579039,0,0,0,0,0,0,0,0,0,0,0,0,0,0,0,0,0,0,0,0,0,0,0,0,0,0,0,0,0,0,0,0,0,0,0,0,0,0,0,0,0,0,0,0,0,0,0,0,0,0,0,0,0,0,0,0,3.18711020330324,3.26116488132325,0,0,3.5177955440296,0,4.72778574900599,0,0,0,0,0,0,0,0,0,0,0,0,0,0,0,2.88836894377557,0,0,0,0,0,0,0,0,0,0,0,0,0,0,0,0,0,2.80041794745239,0,0,0,0,0,0,0,0,0,0,0,0,0,0,0,-2.4512404482482,0,0,0,0,0,0,0,0,0,0,0,0,0,0,0,0,0,0,0,0,0,0,0,0,0,0,0,0,0,0,0,0,0,0,0,0,0,0,0,0,0,0,0,0,0,0,0,0,0,0,0,0,0,0,0,0,0,0,0,3.01035927999798,0,0,0,0,0,0,0,0,2.63255736507831,3.01196240577759
0,0,0,0,0,0,0,0,0,0,0,3.50745053734467,0,0,0,0,0,0,0,0,0,0,0,0,0,0,0,3.46220527313904,0,0,2.86916969433413,0,0,0,0,0,0,0,2.85071730149243,0,3.52937839555028,3.28286951671765,3.10992484665595,0,3.71308846664495,0,2.89806629200493,0,4.58697196263389,2.73361285633538,0,0,0,0,0,0,2.88849626610334,0,0,0,0,0,0,0,0,0,0,0,0,0,0,0,0,0,0,0,0,0,0,0,0,0,0,0,0,0,2.76282113744753,0,2.93097930372932,0,0,4.37122326096876,0,0,3.71067350299925,0,0,0,0,0,3.07010567838505,2.71379110310115,0,0,3.37883522156533,3.41126480376395,3.16768255704036,0,0,0,4.09266802889454,4.68453428270394,0,3.47236142262843,0,0,0,0,0,0,0,0,0,0,0,0,2.57838834133333,3.39070642604492,0,0,0,0,0,0,0,0,0,0,0,0,3.19334402300042,3.22739973933253,3.06375879754172,0,0,4.15936163685685,2.98088667932439,2.89330332566477,0,3.18007480462244,0,0,0,0,3.86354573059141,2.16004582977009,0,3.66986532618622,0,0,0,0,0,0,0,0,0,0,0,0,0,0,0,0,0,0,0,0,0,0,0,0,0,0,0,0,0,2.82189671217519,0,0,0,0,3.42627145701337,0,0,0,0,0,0,0,0,0,0,0,0,0,0,0,0,0,0,0,0,0,0,2.34300518279949,0,0,0,0,0,4.00545952906471,0,0,0,0,0,0,0,0,2.73266858605263,3.33227702372659
0,0,0,0,0,0,0,0,0,0,0,0,0,0,0,0,0,0,0,0,0,0,0,0,0,0,0,0,0,0,0,0,0,0,0,0,0,0,0,0,0,0,0,0,0,0,0,0,2.60154425507443,0,0,0,0,0,0,0,0,0,0,0,0,2.99204688427731,0,0,0,0,0,0,0,0,0,0,0,0,0,0,0,0,0,0,0,0,0,0,0,0,0,0,0,0,0,0,0,0,0,0,0,0,0,0,0,0,0,0,0,2.77518070654239,0,0,0,0,0,0,0,0,0,0,0,0,0,0,0,0,0,0,0,0,0,0,0,0,0,0,0,0,0,0,0,0,0,0,0,0,0,0,0,0,0,0,0,0,0,0,0,0,0,0,0,0,0,0,0,0,0,0,0,0,0,0,0,0,0,0,0,0,0,0,0,0,0,0,0,0,0,0,0,-2.91161483965417,0,0,0,0,0,0,0,-3.88768113311827,0,0,0,0,0,0,0,0,0,0,0,0,0,0,0,0,0,0,0,0,0,0,0,0,0,0,0,0,0,0,0,0,0,0,0,0,0,0
0,0,0,0,0,0,0,0,0,0,0,0,0,0,0,0,0,0,0,0,0,0,0,0,0,0,0,0,0,0,0,0,0,0,0,0,0,0,0,0,0,0,0,0,0,0,0,0,0,0,0,0,0,0,0,0,0,0,0,0,0,0,0,0,0,0,0,0,0,0,0,0,0,0,0,0,0,0,0,0,0,0,0,0,0,0,0,0,0,0,0,0,0,0,0,0,0,0,0,0,0,0,0,0,0,0,0,0,0,0,0,0,0,0,0,0,0,0,0,0,0,0,0,0,0,0,0,0,0,0,0,0,0,0,0,0,0,0,0,0,0,0,0,0,0,0,0,0,0,0,0,0,0,0,0,0,0,0,0,0,0,0,0,0,0,0,0,0,0,0,0,0,0,0,0,0,0,0,0,0,0,0,0,0,0,0,0,0,0,0,0,0,0,0,0,0,0,0,0,0,0,0,0,0,0,0,0,0,0,0,0,0,0,0,0,0,0,0,0,0,0,0,3.0412426887758,0,0,0,0,0,0,0,0,0
0,0,0,0,0,0,0,0,0,0,0,0,0,0,0,0,0,0,0,0,0,0,0,0,0,0,0,0,0,0,0,0,0,0,0,0,0,0,0,0,0,0,2.94764719614396,0,0,0,2.55420101309483,0,3.3469721631496,0,0,0,0,0,0,0,0,0,0,0,0,3.40883014032527,0,0,0,0,0,0,0,0,0,0,0,0,0,0,0,0,0,0,0,0,0,0,0,0,0,0,0,0,0,0,3.22095420447577,0,0,-3.45871473656535,0,0,0,0,0,0,0,0,0,0,0,0,0,0,0,0,0,0,0,0,0,0,0,0,0,0,0,0,0,0,0,0,0,0,0,0,0,0,0,0,0,0,0,0,0,0,0,0,0,0,0,0,0,0,2.93097728736202,2.83216262245803,0,0,0,0,0,0,0,0,0,0,0,0,0,0,0,0,0,0,0,0,0,0,0,0,0,0,0,0,0,0,0,0,0,-3.75478927029639,0,0,0,0,0,0,0,-3.46167115151755,0,0,0,0,0,0,0,0,0,0,0,0,0,0,0,0,0,0,0,0,0,0,0,0,0,0,0,0,0,0,0,0,0,0,0,0,0,0
0,0,0,0,0,0,0,0,0,0,0,0,0,0,0,0,0,0,0,0,0,0,0,0,0,0,0,0,0,0,0,0,0,0,0,0,0,0,0,0,0,0,0,0,0,0,0,0,0,0,0,0,0,0,0,0,0,0,0,0,0,0,0,0,0,0,0,0,0,0,0,0,0,0,0,0,0,0,0,0,0,0,0,0,0,0,0,0,0,0,0,0,0,0,0,0,0,0,0,0,0,0,0,0,0,3.37055504203737,0,0,0,0,0,0,0,0,0,0,0,0,0,0,0,0,0,0,0,0,0,0,0,0,0,0,0,0,0,0,0,0,0,0,0,0,0,0,0,0,0,0,0,0,0,0,0,0,0,0,0,0,0,0,0,0,0,0,0,0,0,0,0,0,0,0,0,0,0,0,0,0,0,0,0,0,0,0,0,0,0,0,0,0,0,0,0,0,0,0,0,0,0,0,0,0,0,0,0,0,0,0,0,0,0,0,0,0,0,0,0,0,0,0,0,0,0,0,0,0,0,0,0,0,0,0
0,0,0,0,0,0,0,0,0,0,0,0,0,0,0,0,0,0,0,0,0,0,0,0,0,0,0,0,0,0,0,0,0,0,0,0,0,0,2.64211910676389,0,0,0,0,0,0,0,0,0,0,0,0,0,0,0,0,0,0,0,0,0,0,0,0,0,0,0,0,0,0,0,0,0,0,0,0,0,0,0,0,0,0,0,0,0,0,0,0,0,0,0,0,0,3.05118126376966,0,0,0,0,0,0,0,0,0,0,0,0,3.28559914378262,0,0,0,0,0,0,0,0,0,0,0,0,0,0,0,0,0,0,0,0,0,0,0,0,0,0,0,0,0,0,0,0,0,0,0,0,2.89305319225944,0,0,0,0,0,0,0,0,0,0,0,0,0,0,0,0,0,0,0,0,0,0,0,0,0,0,0,0,0,0,0,0,0,0,0,0,0,0,0,0,0,0,0,0,0,0,0,0,0,0,0,0,0,0,0,0,0,0,0,0,0,0,0,0,0,0,0,0,0,0,0,0,0,0,0,0,0,0,0,0,0,0,0,0,0,0,0,0,2.29550321920358
0,0,0,0,0,0,0,0,0,0,0,0,0,2.89283934795084,0,0,0,0,0,0,0,0,0,0,0,0,0,0,0,0,0,0,0,0,0,3.57759105429498,0,0,0,0,0,0,0,0,0,0,0,0,0,0,0,0,0,0,0,0,0,0,0,0,0,3.68706311277737,0,0,0,0,0,0,0,0,0,0,0,0,0,0,0,0,0,0,0,0,0,0,0,0,0,0,0,0,0,0,0,0,0,0,0,0,0,0,0,0,0,0,0,0,0,0,0,0,0,0,0,0,0,0,0,0,0,0,0,0,0,0,0,0,0,0,0,0,0,0,0,0,0,0,3.89114187450371,0,0,0,0,0,0,0,0,0,0,0,0,0,0,0,0,0,0,0,0,0,0,0,0,0,0,0,0,0,0,0,0,0,0,0,0,0,0,0,0,0,0,0,0,0,0,0,0,0,0,0,0,0,0,0,0,0,0,0,0,0,0,0,0,0,0,0,0,0,0,0,0,0,0,0,0,0,0,0,0,0,0,0,0,0,0,0,0,0,0,0,0,0,0,0
0,0,0,0,0,0,0,0,0,0,0,0,0,0,0,0,0,0,0,0,0,0,0,0,0,0,0,0,0,0,0,0,0,0,0,0,0,0,0,0,0,0,0,0,0,0,0,0,0,0,0,0,0,0,0,0,0,0,0,0,0,0,0,0,0,0,0,0,0,0,0,0,0,0,0,0,0,0,0,0,0,0,0,0,-3.49644437051647,0,0,0,0,0,0,0,0,0,0,0,0,0,-3.93878179712396,0,0,0,0,0,0,0,0,0,0,0,0,0,0,0,0,0,0,0,0,0,0,0,0,0,0,0,0,0,0,0,0,0,0,0,0,0,0,0,0,0,0,0,0,0,0,0,0,0,0,0,0,0,0,0,0,2.32313045861083,0,0,0,0,0,0,0,0,0,0,0,0,0,0,0,0,0,2.93562558814882,3.11583800947383,0,0,0,0,0,0,0,0,0,0,0,0,0,0,0,0,0,0,0,0,0,-2.70571479415278,-3.20111789131528,0,0,0,0,0,0,0,0,0,0,0,0,0,0,0,3.24651355175447,0,0,0,0,0,0,0,0,0,0,0,0,0,0,0,3.89718396353102,0,3.21772991537689
0,0,0,0,0,0,0,0,0,0,0,0,0,0,0,0,0,0,0,0,0,0,0,0,0,0,0,0,0,0,0,0,0,0,0,0,0,0,0,0,0,0,0,0,0,0,0,0,0,0,0,0,0,0,0,0,0,0,0,0,0,0,0,0,0,0,0,0,0,0,0,0,0,0,0,0,0,0,0,0,0,0,0,0,0,0,0,0,0,0,0,0,0,0,0,0,0,0,0,0,0,0,0,0,0,0,0,0,0,0,0,0,0,0,0,0,0,0,0,0,0,0,0,0,0,0,0,0,0,0,0,0,0,0,0,0,0,0,0,0,0,0,0,0,0,0,0,0,0,0,0,0,0,0,0,0,0,0,0,0,0,0,0,0,0,0,0,0,0,0,0,0,0,0,0,0,0,0,0,0,0,0,0,0,0,0,0,0,0,0,0,0,0,0,0,0,0,0,0,0,0,0,0,0,0,0,0,0,0,0,0,0,0,0,0,0,0,0,0,0,0,0,0,0,0,0,0,0,0,0,0,2.89792060272712
0,0,0,0,0,0,0,0,0,0,0,0,0,0,0,0,0,0,0,0,0,0,0,0,0,0,0,3.66316817785439,0,0,0,0,0,0,0,0,0,0,0,0,0,0,0,0,2.8338922019309,0,4.25499711495557,3.83458756343876,3.44148913684782,0,0,0,0,0,0,0,0,0,0,0,2.77251868941215,3.30728296937276,0,0,0,0,0,0,0,0,0,0,0,0,0,0,0,0,0,0,0,0,-3.49644437051647,0,0,0,0,0,0,0,0,0,0,0,0,0,0,0,0,0,0,0,0,0,0,0,0,0,0,0,0,0,0,0,0,0,0,0,0,2.26754611799038,0,0,0,0,0,0,0,0,0,0,0,0,0,0,0,0,0,0,0,0,0,0,0,0,0,3.07008451655651,0,0,0,0,3.50116332501891,0,3.20827220158311,0,3.6607292203291,4.10382910272482,0,0,0,0,0,0,0,0,0,0,0,3.03639666467191,0,0,0,0,0,3.61983228095472,3.1432609229544,0,0,0,0,0,0,0,0,0,0,0,0,0,0,0,-3.37318489976574,0,0,0,0,0,0,0,0,0,0,0,0,0,0,0,0,0,0,0,0,0,0,3.07102411218909,0,0,0,0,0,-2.27550708135353,0,0,0,0,0,0,0,0,0,3.00371514546591,0,2.7841834690261
0,0,0,0,0,0,0,0,0,0,0,0,0,0,0,0,0,0,0,0,0,0,0,0,0,0,0,3.4557808396726,0,0,0,0,0,0,2.94224407616938,0,0,0,0,0,0,0,3.03908635113542,0,2.56263466661417,2.56441263997844,2.89345465503829,2.95682778083775,2.85353567229778,0,0,0,0,0,0,0,0,0,0,0,2.92771195931535,3.35390252051192,0,0,0,0,0,0,0,0,0,0,0,0,0,0,0,0,0,0,0,0,0,0,0,0,0,0,0,0,0,0,0,0,0,0,0,0,0,0,0,0,0,0,0,0,0,0,0,0,0,0,0,0,2.22628385704446,0,0,0,0,2.89376615363842,0,0,0,0,0,0,0,0,0,0,0,0,0,0,0,0,0,0,2.54248286465289,0,0,0,0,0,2.85185632831713,2.62964550231007,0,0,2.50808531789299,0,2.51241598280576,0,0,0,0,0,0,0,0,0,0,0,0,0,0,0,0,0,0,0,0,0,0,0,0,0,0,0,0,0,0,0,0,0,0,0,0,0,0,0,0,0,0,0,0,0,0,0,0,0,0,0,0,0,0,0,0,0,0,0,0,0,0,0,0,0,0,0,0,0,0,0,0,0,0,0,0,0,0,0,0,3.31547616715455
0,0,0,0,0,0,0,0,3.05795593922608,0,0,0,2.74243263360548,0,0,0,0,2.82548039559418,2.72241675806769,0,0,0,0,0,0,0,0,3.14774549848645,0,0,0,0,0,0,3.20727026083307,0,0,0,0,0,0,0,0,0,2.99789969100009,2.98582266789701,0,0,0,0,0,0,0,0,0,0,0,0,0,0,0,0,0,0,0,0,0,0,0,0,0,0,0,0,0,2.76282113744753,0,0,0,0,0,0,0,0,0,0,0,0,0,0,0,0,0,0,0,0,0,3.66695546109598,0,0,0,0,0,0,0,0,0,3.28485299075522,0,0,0,0,0,0,3.08039812485733,3.04933945103242,0,0,0,3.85333360936238,0,0,0,0,0,0,0,0,0,0,0,0,0,0,0,0,0,0,0,0,0,0,0,0,0,0,0,0,0,0,2.67548939026469,0,0,0,0,0,0,0,0,0,0,0,0,0,0,0,0,0,0,0,0,0,0,0,0,0,0,0,0,0,0,0,0,0,0,0,0,0,0,0,0,0,0,0,0,4.56551404204443,0,0,0,0,3.88720209511984,0,3.95234252641996,0,0,0,0,0,0,0,0,0,0,2.33403244589948,0,0,4.38000023898295,0,0,0,0,0,2.88989550474396,0,0,0,0,0,0,0,0,3.29750485571531
0,0,0,0,0,0,0,0,0,0,0,0,0,0,0,0,0,0,0,0,0,0,0,0,0,0,0,0,0,0,0,0,0,0,0,0,0,0,0,0,0,0,0,0,0,0,0,0,0,0,0,0,0,0,0,0,0,0,0,0,0,2.76518247720803,0,0,0,0,0,0,0,0,0,0,0,0,0,0,0,0,0,0,0,0,0,0,0,0,0,0,0,0,0,0,0,0,0,0,0,0,0,0,0,0,0,0,0,0,0,0,0,0,0,0,0,0,0,0,0,0,0,0,0,0,0,0,0,0,0,0,0,0,0,0,0,0,0,0,0,0,0,0,0,0,0,0,0,0,0,0,0,0,0,0,0,0,0,2.89243594383175,0,0,0,0,0,0,0,0,0,0,0,0,0,0,0,0,0,0,0,0,0,0,0,0,0,0,0,0,0,0,0,0,0,0,0,0,0,0,0,0,0,0,0,0,0,0,0,0,0,0,0,0,0,0,0,0,0,0,0,0,0,0,0,0,0,0,0,0,0,0,0,0,0,0,0,3.10036844682055
0,0,0,0,0,0,0,0,0,0,0,0,0,0,0,0,0,0,0,0,0,0,0,0,0,0,0,0,0,0,0,0,0,0,0,0,0,0,0,0,0,0,0,0,2.72349706916803,0,0,0,0,2.64185127292844,0,0,0,0,0,0,0,0,0,0,0,2.6312224532585,0,0,0,0,0,0,0,0,0,0,0,0,0,2.93097930372932,0,0,0,0,0,0,0,0,0,0,0,0,0,0,0,0,0,0,0,0,0,0,0,0,0,0,0,0,0,0,0,0,0,0,0,0,0,0,0,0,0,0,0,0,0,0,0,0,0,0,0,0,0,0,0,0,0,0,0,0,2.63362356969781,0,0,0,0,0,0,0,0,0,0,0,0,0,0,0,0,0,0,2.64998224892974,0,0,0,0,0,0,0,0,0,0,0,0,0,0,0,0,0,0,0,0,0,0,0,0,0,0,0,0,0,0,0,0,0,0,0,0,0,0,0,0,0,0,0,0,0,0,0,0,0,0,0,0,0,0,0,0,0,0,0,0,0,0,0,0,0,0,0,0,0,0,0,0,0,0,0,3.14643829493318
0,0,0,0,0,0,0,3.14629845813051,3.64450718787018,0,0,0,0,2.86148194963598,0,2.9422516441769,0,0,0,0,0,0,0,0,0,3.61985764922859,0,2.92983852862192,0,0,0,0,0,0,3.29192939970719,0,0,0,0,0,3.3873651846877,0,0,0,0,0,0,0,3.6520681419706,0,0,0,0,0,0,0,0,0,0,0,0,4.05716133230539,0,0,0,0,0,0,0,0,0,0,0,0,0,0,0,0,0,0,0,0,0,0,0,0,0,0,0,0,0,0,0,0,0,0,0,3.32895908585511,0,0,0,0,0,0,0,0,2.6708808493039,3.73440630974749,3.30782823897342,4.16395193126352,3.55203367372499,0,0,0,0,0,0,0,0,0,0,0,0,0,0,0,0,0,0,0,0,0,0,0,0,0,0,0,0,0,0,0,0,0,0,0,0,0,0,0,0,0,0,0,0,0,0,0,0,0,0,0,0,0,0,0,0,0,0,0,0,0,0,0,0,0,0,0,0,0,0,0,0,0,0,0,0,2.74245276755959,0,0,0,0,0,0,0,3.52949521275354,0,0,0,0,3.19860554711456,0,0,0,0,0,0,0,0,0,0,0,0,0,0,0,3.03157326169544,0,0,0,0,2.91454826358247,0,0,0,0,0,0,0,0,0,0
0,0,0,0,0,0,0,0,3.52593537878406,0,0,0,0,0,0,0,0,0,2.59537102436,0,0,0,0,0,0,0,0,0,0,0,0,0,0,0,3.13611467558606,0,0,0,0,0,0,0,0,0,0,0,0,0,0,0,0,0,0,0,0,0,0,0,0,0,0,0,0,0,0,0,0,0,0,0,0,0,0,0,0,0,0,0,0,0,0,0,0,0,0,0,0,0,0,0,0,0,0,0,0,0,0,0,0,0,0,0,0,0,0,0,0,0,0,0,0,0,0,0,0,0,0,0,0,0,0,0,0,0,0,0,0,0,0,0,0,0,0,0,0,0,0,0,0,0,0,0,0,0,0,0,0,0,0,0,0,0,0,0,0,0,0,0,0,0,0,0,0,0,0,0,0,0,0,0,0,0,0,0,0,0,0,0,0,0,0,0,0,0,0,0,0,0,0,0,0,0,0,0,0,0,0,0,0,0,0,0,0,0,0,0,0,0,0,0,0,0,0,0,0,0,0,0,0,0,0,0,0,0,0,0,0,0,0,0,0,0
0,0,0,0,0,0,0,0,3.34969010966454,0,2.68311240501833,0,0,0,0,0,0,0,0,0,0,0,0,0,0,0,0,0,0,0,0,0,0,0,3.45029489163607,0,0,0,0,0,0,0,0,0,0,0,0,0,0,0,0,0,0,0,0,0,0,0,0,0,0,3.3922186857076,0,0,0,0,2.53198200850064,0,0,0,0,0,0,0,0,4.37122326096877,0,0,0,0,0,0,0,0,0,0,0,0,0,0,0,0,0,0,0,0,3.19031359545288,3.89699492020729,0,0,0,0,0,0,0,0,0,0,0,3.22088390807379,0,0,0,0,0,0,0,0,0,0,0,0,0,0,0,0,0,0,0,0,0,0,0,0,0,0,0,0,0,0,0,0,0,0,0,0,0,0,0,0,0,0,0,0,0,0,0,0,0,0,0,0,0,0,0,0,0,0,0,0,0,0,0,0,2.70292441335545,0,0,0,0,0,0,0,0,0,0,0,0,0,0,0,0,0,0,0,3.68137390617162,0,0,0,0,0,3.06986934586214,0,0,0,0,0,0,0,0,0,0,0,2.66493217509679,0,0,0,0,0,0,0,0,0,0,0,0,0,0,0,2.58714501848285,0,0,2.84310012962881
0,0,0,0,0,0,0,0,0,2.54327370161593,0,0,0,0,0,0,0,0,0,0,0,0,0,0,0,0,0,0,0,0,0,0,0,0,0,0,0,0,0,0,0,0,0,0,0,0,0,0,0,0,0,0,0,0,0,0,0,0,0,0,0,0,0,0,0,0,0,0,0,0,0,0,0,0,0,0,0,0,3.22095420447577,0,3.05118126376966,0,0,0,0,0,0,0,0,0,0,0,0,0,0,0,0,0,0,0,0,0,0,0,0,0,0,0,2.94335741288719,3.2621061804076,0,0,0,0,0,0,0,0,0,0,0,0,0,0,0,0,0,0,0,0,0,0,0,0,0,0,0,0,0,0,0,0,0,0,0,0,0,0,0,0,0,0,0,0,0,0,0,0,0,0,0,0,0,0,0,0,0,0,0,0,0,0,0,0,0,0,0,0,0,0,0,0,0,0,0,0,0,0,0,0,0,0,0,0,0,0,0,0,0,0,0,0,0,0,0,0,0,0,0,0,0,0,0,0,2.82327099593894,0,0,0,0,0,0,0,2.91464220952434,0,0,0,0,0,0,0,3.5039079065039,3.41466206315839
0,0,0,0,0,0,2.94667011786168,0,2.88465791507941,0,0,0,3.06099155541348,0,2.59514987880599,2.96059598952079,0,3.65608535359147,2.93630252412559,0,0,0,0,0,0,0,0,2.89338871230829,0,0,2.66085254083206,0,0,0,3.54454719792426,3.05229966356462,2.74971550818165,2.76532568376049,0,0,3.33707885961909,2.99768484848167,2.55484350438643,0,3.16737925738433,2.94525612557843,0,0,0,0,0,0,0,0,0,0,0,0,0,0,0,0,0,0,0,0,0,0,0,0,0,0,0,0,0,0,0,0,0,0,0,0,0,0,0,0,0,0,0,0,0,0,0,0,0,0,0,0,0,0,0,0,0,0,0,0,0,3.00165991300882,0,3.42028162065876,2.92625515515766,2.80689067584649,0,0,0,0,2.40210936197405,0,0,3.0849428629434,2.73617077416848,0,0,0,0,0,0,0,0,0,0,2.26849188450969,0,0,0,0,0,2.4233328584238,0,0,0,0,0,0,0,0,0,0,0,0,0,0,0,0,0,0,0,0,0,0,0,0,0,0,0,0,0,0,0,0,0,0,0,0,0,0,0,0,0,0,0,0,0,0,0,0,0,0,0,0,0,0,0,0,0,0,0,0,0,0,0,0,0,0,0,0,0,0,0,0,0,0,0,0,0,0,0,0,0,0,0,0,2.71627015713239,0,0,0,0,0,0,0,0,3.05204406308872
0,0,0,0,0,0,2.78583309282274,2.74790148850406,3.57499523711714,0,2.53207083664166,0,0,2.71646630614233,0,2.62450119784369,0,2.89595376462941,0,0,0,0,0,0,0,0,0,0,0,0,0,0,0,0,3.3194055425789,3.01046943243076,0,0,0,0,0,0,0,0,2.64642716127847,0,0,0,0,3.16868656257218,0,0,0,0,0,0,0,0,0,0,0,0,0,0,0,0,0,0,0,0,3.36490651307855,0,0,0,0,3.71067350299925,0,0,0,0,0,0,0,0,0,0,0,0,0,0,0,0,0,0,0,0,2.99071876095803,4.31962302276813,0,0,0,0,0,0,0,0,0,3.04310340445441,2.78538389580754,3.64473450470874,3.13208027994445,0,0,0,0,0,0,0,0,2.73852797461614,0,0,0,0,0,0,0,0,0,0,0,2.37408468383327,0,0,0,0,0,0,0,0,0,0,0,0,0,0,0,0,0,0,0,0,0,0,0,0,0,0,0,0,0,0,0,0,0,0,0,0,0,0,0,0,0,0,0,0,0,0,0,0,0,0,0,0,0,0,0,0,0,0,0,0,0,0,3.9705942753704,3.57565664681631,0,0,0,0,0,0,0,0,0,0,0,0,0,0,0,0,2.37209272542827,0,0,0,0,0,0,0,0,0,0,0,0,0,0,0,3.14161372348747,0,3.02387402397817,3.21023107600284
0,0,0,0,0,0,0,0,0,0,0,0,0,0,0,0,0,0,0,0,0,0,0,0,0,0,0,0,0,0,0,0,0,0,0,0,0,0,0,0,0,0,3.90373836801819,0,2.60570271761519,0,0,0,3.2325174284996,0,0,0,0,0,0,0,0,0,0,0,0,0,0,0,0,0,0,0,0,0,0,0,0,0,0,0,0,0,-3.45871473656535,0,0,0,0,0,0,0,0,0,0,0,0,0,0,0,0,0,-3.36383172181956,-4.39919100039355,0,0,0,0,0,0,0,0,0,0,0,0,0,0,0,0,0,0,0,0,0,0,0,0,0,0,0,0,0,0,0,0,0,0,0,0,0,0,0,0,0,0,0,0,0,0,0,3.17153154694902,0,0,0,0,0,0,0,0,3.24154702108176,0,0,0,-2.56589156793308,0,0,0,0,0,0,0,0,0,0,0,-2.71927660988467,0,0,0,0,0,0,0,0,0,0,0,0,0,0,0,0,0,0,0,0,0,0,-3.5488492980189,-2.63088749107816,0,0,0,0,0,-2.56478399828466,-2.89058973708546,0,0,0,0,0,0,0,0,0,0,0,0,0,0,0,0,0,0,0,0,0,0,0,0,0,0,0,0,0,2.78924058693922
0,0,0,0,0,0,0,0,0,0,0,0,0,0,0,0,0,0,0,0,0,0,0,0,0,0,0,0,0,0,0,0,0,0,0,0,0,0,0,0,0,0,0,0,0,0,0,0,0,0,0,0,0,0,0,0,0,0,0,0,0,0,0,0,0,0,0,0,0,0,0,0,0,0,0,0,0,0,0,0,0,0,0,0,0,0,0,0,0,0,0,3.19031359545288,0,0,2.99071876095803,-3.36383172181956,0,-3.9281486971253,0,0,0,0,0,0,0,0,0,0,0,0,0,0,0,0,0,0,0,0,0,0,0,0,0,0,0,0,0,0,0,0,0,0,0,0,0,0,0,0,0,0,0,0,0,0,0,0,0,0,0,0,0,0,0,0,2.26257734736529,0,0,0,0,0,0,0,-2.69455739410703,0,0,0,0,0,0,0,0,0,0,0,0,0,0,0,0,0,0,0,0,0,0,0,0,0,0,0,0,0,0,-4.39345337061723,-5.02461367365863,-4.23253801955302,0,0,0,0,0,0,0,0,0,0,0,0,0,0,0,0,0,0,0,0,-2.65572443018802,0,0,0,0,0,0,0,0,0,0,0,0,0,0,0
0,0,0,0,0,0,0,0,0,0,0,0,0,0,0,0,0,0,0,0,0,0,0,0,0,0,0,0,0,0,0,0,0,0,0,0,0,0,0,0,0,0,2.7736996723309,0,0,0,3.02133723083913,0,2.77256932740073,0,0,0,0,0,0,0,0,0,0,0,0,0,0,0,0,0,0,3.82529369567578,0,0,0,0,0,0,0,0,0,0,0,0,0,0,0,0,0,0,3.66695546109598,0,0,3.32895908585511,0,3.89699492020729,0,0,4.31962302276813,-4.39919100039355,-3.9281486971253,0,0,0,0,0,0,0,0,0,0,0,0,0,0,0,0,0,0,0,0,0,0,0,0,0,0,0,0,0,0,0,0,0,0,0,0,0,0,0,0,0,0,0,0,0,0,0,0,3.04107059386754,0,0,0,0,0,0,0,3.33267333960509,3.08857537203498,0,0,0,-2.43851732764848,0,0,0,0,0,0,0,0,2.42778542948027,0,0,0,0,0,0,0,0,0,0,0,0,0,0,0,0,0,0,0,0,0,0,0,0,3.33870278621748,-3.43608104482373,-5.00110459222064,-4.87447401681926,0,0,0,0,0,0,0,0,0,0,0,0,0,0,0,0,0,2.62472798687055,0,0,0,0,0,0,0,0,0,0,0,0,0,0,0,2.91272702500885,0,0
0,0,0,0,0,0,0,0,0,0,0,0,0,0,0,0,0,0,0,0,0,0,0,0,0,0,0,3.89658452471293,0,0,0,0,0,0,0,0,0,0,0,0,2.71842672985136,0,3.2950190205688,0,3.06678695222032,0,4.44314339518134,2.96428978031479,3.49547449174215,0,0,0,0,0,0,0,0,0,2.99082930497652,0,3.4168642178902,3.13643567651415,3.62379765361812,2.70066491668598,0,0,0,0,0,0,3.04243654908858,0,2.73000640523834,0,0,0,0,0,0,0,0,0,-3.93878179712396,0,0,0,0,0,0,0,0,0,0,0,0,0,0,0,0,0,0,0,0,0,0,0,0,0,0,0,0,0,0,0,0,0,0,0,0,0,0,0,0,0,0,0,0,0,0,0,0,0,0,0,0,0,0,0,2.76941378083559,0,0,3.22062426121592,3.05881863197183,0,3.49471716286318,3.13763547158123,2.88833987090773,0,2.82059033635599,0,3.8424338133532,0,0,0,3.89897203269529,3.39293920010716,0,0,0,0,0,0,0,0,0,0,3.0536073396052,2.78235871232603,0,0,0,0,0,0,0,0,0,0,0,0,0,0,0,0,0,0,0,0,0,0,-2.7273663659006,0,0,0,0,3.53054792091706,0,0,0,0,0,0,0,0,0,0,0,0,0,0,0,0,0,2.71348996834239,0,0,0,0,0,0,0,0,0,0,0,0,0,0,0,2.81683992646779,0,0
0,0,0,0,0,0,0,0,0,0,0,0,0,0,0,0,0,0,0,0,0,0,0,2.94044911372444,0,2.91612936922872,0,2.73414417430087,0,0,0,0,0,0,3.04264854291992,0,0,0,0,0,2.91336692725147,0,3.80749006052829,0,3.2495781751882,2.87574556840119,3.39462291287762,0,3.83890902356309,0,0,0,0,0,0,0,0,0,2.77845285125816,0,3.83370914404703,3.9640520509755,3.26969434936133,0,0,0,0,0,0,2.61323211606995,0,0,0,0,0,0,0,0,0,0,0,0,0,0,0,0,0,0,0,0,0,0,0,0,0,0,0,0,0,0,0,0,0,0,0,0,0,0,0,0,0,0,0,0,2.28872968309384,0,0,0,0,3.38985032316815,0,0,0,2.93756578029578,0,0,0,0,0,0,0,0,0,0,0,0,0,0,0,0,0,3.49209550602303,0,0,3.48058490849972,3.50807081640137,2.90430792652717,0,0,0,3.05090373294383,3.68141532336404,0,0,0,0,0,0,0,0,0,0,0,0,0,0,0,0,0,0,0,0,0,0,0,0,0,0,0,0,0,0,0,0,0,0,0,0,0,0,0,0,0,0,0,0,0,0,0,0,0,0,0,0,0,0,0,0,0,0,0,0,0,2.65644605126515,0,0,0,0,0,0,0,0,0,0,0,0,0,0,0,2.51880728831892,0,2.35724739227264
0,0,0,0,0,-3.84816379307165,-2.81562446000907,-3.75427951513319,0,0,-2.85925000550068,-3.84844596407179,0,0,0,0,0,0,0,0,0,0,0,0,0,0,0,0,0,0,0,0,0,0,0,0,0,0,0,0,0,0,0,0,0,0,0,0,0,0,0,0,0,0,0,0,0,3.90825935262158,0,0,0,0,0,0,4.03076379027668,0,0,0,3.37403568742683,0,0,0,0,0,0,3.07010567838505,0,0,0,0,0,0,0,0,0,0,0,0,0,0,0,0,0,0,0,0,0,0,0,0,0,-4.31208181479214,0,0,0,0,-3.02113555668746,0,0,0,-2.77963350439012,-6.09989588314375,0,0,0,0,0,0,-2.09604798475833,0,0,0,0,0,0,0,0,0,0,0,0,0,0,0,0,0,0,0,0,0,0,0,0,0,0,0,0,0,0,0,0,0,0,0,0,0,2.26771171548496,0,0,0,0,0,0,0,2.35458663729121,0,0,0,0,0,0,0,0,0,0,0,0,0,0,3.43586763418034,0,0,0,0,0,0,0,0,0,0,0,0,0,0,0,0,0,0,0,0,0,0,0,0,0,0,0,0,0,0,0,0,0,0,2.50936106954979,2.52280498957216,0,0,0,0,0,0,3.45026882728773,0,0,0,0,0,0,3.38336097981092,2.54673201399455,2.4633471893786
-3.15098178257208,0,0,0,-3.16105878818977,-3.12457311011435,0,0,0,0,0,0,0,0,0,0,0,0,0,0,0,0,0,0,0,0,0,0,0,0,0,0,0,0,0,0,0,0,0,0,0,0,0,0,0,0,0,0,0,0,0,0,0,0,0,0,0,2.64943318245435,0,0,0,0,0,0,3.19646582849296,0,0,0,2.58436699667396,0,0,0,0,0,0,2.71379110310115,0,0,0,0,0,0,0,0,0,0,0,0,0,0,0,0,0,0,0,0,0,0,0,0,-4.31208181479215,0,0,0,-3.19925822835419,-3.13930278126299,0,0,0,0,0,-2.81819579182385,0,0,0,0,0,0,0,0,0,0,0,0,0,0,0,0,0,0,0,0,0,0,0,0,0,0,0,0,0,0,0,0,0,0,0,0,0,-2.86227149995053,0,0,0,0,0,0,0,0,0,0,0,0,0,0,0,0,0,0,0,0,0,0,0,0,0,0,0,0,0,3.0663112508927,0,0,0,0,0,0,0,0,0,0,0,0,0,0,0,0,0,0,0,0,0,0,0,0,0,0,0,0,0,0,0,0,0,0,0,0,0,0,0,0,0,0,0,0,0,0,0,0,0,0,0,0
0,0,0,0,0,-3.83309935517286,0,-3.51445080487752,0,0,-3.63359999804443,-5.9905810618097,0,0,0,0,0,0,0,0,0,0,0,0,0,0,0,0,0,0,0,0,0,0,0,0,0,0,0,0,0,0,0,0,0,0,0,0,0,0,0,0,0,0,0,0,0,0,0,0,0,0,0,0,0,0,0,0,0,0,0,0,0,0,0,0,0,0,0,0,0,0,0,0,0,0,0,0,0,0,0,0,0,0,0,0,0,0,0,0,0,0,0,0,0,-4.18124491444669,-3.01627354816643,-2.10892768187291,-2.59074047768432,0,-3.81867889517799,-5.35403198057551,0,0,0,0,0,0,-3.09151256051205,0,0,0,0,0,0,0,0,0,0,0,0,0,0,0,0,0,0,0,0,0,0,0,0,0,0,0,0,0,0,0,0,0,0,0,0,0,0,0,0,0,0,-3.0116268225618,0,0,0,0,0,0,0,0,0,0,0,0,0,0,0,0,0,0,0,0,0,0,0,0,0,0,0,0,0,0,0,0,0,0,0,0,0,0,0,0,0,0,0,0,0,0,0,2.69338403840843,0,0,0,0,3.48774186647355,3.85002261486955,0,0,0,0,0,0,0,0,0,0,0,0,0,0,3.11232887763972,2.81806445864561
0,0,0,0,0,0,0,0,0,0,0,0,0,0,0,0,0,0,0,0,0,0,0,0,0,0,0,0,0,0,0,0,0,0,0,0,0,0,0,0,0,0,0,0,0,0,0,0,0,0,0,0,0,0,0,0,0,0,0,0,0,0,0,0,0,0,0,0,0,0,0,0,0,0,0,0,0,0,0,0,0,0,0,0,0,0,0,0,0,0,0,0,0,0,0,0,0,0,0,0,0,0,0,0,0,0,0,0,0,0,0,0,0,0,0,0,0,0,0,0,0,0,0,0,0,0,0,0,0,0,0,0,0,0,0,0,0,0,0,0,0,0,0,0,0,0,0,0,0,0,0,0,0,0,0,0,0,0,0,0,0,0,0,0,0,0,0,0,0,0,0,0,0,0,0,0,0,0,0,0,0,0,0,0,0,0,0,0,0,0,0,0,0,0,0,0,0,0,0,0,0,0,0,0,0,0,0,0,0,0,0,0,0,0,0,0,0,0,0,0,0,0,0,0,0,0,0,0,0,0,0,0
0,0,0,0,-3.20028067585788,-2.90020946551234,0,0,0,0,0,0,0,0,0,0,0,0,0,0,0,0,0,0,0,0,0,0,0,0,0,0,0,0,0,0,0,0,0,0,0,0,0,0,0,0,0,0,0,0,0,0,0,0,0,0,0,3.25762394294425,0,0,0,0,0,0,2.88358038029927,0,0,0,2.56835967045513,0,0,0,0,0,0,3.37883522156533,0,0,0,0,0,0,0,0,0,0,0,0,0,0,0,0,0,0,0,0,0,0,0,0,0,-3.19925822835419,0,0,0,0,0,0,0,0,0,-3.83304298255216,0,0,0,0,0,0,0,0,0,0,0,0,2.64047030156324,0,0,0,0,0,0,0,0,0,0,0,0,0,0,0,0,0,0,0,0,0,0,0,0,0,0,0,0,0,0,0,0,0,0,0,0,0,0,0,0,0,0,0,2.53505831822946,0,0,0,2.76025899179175,0,0,0,0,0,0,3.02718937219768,0,0,0,0,0,0,0,0,0,0,0,0,0,0,0,2.61743394779768,0,0,0,0,0,0,0,0,0,0,0,0,0,0,0,0,0,0,0,0,0,0,0,0,0,0,0,0,0,0,0,0,0,0,0,0
-2.53831872588939,0,0,-2.64652368976781,0,-2.63707718333164,0,-3.23886859009313,0,0,-3.115440757422,-4.83790330613797,0,0,0,0,0,0,0,0,0,0,0,0,0,0,0,0,0,0,0,0,0,0,0,0,0,0,0,0,0,0,0,0,0,0,0,0,0,0,0,3.15721652515557,0,0,0,0,0,4.16783289866123,0,0,0,0,3.34096251304851,0,3.30124115513628,0,0,3.05188335965523,3.30099493319357,0,0,0,0,0,3.18711020330324,3.41126480376395,2.77518070654239,0,0,3.37055504203737,3.28559914378262,0,0,0,0,0,0,0,0,0,0,0,0,0,0,0,0,0,0,0,0,-3.13930278126299,-4.18124491444669,0,0,0,-2.61600379897845,0,0,0,-2.69827765383633,-4.69107330901983,0,0,0,0,0,0,0,0,0,0,0,0,0,0,0,0,0,0,0,0,0,0,0,0,0,0,0,0,0,0,0,0,0,0,0,0,0,0,0,0,0,0,0,0,0,0,3.12644421520307,0,0,0,0,0,2.58490477719894,0,0,0,2.39991787959423,0,0,0,3.12111838888243,0,0,2.20132552416498,2.58017304841495,0,0,0,0,0,0,0,0,0,0,0,0,0,0,0,0,0,0,0,0,0,0,0,0,0,0,0,0,0,0,0,0,2.36810502853067,0,0,2.13270861893418,0,2.96364305448414,2.59973111460066,0,0,0,0,0,0,0,0,0,0,0,0,0,2.86972378202647,2.77747440229035,0
-3.15532057804045,0,0,0,0,0,0,-3.72404939932544,0,0,-3.07618391348909,-3.14659060852923,0,0,0,0,0,0,0,0,0,0,0,0,0,0,0,0,0,0,0,0,0,0,0,0,0,0,0,0,0,0,0,0,0,0,0,0,0,0,0,0,0,0,0,0,0,3.45780085302792,0,0,0,0,0,0,2.90963246985627,0,0,2.84180002893587,0,0,0,0,0,0,3.26116488132325,3.16768255704036,0,0,0,0,0,0,0,0,0,0,0,0,0,2.6708808493039,0,0,0,0,0,0,0,0,0,0,-3.02113555668746,0,-3.01627354816643,0,0,-2.61600379897845,0,0,0,0,-3.06127120167766,-2.99874713097681,0,0,0,0,0,0,0,0,0,0,0,0,0,0,0,0,0,0,0,0,0,0,0,0,0,0,0,0,0,0,0,0,0,0,0,0,0,0,0,0,0,0,0,0,0,0,0,0,0,0,0,0,2.68251874361561,0,0,0,2.13354347758486,0,0,0,2.23758689984275,0,0,2.23007471624064,2.33996160101887,0,2.18470951198672,2.95098935977628,0,0,0,2.79583843832742,0,0,0,0,0,0,0,0,0,0,0,0,0,0,0,0,0,0,0,0,0,0,0,0,0,0,0,0,0,2.21657256594711,0,0,0,0,0,0,0,0,0,0,0,0,0,0,0,3.04172381802979,0,0
0,0,0,0,0,0,0,0,0,0,0,0,0,0,0,0,0,0,0,0,2.92362683903948,3.11987266282269,0,0,0,0,0,0,0,0,0,0,0,0,0,0,0,0,3.16044954385258,0,0,0,3.07601685687892,0,0,0,0,0,0,0,0,0,0,0,0,0,0,4.59335789415011,3.17770585896066,3.28655688891172,0,0,3.02167562017985,0,3.70056869308602,0,0,3.25193995106222,3.95387429260962,3.70876272869526,0,0,0,0,0,0,0,0,0,0,0,0,0,0,0,0,3.28485299075522,0,0,3.73440630974749,0,0,0,3.00165991300882,3.04310340445441,0,0,0,0,0,0,0,0,0,0,0,0,0,0,0,0,0,0,0,0,0,0,0,0,0,0,0,0,0,3.25537912166805,0,0,2.37953838284978,0,0,0,0,0,0,0,0,0,0,0,0,2.72901114852402,0,0,0,0,0,0,0,0,0,0,0,0,3.58580395628817,2.54380848778469,0,0,0,0,0,0,0,0,0,0,0,0,2.73373542905715,0,0,0,0,0,2.20198357594309,0,2.84878954501224,0,0,0,0,0,0,0,0,0,0,0,0,0,0,0,0,0,0,0,0,0,0,0,0,0,0,0,0,0,0,0,0,0,0,0,0,0,2.52256327574912,0,0,0,0,0,0,0,3.82858484857985,0,0,0,0,0,0,0,3.27965102637238,0,0
0,0,0,0,0,0,0,0,0,0,-2.78746818663274,0,0,0,0,0,0,0,0,0,0,0,0,0,0,0,0,0,0,0,0,0,0,0,0,0,0,0,0,0,0,0,0,0,0,0,0,0,0,0,3.10880354112082,0,0,0,0,0,0,0,0,0,0,0,0,0,0,0,3.26369082211836,3.03458762238113,0,0,0,0,0,0,0,0,0,0,0,0,0,0,0,0,0,0,0,0,0,3.30782823897342,0,0,2.94335741288719,0,2.78538389580754,0,0,0,0,0,0,0,-2.59074047768433,0,0,0,0,0,0,0,-2.64979778395025,0,0,0,0,0,0,0,0,0,0,0,0,0,0,0,0,0,0,0,0,0,0,0,0,0,0,0,0,0,0,0,0,0,0,0,0,0,0,0,0,0,0,2.89253533026244,0,0,0,2.60659705302473,0,0,0,0,0,0,0,0,0,0,0,0,0,0,0,0,0,0,2.89321541060271,0,0,0,0,0,0,0,0,0,0,0,0,2.17757144552347,0,0,2.70400008311204,0,0,0,0,0,0,0,0,0,0,0,0,0,0,0,0,0,0,0,2.0979956996705,0,2.3698638321787,2.30941770278874,0,0,0,0,0,0,0,0,0,0,0,0,0,2.420192473708,2.63670489395368,0
0,0,0,0,0,0,0,0,0,-2.6100952607629,0,0,0,0,0,0,0,0,0,0,0,3.09919332370362,0,0,0,0,0,0,0,0,0,0,0,0,0,0,0,0,0,0,0,0,0,0,0,0,0,0,0,0,3.22205033275343,0,0,0,0,0,0,4.09329532514077,2.77855467978045,0,0,0,0,0,3.55845284017957,0,0,3.02278493449303,4.2778596534456,4.3989660588373,0,0,0,0,3.5177955440296,0,0,0,0,0,0,0,0,0,0,0,0,0,0,4.16395193126352,0,3.22088390807379,3.2621061804076,3.42028162065875,3.64473450470874,0,0,0,0,0,0,0,0,0,0,0,0,0,0,0,0,0,0,0,0,0,0,0,0,0,0,0,0,0,3.19486516502658,0,0,0,0,0,0,0,0,0,0,0,0,0,0,0,0,3.68516165771138,0,0,0,0,0,0,0,0,0,0,0,4.13862812892115,2.65343902003542,0,0,0,0,0,0,0,0,0,0,0,0,2.12793594861384,0,0,0,2.34995914195293,0,0,0,0,3.18021723681593,0,0,0,0,0,0,0,0,0,0,0,0,0,0,0,2.73889990248418,0,0,0,0,0,0,0,0,0,0,0,0,0,0,0,0,0,0,0,2.6000664817542,2.6298065549712,2.8233562709197,2.31017060489116,0,0,0,0,0,0,0,0,0,0,0,0,2.5252546850447,3.66207610250125,3.087669918743,2.9768206969739
-3.24838376364273,0,0,0,0,0,0,-3.0950847713258,0,-2.95655856726085,-3.54248801225733,0,0,0,0,0,0,0,0,0,0,0,0,0,0,0,0,0,0,0,0,0,0,0,0,0,0,0,0,0,0,0,0,0,0,0,0,0,0,0,0,3.52518657908065,0,0,0,0,0,4.51183040486992,2.71340447997331,0,0,0,3.42007285135354,0,3.62466483051837,0,0,3.30964728731376,4.79175148188355,0,0,0,0,0,0,4.09266802889454,0,0,0,0,0,0,0,0,0,0,0,0,0,3.55203367372499,0,0,0,2.92625515515766,3.13208027994445,0,0,0,0,0,-2.77963350439012,0,-3.81867889517799,0,0,-2.69827765383633,-3.06127120167766,0,-2.64979778395025,0,0,0,0,0,0,0,0,0,0,0,0,0,0,0,0,0,0,0,0,0,0,0,0,0,0,0,0,0,0,0,0,0,0,0,0,0,0,0,0,0,0,0,0,0,0,0,0,0,0,0,0,0,0,0,3.27446907082998,0,0,0,0,0,0,0,2.41850548554459,0,0,2.56687153889639,2.71409384547218,0,0,0,0,0,0,0,0,0,0,0,0,0,0,0,0,0,0,0,0,0,0,0,0,0,0,0,0,0,0,0,0,0,0,0,0,0,0,0,0,0,0,0,0,0,0,0,0,0,0,0,0,3.38680874700231,0,0
-4.37836459804655,0,0,-3.87775162467229,-3.14169127562359,-2.95979667526131,0,-3.13592617371996,0,0,0,-4.10535044431624,0,0,0,0,0,0,0,0,0,0,0,0,0,0,0,0,0,0,0,0,0,0,0,0,0,0,0,0,0,0,0,0,0,0,0,0,0,0,0,4.11025742395356,0,0,0,0,0,4.40816163485513,0,0,0,0,3.90423180386411,2.57268369948912,3.93495254275417,0,3.52417377372236,3.53376206621588,4.34163215622807,3.48274234942286,0,0,0,0,4.72778574900599,4.68453428270394,0,0,0,0,0,0,0,0,0,0,0,0,0,0,0,0,0,2.80689067584649,0,0,0,0,0,0,-6.09989588314375,-2.81819579182386,-5.35403198057551,0,-3.83304298255216,-4.69107330901983,-2.99874713097681,0,0,0,0,0,0,0,0,0,0,0,0,0,0,0,0,0,0,0,0,0,0,0,0,0,0,0,0,0,0,0,0,0,0,0,0,0,0,0,0,0,0,0,0,0,0,0,0,0,0,0,0,0,0,0,0,0,3.24511078175773,0,0,0,0,0,0,0,3.6463923142566,0,0,2.17269643320757,2.55922503772189,0,0,3.08513016882324,0,0,0,0,0,0,0,0,0,0,0,0,0,0,0,0,0,0,0,0,0,0,0,0,0,0,0,0,0,0,0,0,0,0,0,0,0,0,0,0,0,0,0,0,0,0,0,0,0,0,0,0
0,0,0,0,0,0,0,0,0,0,0,0,0,0,0,0,0,0,0,0,0,0,0,0,0,0,0,0,0,0,0,0,0,0,0,0,0,0,0,0,0,0,0,0,0,0,0,0,0,0,0,0,-2.69559008037487,0,0,0,0,0,0,0,0,0,0,0,0,0,0,0,0,0,0,0,0,2.72112176316602,0,0,0,0,0,0,0,0,0,0,0,0,0,0,0,0,0,0,0,0,0,0,0,0,0,0,0,0,0,0,0,0,0,0,0,0,0,0,0,0,0,0,0,0,0,0,0,0,0,0,0,0,0,0,0,0,0,0,0,0,0,0,0,0,0,0,0,0,0,0,0,2.65101687469493,0,0,0,0,0,0,0,0,0,3.33470071352566,0,0,0,0,0,0,0,0,0,0,0,0,0,0,0,0,0,0,0,0,0,0,0,0,0,0,2.33692599771275,0,0,0,3.03062197378863,0,0,0,0,0,0,0,0,0,0,0,0,0,0,0,0,0,0,0,0,0,0,0,0,0,0,0,0,0,0,0,0,0,0,0,0,0,0,0,0,0,0,0,0,0
0,0,0,0,0,0,0,0,0,0,0,0,0,0,0,0,0,0,0,0,0,0,0,0,0,0,0,0,0,0,0,0,0,0,0,0,0,0,0,0,0,0,0,0,0,0,0,0,0,0,0,0,0,0,0,0,0,0,2.80169828430748,0,0,0,0,0,0,0,0,0,0,0,0,0,0,0,0,3.47236142262843,0,0,0,0,0,0,0,0,0,0,0,0,0,0,0,0,0,0,0,0,0,0,0,0,0,0,0,0,0,0,0,0,0,0,0,0,0,0,0,0,0,0,0,0,0,0,0,0,0,0,0,0,0,0,0,0,0,0,0,0,0,0,0,0,0,0,0,0,0,0,0,0,0,0,0,0,0,0,0,0,0,0,0,0,0,0,0,0,0,0,0,0,0,0,0,0,0,0,0,0,0,0,0,3.22831429808233,0,2.212802347361,0,0,0,0,0,0,0,0,0,0,0,0,0,0,0,0,0,0,0,0,0,0,0,0,0,0,0,0,0,0,0,0,0,0,0,0,0,0,0,0,0,0,0,0,0,0,0,0,0,0
0,0,0,0,0,0,0,0,0,0,0,0,0,0,0,0,0,0,0,0,0,0,0,0,0,0,0,0,0,0,0,0,0,0,0,0,0,0,0,0,0,0,0,0,0,0,0,0,0,0,0,0,0,0,0,0,0,0,0,0,0,0,0,0,0,0,0,0,0,0,0,0,0,0,0,0,0,0,0,0,0,0,0,0,0,0,3.08039812485733,0,0,0,0,0,0,0,0,0,0,0,0,0,0,0,0,0,0,0,0,0,0,0,0,0,0,0,0,0,0,0,0,0,0,0,0,0,0,0,0,0,0,0,0,0,0,0,0,0,0,0,0,0,0,0,0,0,0,0,0,0,0,0,0,0,0,0,0,0,0,0,0,0,0,0,0,0,0,0,0,0,0,0,0,0,0,0,0,0,0,0,0,0,0,2.52447861018947,0,3.68414994289646,0,0,0,0,0,3.21579802828423,0,0,3.21019290637178,0,0,0,0,0,0,0,0,0,0,0,0,0,0,0,0,0,0,0,0,0,0,0,0,0,0,0,0,0,0,0,0,0,0,0,0,0,0,0
0,0,0,0,0,0,0,0,0,0,0,0,0,0,0,0,0,0,0,0,0,0,0,0,0,0,0,0,0,0,0,0,0,0,0,0,0,0,0,0,0,0,0,0,0,0,0,0,0,0,0,0,-3.15105411248007,0,0,0,0,0,0,0,0,0,0,0,0,0,0,0,0,0,0,0,0,0,0,0,0,0,0,0,0,0,0,0,0,0,3.04933945103242,0,0,0,0,0,0,0,0,0,0,0,0,0,0,0,0,0,0,0,0,0,0,0,0,0,0,0,0,0,0,0,0,0,0,0,0,0,0,0,0,0,0,0,0,0,0,0,0,0,0,0,0,0,0,0,0,0,0,3.29675865135874,0,0,0,0,0,0,0,2.50767154726455,0,0,0,0,0,0,0,0,0,0,0,0,0,3.51058192693351,0,0,0,0,0,0,0,0,0,0,2.68664125678462,0,0,0,0,2.82185344509311,0,0,0,0,0,0,0,0,2.95053210796404,0,0,0,0,0,0,0,0,0,0,0,0,0,0,0,0,0,0,0,0,0,0,0,0,0,-2.35368574099839,0,0,0,0,0,0,0,0,0,0,0,0,0
0,0,0,0,0,0,0,0,0,0,0,0,0,0,0,0,-2.57993705800709,0,0,0,0,0,0,0,0,0,0,0,0,0,0,0,0,0,0,0,0,0,0,0,0,0,0,0,0,0,0,0,0,0,0,0,0,0,0,0,0,0,0,0,0,0,0,0,0,0,0,0,0,0,0,0,0,0,0,0,0,0,0,0,0,0,0,0,0,0,0,0,0,0,0,0,0,0,0,0,0,0,0,0,0,0,0,0,0,0,0,0,0,0,0,0,0,0,0,0,0,0,0,0,0,0,0,0,0,0,0,0,0,0,0,0,0,0,0,0,0,-3.57664584344394,0,-3.22669792791256,0,0,0,0,0,0,0,0,0,0,0,0,0,0,0,0,0,0,0,0,0,0,0,0,0,0,0,0,0,0,0,0,0,0,0,0,0,0,0,0,0,0,0,3.07069012998386,0,0,3.39499398882928,0,0,0,0,0,0,0,0,0,0,0,0,0,0,0,0,0,0,0,0,0,0,0,0,0,0,0,0,0,0,0,0,0,0,0,0,0,0,0,0,0,0,0,0,0
0,0,0,0,0,0,0,0,0,0,0,0,0,0,0,0,0,0,0,0,0,0,0,0,0,0,0,0,0,0,0,0,0,0,0,0,0,0,0,0,0,0,0,0,0,0,0,0,0,0,0,0,0,0,0,0,0,0,0,0,0,0,0,0,0,0,0,0,0,0,0,0,0,0,0,0,0,0,0,0,0,0,0,0,0,0,0,0,0,0,0,0,0,0,0,0,0,0,0,0,0,0,0,0,0,0,0,0,0,0,0,0,0,0,0,0,0,0,0,0,0,0,0,0,0,0,0,0,0,0,0,0,0,0,0,0,0,0,0,0,0,0,0,0,0,0,0,0,0,0,0,0,0,0,0,0,0,0,0,0,0,0,0,0,0,0,0,0,0,0,0,0,0,0,0,0,0,0,0,0,0,0,0,0,0,0,0,0,0,0,0,0,0,0,0,0,0,0,0,0,0,0,0,0,0,0,0,0,0,0,0,0,0,0,0,0,0,0,0,0,0,0,0,0,0,0,0,0,0,0,0,0
0,0,0,0,0,0,0,0,0,0,0,0,0,-3.10715046377418,0,0,-2.8656336189829,0,0,0,0,0,0,0,0,0,0,0,0,0,-2.56482940586773,0,0,0,0,0,0,0,0,0,0,0,0,0,0,0,0,0,0,0,0,0,0,0,0,0,0,0,0,0,0,0,0,0,0,0,0,0,0,0,0,0,0,0,0,0,0,0,0,0,0,0,0,0,0,0,0,0,0,0,0,0,0,0,0,0,0,0,0,0,0,0,-3.09151256051205,0,0,0,0,0,0,0,0,0,0,0,0,0,0,0,0,0,0,0,0,0,0,0,0,0,0,0,0,0,0,0,0,0,0,0,0,0,0,0,0,0,0,0,0,0,0,0,0,0,0,0,0,0,0,0,0,0,0,0,0,0,0,0,0,0,0,0,0,0,0,0,0,0,0,0,0,2.52665140517208,0,0,0,0,0,0,0,0,0,0,0,0,0,0,0,0,0,0,0,0,0,0,0,0,0,0,0,0,0,0,0,0,0,2.75448022339878,0,0,0,0,0,0,0,0,3.18457513881107,0,0,0,0,0,2.64316312834787,2.75236717775178,0,0
0,0,0,0,0,0,0,0,0,0,0,0,0,0,0,0,0,0,0,0,0,0,0,0,0,0,0,0,0,0,0,0,0,0,0,0,0,0,0,0,0,0,0,0,0,0,0,0,0,0,0,0,0,0,0,0,0,0,0,0,0,0,2.683652594557,0,3.44050475925367,0,0,0,2.86108138703729,0,0,0,0,0,0,0,0,0,0,0,0,0,0,0,0,2.89376615363842,3.85333360936238,0,0,0,0,0,0,3.0849428629434,2.73852797461614,0,0,0,0,3.38985032316815,0,0,0,0,0,0,0,0,0,0,0,0,0,0,0,0,0,0,0,0,0,0,0,0,0,0,0,0,0,0,0,0,0,0,0,0,0,0,0,0,0,0,0,0,0,0,0,0,0,0,0,0,0,0,0,0,0,0,0,0,0,0,0,0,0,0,0,0,0,0,0,0,0,0,0,0,0,0,0,0,0,0,0,3.32211162938697,0,0,0,0,0,2.98330236598069,0,2.7240674161762,2.5718725708167,0,0,0,0,3.18028216431208,0,0,0,0,0,0,0,0,0,0,0,0,0,0,0,0,0,0,0,2.1281349261718,0,0,0,0,0,0,0,0,0,0,0,0,0,0
0,0,0,0,0,0,0,0,0,0,0,0,0,0,0,0,0,0,0,0,0,0,0,0,0,0,0,0,0,0,0,0,0,0,0,0,0,0,0,0,0,0,0,0,0,0,0,0,0,3.30805136228165,0,0,0,0,0,0,0,0,0,0,0,0,0,0,0,0,0,0,0,0,0,0,0,0,0,0,0,0,0,0,0,0,0,0,0,0,0,0,0,0,0,0,0,2.73617077416848,0,0,0,0,0,0,0,0,0,0,0,0,0,0,0,0,0,0,0,0,0,0,0,0,0,0,0,0,0,0,0,0,0,0,0,0,0,0,0,0,0,0,0,0,0,0,0,0,0,0,0,2.74461157366487,0,0,0,0,0,0,0,3.39681696550667,0,0,0,0,0,0,0,0,0,0,0,0,0,0,0,0,0,0,0,0,0,0,0,0,0,0,0,0,0,0,0,0,0,0,0,0,0,2.9433906323682,3.79432164111199,0,0,0,0,2.38211157461977,0,0,0,0,-2.40924692894506,0,0,0,0,0,0,0,0,0,0,3.46413188044037,0,0,0,0,0,0,0,0,0,0,0,0,0,0,0,3.29243164685106,0,0
0,0,0,0,0,0,0,0,0,0,0,0,0,0,0,0,0,0,0,0,0,0,0,0,0,0,0,0,0,0,0,0,0,0,0,0,0,0,0,0,0,0,0,0,3.38480504993667,0,0,0,0,0,0,0,0,0,0,0,0,0,0,0,0,0,0,0,0,0,0,0,0,0,0,0,0,0,0,0,0,0,0,0,0,0,0,0,0,0,0,0,0,0,0,0,0,0,0,0,0,0,0,0,0,0,0,0,0,0,0,0,0,0,0,0,0,0,0,0,0,0,0,0,0,0,0,0,0,0,0,0,0,0,0,0,0,0,0,0,0,0,0,0,0,2.89022781761778,0,0,3.63986364726714,3.06394571155477,3.19988234919913,0,0,3.24951615042899,0,0,0,0,0,0,0,0,0,0,0,0,0,0,0,0,0,0,0,0,0,0,0,0,0,0,0,0,0,0,0,0,0,0,0,0,0,0,0,3.01636285884812,0,0,4.1597553382262,0,0,0,0,2.75917430539192,0,0,0,0,0,0,0,0,0,0,0,0,0,0,0,0,0,0,0,0,0,0,0,0,0,0,0,0,0,0,0,0,0,0
0,0,0,0,0,0,0,0,0,0,0,0,0,0,0,0,0,0,0,0,0,0,0,0,0,0,0,0,0,0,0,0,0,0,0,0,0,0,0,0,0,0,0,0,0,0,0,0,0,0,0,0,0,0,0,0,0,0,0,0,0,0,0,0,0,0,0,0,0,0,0,0,0,0,0,0,0,0,0,0,0,0,0,0,0,0,0,0,0,0,0,0,0,0,0,0,0,0,0,0,0,0,0,0,0,0,0,0,0,0,0,0,0,0,0,0,0,0,0,0,0,0,0,0,0,0,0,0,0,0,0,0,0,0,0,0,0,0,0,0,0,0,0,0,0,0,0,0,0,0,0,0,0,0,0,0,0,0,0,0,0,-2.95103248763039,0,0,0,0,0,0,0,0,0,0,0,0,0,0,0,0,0,0,0,0,0,0,0,0,0,0,0,0,0,0,0,0,0,0,0,0,0,0,0,0,0,0,0,0,0,0,0,0,0,0,0,0,0,0,0,0,0,0,0,0,0,0,0,0,0,0,0,0,0,0
0,0,0,0,0,0,0,0,0,0,0,0,0,0,0,0,0,0,0,0,0,0,0,0,0,0,0,0,0,0,0,0,0,0,0,0,0,0,0,0,0,0,0,0,0,0,0,0,0,0,0,0,0,0,0,0,0,0,2.75220762871439,0,0,0,0,0,0,0,0,0,0,0,0,0,0,0,0,0,0,0,0,0,0,0,0,0,0,0,0,0,0,0,0,0,0,0,0,0,0,0,0,2.93756578029578,0,0,0,0,0,0,0,0,0,0,0,0,0,0,0,0,0,0,0,0,0,0,0,0,0,0,0,0,0,0,0,0,0,0,0,0,0,0,2.62234218863875,0,0,0,0,0,0,0,0,0,0,0,0,0,0,0,0,0,0,0,0,0,0,0,0,0,0,0,0,0,0,0,0,0,0,0,0,0,0,0,0,0,0,0,0,0,0,0,0,0,0,0,0,0,0,0,0,0,0,0,0,0,0,0,0,0,0,0,0,0,0,0,0,0,0,0,0,0,0,0,0,0,0,0,0,0,0,0,0,0,0,0,0,0
0,0,0,0,0,0,3.35896478289377,0,0,0,0,0,0,0,0,0,0,0,0,0,0,0,0,0,0,0,0,0,0,0,0,0,0,0,0,0,0,0,0,0,0,0,0,0,0,0,0,0,0,0,0,0,0,0,0,0,0,0,0,0,0,0,0,0,0,0,0,0,0,0,0,0,0,0,0,0,0,0,0,0,0,0,0,0,0,0,0,0,0,0,0,0,0,0,0,0,0,0,0,0,0,0,0,0,2.64047030156324,0,0,3.25537912166805,0,3.19486516502658,0,0,0,0,0,0,0,0,0,0,0,0,0,0,0,0,0,0,0,0,0,2.76510613696002,0,0,0,0,0,0,0,0,0,0,0,0,0,0,0,0,0,0,0,0,0,0,0,0,0,0,0,0,0,0,0,0,0,0,0,2.98746552309853,0,0,0,0,0,0,0,0,0,0,0,0,0,0,0,0,0,0,0,0,0,0,0,0,0,0,0,3.63252863286125,0,0,0,0,0,0,0,0,0,0,0,0,0,0,0,0,0,0,0,0,0,0,0,0,0,3.28939490799896,0,0,0,0,0,0,0,0,0,0
0,0,0,0,0,0,0,0,0,0,0,0,0,0,0,0,0,0,0,0,0,0,0,0,0,0,0,0,0,0,0,0,0,0,0,0,0,0,0,0,0,0,0,0,0,0,0,0,0,0,0,0,0,0,0,0,0,0,0,0,0,0,0,0,0,0,0,0,0,0,0,0,0,0,0,0,0,0,0,0,0,0,0,0,0,0,0,0,0,0,0,0,0,0,0,0,0,0,0,0,0,0,0,0,0,0,0,0,0,0,0,0,0,0,0,0,0,0,0,0,0,0,0,0,0,0,0,0,0,0,0,0,0,0,0,0,0,0,0,0,0,0,0,0,0,0,0,0,0,0,0,0,0,0,0,0,0,0,0,0,0,0,0,0,0,0,0,0,0,0,0,0,0,0,0,0,0,0,0,0,0,0,0,0,0,0,0,0,0,0,0,0,0,0,0,0,0,0,0,0,0,0,0,0,0,0,0,0,0,0,0,0,0,0,0,0,0,0,0,0,0,0,0,0,0,0,0,0,0,0,0,0
0,0,0,0,0,0,0,0,0,0,0,0,0,0,0,0,0,0,0,0,0,0,0,0,0,0,0,0,0,0,0,0,0,0,0,0,0,0,0,0,0,0,0,0,0,0,0,0,0,0,0,0,0,0,0,0,0,0,0,0,0,0,0,0,0,0,0,0,0,0,0,0,0,0,0,2.57838834133333,0,0,0,0,0,0,0,0,0,0,0,0,0,0,0,0,0,0,0,0,0,0,0,0,0,0,0,0,0,0,0,0,0,0,0,0,0,0,0,0,0,0,0,0,0,0,0,0,0,0,0,0,0,0,0,0,0,0,0,0,0,0,0,0,0,0,0,0,0,0,0,0,0,0,0,0,0,0,0,0,0,0,0,0,0,0,0,0,0,0,0,0,0,0,0,0,0,0,0,0,0,0,0,0,0,0,0,3.1972817179917,0,0,0,0,0,0,0,0,0,0,0,0,0,0,0,0,0,0,0,0,0,0,0,0,0,0,0,0,0,0,0,0,0,0,0,0,0,0,0,0,0,0,0,0,0,0,0,0
0,0,0,0,0,0,0,0,0,0,0,0,0,0,0,0,0,0,0,0,0,0,0,0,0,0,0,0,0,0,0,0,0,0,0,0,0,0,0,0,0,0,0,0,0,0,0,0,0,0,0,0,0,0,0,0,0,0,0,0,0,0,0,0,0,0,0,0,0,0,0,0,0,0,2.88836894377557,3.39070642604492,0,0,0,0,0,0,0,0,0,0,0,0,0,0,0,0,0,0,0,0,0,0,0,0,0,0,0,0,0,0,0,0,0,0,0,0,0,0,0,0,0,0,0,0,0,0,0,0,0,0,0,0,0,0,0,0,0,0,0,0,0,0,0,0,0,0,0,0,0,0,0,0,0,0,0,0,0,0,0,0,0,0,0,0,0,0,0,0,0,0,0,0,0,0,0,0,0,0,0,0,0,0,0,3.12825417392707,0,0,0,2.43065334064692,2.60333603283546,0,0,0,0,0,0,0,0,0,0,0,0,0,0,0,0,0,0,0,0,0,0,0,0,0,0,0,0,0,0,0,0,0,0,0,0,0,0,0,0,0,0,0,0,0,0,0
0,0,0,0,0,0,0,0,0,0,0,0,0,0,0,0,0,0,0,0,0,0,0,0,0,0,0,0,0,0,0,0,0,0,0,0,0,0,0,0,0,0,0,0,0,0,0,0,0,0,0,0,0,0,0,0,0,0,0,0,0,0,0,0,0,0,0,0,0,0,0,0,0,0,0,0,0,0,0,0,0,0,0,0,0,0,0,0,0,0,0,0,0,0,0,0,0,0,0,0,0,0,0,0,0,0,0,0,0,0,0,0,0,0,0,0,0,0,0,0,0,0,0,0,0,0,0,0,0,0,0,0,0,0,0,0,0,0,0,0,0,0,0,0,0,0,0,0,0,0,0,0,0,0,0,0,0,0,0,0,0,0,0,0,0,0,0,0,0,0,0,0,0,0,0,0,0,0,0,3.67803337198311,0,0,0,3.49624114849533,0,0,0,0,0,0,0,0,0,0,0,0,0,0,0,0,0,0,0,0,0,0,0,3.18512201822009,0,0,0,0,0,3.26619251617975,0,0,0,0,0,0,0,3.84938723757658,0,3.51444879701427,0,0,0,0,0,0,0,0
0,0,0,0,0,0,0,0,0,0,0,0,0,0,0,0,0,0,0,0,0,0,0,0,0,0,0,0,0,0,0,0,0,0,0,0,0,0,0,0,0,0,0,0,0,0,0,0,0,0,0,0,-3.39933460070717,0,0,0,0,0,0,0,0,0,0,0,0,0,0,0,0,0,0,0,0,0,0,0,0,0,0,0,0,0,0,0,0,0,0,0,0,0,0,0,0,0,0,0,0,0,0,0,0,0,0,0,0,0,0,0,0,0,0,0,0,0,0,0,0,0,0,0,0,0,0,0,0,0,0,0,0,0,0,0,0,0,0,0,0,0,0,0,0,0,0,0,0,0,0,0,0,0,0,0,0,0,0,0,0,0,0,0,0,-3.99571410316659,0,0,0,0,0,0,0,0,0,0,0,0,0,0,0,0,0,0,0,0,0,0,0,0,0,0,0,0,0,0,0,0,0,0,0,0,0,0,0,0,0,-2.88786072021153,0,0,0,0,0,0,0,0,0,3.1572050151652,0,0,0,0,-2.33907148971867,0,0,0,2.9833200711543,2.59219529333242,0,0,0,0,0,2.99700089997832,0,0
0,0,0,0,0,0,0,0,0,0,0,0,0,0,0,0,0,0,0,0,0,0,0,0,0,0,0,0,0,0,0,0,0,0,0,0,0,0,0,0,0,0,0,0,0,0,0,0,0,0,0,0,-3.08264600983701,0,0,0,0,0,0,0,0,0,0,0,0,0,0,0,0,0,0,0,0,0,0,0,0,0,0,0,0,0,0,0,0,0,0,0,0,0,0,0,0,0,0,0,0,0,0,0,0,0,0,0,0,0,0,0,0,0,0,0,0,0,0,0,0,0,0,0,0,0,0,0,0,0,0,0,0,0,0,0,0,0,0,0,0,0,0,0,0,0,0,0,0,0,0,0,0,0,0,0,0,0,0,0,0,0,0,0,0,0,0,0,0,0,0,0,0,0,0,0,0,0,0,0,0,0,0,0,0,0,0,0,0,0,0,0,0,0,0,0,0,0,0,0,0,0,0,0,0,0,0,0,0,0,0,0,0,0,0,0,0,0,0,0,0,0,0,0,0,0,0,0,0,0,0,0,0,0,0,0
0,0,0,0,0,0,0,0,0,0,0,0,0,0,0,0,0,0,0,0,0,0,0,0,0,0,0,0,0,0,0,0,0,0,0,0,0,0,0,0,0,0,0,0,0,0,0,0,0,0,0,0,0,0,0,0,0,3.37847087097754,0,0,0,0,3.64448046852704,0,3.40134208790985,0,0,0,3.23348571443775,3.15063688653436,0,0,0,0,0,0,0,0,0,0,0,0,0,0,0,0,0,0,0,0,0,0,0,0,0,0,0,0,0,0,0,0,0,0,0,0,0,0,0,0,0,0,0,0,0,0,0,0,0,0,0,0,0,0,2.76510613696002,0,0,0,0,0,0,0,0,0,0,0,0,0,0,0,0,0,0,0,0,0,0,0,0,0,0,0,0,0,0,0,0,0,0,0,0,0,0,0,0,0,0,0,0,0,0,0,0,0,0,0,2.91100476091961,0,0,0,0,0,0,0,0,0,0,0,0,0,0,0,0,0,0,0,0,0,0,0,0,0,0,0,0,0,0,0,0,0,0,0,2.21184069858968,0,0,0,0,0,0,0,0,3.27656177480598,0,0,0,0,0,0,0,3.03473256658749,0,0
0,0,0,0,0,0,0,0,0,0,0,0,0,0,0,0,0,0,0,0,0,0,0,0,0,0,0,0,0,0,0,0,0,0,0,0,0,0,0,0,0,0,0,0,0,0,0,0,0,0,0,0,0,0,0,0,0,0,0,0,0,0,0,0,0,0,0,0,0,0,0,0,0,0,0,0,0,0,0,0,0,0,0,0,0,0,0,0,0,0,0,0,0,0,0,0,0,0,0,0,0,0,0,0,0,0,0,0,0,0,0,0,0,0,0,0,0,0,0,0,0,0,0,0,0,0,0,0,0,0,0,0,0,0,0,0,0,0,0,0,0,0,0,0,0,0,0,0,0,0,0,0,0,0,0,0,0,0,0,0,0,0,0,0,0,0,0,0,0,0,0,0,0,0,0,0,0,0,0,0,0,0,0,0,0,0,0,0,0,0,0,0,0,0,0,0,0,0,0,0,0,0,0,0,0,0,0,0,0,0,0,0,0,0,0,0,0,0,0,0,0,3.60107982253773,2.77468946500165,0,0,0,0,0,0,0,0,0
0,0,0,0,0,0,0,0,0,0,0,0,0,0,0,0,0,0,0,0,0,0,0,0,0,0,0,0,0,0,0,0,0,0,0,0,0,0,0,0,0,0,0,0,0,0,0,0,0,0,0,0,0,0,0,0,0,0,0,0,0,0,0,0,0,0,0,0,0,0,0,0,0,0,0,0,0,0,0,0,0,0,0,0,0,0,0,0,0,0,0,0,0,0,0,0,0,0,0,0,0,0,0,0,0,0,0,0,0,0,0,0,0,0,0,0,0,0,0,0,0,0,0,0,0,0,0,0,0,0,0,0,0,0,0,0,0,0,0,0,0,0,0,0,0,0,0,0,0,0,0,0,0,0,0,0,0,0,0,0,0,0,0,0,0,0,0,0,0,0,0,0,0,0,0,0,0,0,0,0,0,0,0,0,0,0,0,0,0,0,0,0,0,0,0,0,0,0,0,0,0,0,0,0,0,0,0,0,0,0,0,0,0,0,0,0,0,0,0,0,0,0,0,0,0,0,0,0,0,0,0,0
0,0,0,0,0,0,0,0,0,0,0,0,0,0,0,0,0,0,0,0,0,0,0,0,0,0,0,0,0,0,0,0,0,0,0,0,0,0,0,0,0,0,0,0,0,0,0,0,0,0,0,0,0,0,0,0,0,0,0,0,0,0,0,0,0,0,0,0,0,0,0,0,0,0,0,0,0,0,0,0,0,0,0,0,0,0,0,0,0,0,0,0,0,0,0,0,0,0,0,0,0,0,0,0,0,0,0,0,0,0,0,0,0,0,0,0,0,0,0,0,0,0,0,0,0,0,0,0,0,0,0,0,0,0,0,0,0,0,0,0,0,0,0,0,0,0,0,0,0,0,0,0,0,0,0,0,0,0,0,0,0,0,0,0,0,0,0,0,0,0,0,0,0,0,0,0,0,0,0,0,0,0,0,0,0,0,0,0,0,0,0,0,0,0,0,3.18869749250949,0,0,0,0,0,0,0,0,0,0,0,0,0,0,0,0,0,0,0,0,0,0,0,0,0,0,0,0,0,0,0,0,0,0,0,0
0,0,0,0,0,0,0,0,0,0,0,0,0,0,0,0,0,0,0,0,0,0,0,0,0,0,0,0,0,0,0,0,0,0,0,0,0,0,0,0,0,0,0,0,0,0,0,0,0,0,0,0,0,0,0,0,0,0,0,0,0,0,0,0,0,0,0,0,0,0,0,0,0,0,0,0,0,0,0,0,0,0,0,0,0,0,0,0,0,0,0,0,0,0,0,0,0,0,0,0,0,0,0,0,0,0,0,0,0,0,0,0,0,0,0,0,0,0,0,0,0,0,0,0,0,0,0,0,0,0,0,0,0,0,0,0,0,0,0,0,0,0,0,0,0,0,0,0,0,0,0,0,0,0,0,0,0,0,0,0,0,0,0,0,0,0,0,0,0,0,0,0,0,0,0,0,0,0,0,0,0,0,0,0,0,0,0,0,0,0,0,0,0,0,0,3.21613187070198,0,0,0,0,0,0,0,0,0,0,0,0,0,0,0,0,0,0,0,0,0,0,0,0,0,3.93227940576785,0,0,0,0,0,0,0,0,0,0
0,0,0,0,0,0,0,0,0,0,0,0,0,0,0,0,0,0,0,0,0,0,0,0,0,0,0,0,0,0,0,0,0,0,0,0,0,0,0,0,0,0,0,0,0,0,0,0,0,0,0,0,0,0,0,0,0,0,0,0,0,0,0,0,0,0,2.85519539763264,0,0,0,0,0,0,0,0,0,0,0,0,0,0,3.89114187450371,0,0,0,0,0,0,2.63362356969781,0,0,0,0,0,0,0,0,0,0,0,0,0,0,0,0,0,0,0,0,0,0,0,0,0,0,0,0,0,0,0,0,0,0,0,0,0,0,0,0,0,0,0,0,0,0,0,0,0,0,0,0,0,0,0,0,0,0,0,0,0,0,0,0,0,0,0,0,0,0,2.90204663289857,0,0,0,0,0,0,0,0,0,0,0,0,0,0,0,2.77741205941931,2.78716522561255,0,0,4.47842158298035,0,0,0,2.92776466591981,3.74487237544451,0,2.99589205274832,0,0,0,0,2.7936076903087,0,0,0,0,0,0,0,0,0,0,0,0,0,0,0,0,0,0,0,0,0,2.85625242030229,0,0,0,0,0,0,0,0,0,0,0,0,0,0,0,3.52215362073148,0,0
0,0,0,0,0,0,0,0,0,0,0,0,0,0,0,0,0,0,0,0,0,0,0,0,0,0,0,0,0,0,0,0,0,0,0,0,0,0,0,0,0,0,0,0,0,0,0,0,0,0,0,0,-3.35776186197973,0,0,0,0,0,0,0,0,0,0,0,0,0,0,0,0,0,0,0,0,0,0,0,0,0,0,0,0,0,0,0,0,0,0,0,0,0,0,0,0,0,0,0,0,0,0,0,0,0,0,0,0,0,0,0,0,0,0,0,0,0,0,0,-3.57664584344395,0,0,0,0,0,0,0,0,0,0,0,0,0,0,0,0,0,0,0,0,0,0,0,0,0,0,0,0,0,0,0,0,0,0,0,0,0,0,0,0,0,0,2.94209826147011,0,0,0,0,0,0,0,0,0,0,0,0,0,0,0,2.84290642195054,0,0,0,3.6273383974601,0,0,0,3.50926951478855,0,0,3.13818196192395,0,0,0,0,0,3.47118609731991,0,0,0,0,0,0,0,0,0,0,0,0,0,0,0,0,0,0,0,0,0,0,0,0,0,0,0,0,0,0,0,0,0,0,0,0,2.95283987919441,0,0
0,0,0,0,0,0,0,0,0,0,0,0,0,0,0,0,0,0,0,0,0,0,0,0,0,0,0,0,0,0,0,0,0,0,0,0,0,0,0,0,0,0,0,0,0,0,0,0,0,0,0,0,0,0,0,0,0,2.88626813033853,0,0,0,0,0,0,0,0,0,0,0,0,0,0,0,0,0,0,0,0,0,0,0,0,0,0,0,2.54248286465289,0,0,0,0,0,0,0,0,0,0,0,0,2.76941378083559,0,0,0,0,0,0,0,0,0,0,0,0,0,0,0,0,0,0,0,0,0,0,0,0,2.62234218863875,0,0,0,0,0,0,0,0,0,0,0,0,0,0,0,0,0,0,0,0,0,0,0,0,0,0,0,0,0,0,0,0,0,0,0,0,0,0,0,0,2.40722135687857,0,0,0,0,0,0,0,3.08108591299777,0,0,3.56392483940712,3.02170231701938,2.78149139493918,0,0,0,0,2.59307983620178,3.47918660593476,0,0,0,0,0,3.08922654673238,0,0,2.79378066374268,0,0,0,0,3.14316012829175,0,0,0,0,0,0,0,0,0,0,0,0,0,0,0,0,0,0,0,0,0,0,2.10020085139228,3.77527678075688,0,0,0,0,0,0,0,3.5589435705569,0,0
0,0,0,0,0,0,0,0,0,0,0,0,0,0,0,0,-3.84771168166292,0,0,0,0,0,0,0,0,0,0,0,0,0,0,0,0,0,0,0,0,0,0,0,0,0,0,0,0,0,0,0,0,0,0,0,0,0,0,0,0,0,0,0,0,0,0,0,0,0,0,0,0,0,0,0,0,0,0,0,0,0,0,0,0,0,0,0,0,0,0,0,0,0,0,0,0,0,0,0,0,0,0,0,0,0,0,0,0,0,0,0,0,0,0,0,0,0,0,0,-3.22669792791256,0,0,0,0,0,0,0,0,0,0,0,0,0,0,0,0,0,0,0,0,0,0,0,0,0,0,0,0,0,0,0,0,0,0,0,0,0,0,0,0,0,0,0,0,0,0,0,0,0,0,0,0,0,0,0,0,0,0,0,0,0,0,0,0,0,0,3.45052089261255,0,0,0,0,0,0,0,0,3.15319931564025,0,0,0,0,0,0,0,0,0,0,0,0,0,0,0,0,0,0,0,2.97732902689187,0,0,0,0,0,0,0,0,0,0,0,0,0,0,0,3.35588143184138,3.2293760389066,0,0
0,0,0,0,0,0,0,0,0,0,0,0,0,0,0,0,0,0,0,0,0,0,0,0,0,0,0,0,0,0,0,0,0,0,0,0,0,0,0,0,0,0,0,0,0,0,0,0,0,0,0,0,0,0,0,0,0,0,0,0,0,0,0,0,3.25519768696534,0,0,0,0,0,0,0,0,0,0,3.19334402300042,0,0,0,0,0,0,0,0,0,0,0,0,0,0,0,0,0,0,0,0,0,0,0,0,0,0,0,0,0,0,0,2.72901114852402,0,0,0,0,0,0,0,0,0,0,0,0,0,0,0,0,0,0,0,0,0,0,0,0,0,0,0,0,0,0,0,0,0,0,0,0,0,0,0,0,0,0,0,0,0,0,0,0,0,0,0,0,0,0,0,0,0,0,0,0,0,0,0,0,0,0,0,0,0,0,0,3.14325928450469,0,0,0,0,0,0,0,0,0,0,0,0,0,0,0,3.3234615507521,0,0,0,0,0,0,0,0,0,0,0,0,0,0,0,0,0,0,0,0,0,2.83561892827487,0,0,0,0,0,0,0,0,0,0,0,0,0,0
0,0,0,0,0,0,0,0,0,0,0,0,0,0,0,0,0,0,0,0,0,0,3.09697895081937,0,0,0,0,0,0,0,0,0,0,0,0,0,0,0,0,0,0,0,0,0,0,0,0,0,0,0,0,0,0,0,0,0,0,3.19662141507619,0,0,0,0,0,0,0,0,0,0,0,0,0,0,0,0,0,3.22739973933253,0,0,0,0,0,0,0,0,0,0,0,0,0,0,0,0,0,0,0,0,0,0,3.22062426121592,3.49209550602303,0,0,0,0,0,0,0,0,0,3.68516165771138,0,0,0,0,0,0,0,0,0,0,0,2.89022781761778,0,0,0,0,0,0,0,0,0,0,0,0,0,0,0,0,0,0,0,0,0,0,0,0,0,0,0,0,0,0,0,0,0,0,0,0,0,0,0,0,0,0,0,0,0,0,2.44884279076515,0,0,0,2.48526085639002,0,0,2.63850498883486,0,0,0,4.48359328418284,0,3.87540906916089,0,2.90480091684623,3.38967072276384,0,0,0,0,0,0,0,0,3.20836028626265,0,3.0233757857219,3.64212358056206,0,0,2.36964262596879,0,0,0,0,0,0,0,0,0,0,0,0,0,0,0,0,0,3.27169226097616,0,0,2.60292306026411,3.66203769241704,0,0,0,0,0,0,0,0,0,0
0,0,0,0,0,0,0,0,0,0,0,0,0,0,0,0,0,0,0,0,0,0,0,0,0,0,0,0,0,0,0,0,0,0,0,0,0,0,0,0,0,0,0,0,0,0,0,0,0,0,0,0,0,0,0,0,0,0,0,0,0,0,0,0,0,0,0,0,0,0,0,0,0,0,0,3.06375879754172,0,0,0,0,2.89305319225944,0,0,0,0,0,0,0,0,0,0,0,0,0,0,0,0,0,3.05881863197183,0,0,0,0,0,0,0,0,0,0,0,0,0,0,0,0,0,0,0,0,0,0,0,0,0,0,0,0,0,0,0,0,0,0,0,0,0,0,0,0,0,0,0,0,0,0,0,0,0,0,0,0,0,0,0,0,0,0,0,0,3.49000521114754,0,0,0,0,0,0,0,0,0,0,0,0,0,0,0,2.97116135200583,0,0,0,3.70202883718454,0,0,0,0,0,0,0,0,0,2.92873766911455,0,0,0,0,0,3.66663841979777,2.55795291428507,0,2.15916211993021,0,0,0,0,0,0,0,0,0,0,0,0,0,0,0,0,0,0,0,0,0,0,0,0,0,0,0,0,0,0,0,0,0
0,0,0,0,0,0,0,0,0,0,0,0,0,0,0,0,0,0,0,0,0,0,0,0,0,0,0,0,0,0,0,0,0,0,0,0,0,0,0,0,0,0,0,0,0,0,0,0,0,0,0,0,0,0,0,0,0,0,0,0,0,0,0,0,0,0,0,0,0,0,0,0,0,0,0,0,0,0,0,0,0,0,0,0,0,0,0,0,0,0,0,0,0,0,0,0,0,0,0,0,0,0,0,0,0,0,0,0,0,0,0,0,0,0,0,0,0,0,0,0,0,0,0,0,0,0,0,0,0,0,0,0,0,0,0,0,0,0,0,0,0,0,0,0,0,0,0,0,0,0,0,0,0,0,0,0,0,0,0,0,0,0,0,0,0,0,0,0,0,0,0,0,0,0,0,0,0,0,0,0,0,0,0,0,0,0,0,0,0,0,0,0,0,0,0,0,0,0,0,0,0,0,0,0,0,0,0,0,0,0,0,0,0,0,0,0,0,0,0,0,0,0,0,0,0,0,0,0,0,0,0,0
0,0,0,0,0,0,0,0,0,0,0,0,0,0,0,0,0,0,0,0,0,0,0,0,0,0,0,0,0,0,0,0,0,0,0,0,0,0,0,0,0,0,0,0,0,0,0,0,0,0,0,0,0,0,0,0,0,0,0,0,0,0,3.64588307279248,0,3.79705495388955,0,0,0,0,0,0,0,0,0,0,0,0,0,0,0,0,0,0,0,0,2.85185632831713,0,0,0,0,0,0,0,0,0,0,0,0,3.49471716286318,3.48058490849972,0,0,0,0,0,0,0,0,0,0,0,0,0,0,0,0,0,0,0,0,0,3.63986364726714,0,0,0,0,0,0,0,0,0,0,0,0,0,0,0,0,0,0,0,0,0,0,0,0,0,0,0,0,0,0,0,0,0,0,0,0,0,0,0,0,0,0,0,0,0,0,0,0,0,0,0,0,0,0,0,0,0,0,0,0,0,0,0,0,0,0,0,0,0,0,2.23199968783088,0,0,0,3.31057641838106,0,0,0,0,0,0,0,0,0,0,0,0,0,0,0,0,0,0,0,0,0,0,0,0,3.17281751740484,0,0,0,0,0,0,0,0,0,0
0,0,0,0,0,0,0,0,0,0,0,0,0,0,0,0,0,0,0,0,0,0,2.54323583158393,0,0,0,0,0,0,0,0,0,0,0,0,0,0,0,0,0,0,0,0,0,0,0,0,0,0,0,0,0,0,0,0,0,0,3.20687878686737,0,0,0,0,3.98455731488395,0,0,0,3.09512520155912,0,0,0,0,0,0,0,2.80041794745239,4.15936163685685,0,0,0,0,0,0,0,0,3.07008451655651,2.62964550231007,0,0,0,0,0,0,0,0,0,3.17153154694902,0,3.04107059386754,3.13763547158123,3.50807081640137,0,0,0,0,0,0,0,0,0,0,0,0,2.65101687469493,0,0,3.29675865135874,0,0,0,0,2.74461157366487,3.06394571155477,0,0,0,0,0,0,0,0,0,0,0,0,0,0,0,0,0,0,0,0,0,0,0,0,0,0,0,0,0,0,0,0,0,0,0,0,0,0,0,0,0,0,2.43648469356757,0,0,0,2.51497685244462,0,0,0,0,0,0,2.93355651565861,0,0,0,4.03876980898815,0,2.40151151633363,0,0,3.22587066590756,2.31519980758069,0,0,0,0,0,2.9730322490955,0,2.74370734734314,2.643261399308,2.85937069989684,3.5185219563984,0,0,0,0,0,0,0,0,0,0,0,0,0,0,-2.37910193689579,0,0,0,0,0,0,0,0,0,0,0,0,0,0,0,0,0,0,0,0
0,0,0,0,0,0,0,0,0,0,0,0,0,0,3.44162290834396,2.79759732041585,0,0,3.01654334461532,0,0,0,3.2479262399051,0,0,0,2.6072454324944,0,0,0,0,0,0,0,0,0,0,0,0,0,0,0,0,0,0,0,0,0,0,0,0,0,0,0,0,0,0,0,0,0,0,0,0,0,0,0,0,0,0,0,0,0,0,0,0,2.98088667932439,0,0,0,0,0,0,0,0,0,0,0,0,0,0,0,0,0,0,0,0,0,0,2.88833987090773,2.90430792652717,0,0,0,0,0,0,0,0,0,0,0,0,0,0,0,0,0,0,0,0,0,3.19988234919913,0,0,0,0,0,0,0,0,0,0,0,0,0,0,0,0,0,0,0,0,0,0,0,0,0,0,0,0,0,0,0,0,0,0,0,0,0,0,0,0,0,0,0,0,0,0,2.36552077783,0,0,0,0,0,0,3.15154415012596,0,0,2.54489556728144,3.67267606148129,0,0,0,0,3.20135473321699,2.5481347827334,0,0,0,2.8661169657637,0,3.52445104688058,0,0,0,0,2.6692288896967,0,0,0,0,0,0,0,0,0,0,0,0,0,0,-2.76238484040548,0,0,0,0,0,0,0,0,0,0,0,0,0,0,0,0,0,2.56775681801921,0,0
0,0,0,0,0,0,0,0,0,0,0,0,0,0,0,0,0,0,0,0,0,0,0,0,0,0,0,0,0,0,0,0,0,0,0,0,0,0,0,0,0,0,0,0,0,0,0,0,0,0,0,0,0,0,0,0,0,3.43819062667129,0,0,0,0,3.14344731976905,0,3.33768000297234,0,0,0,0,0,0,0,0,0,0,2.89330332566477,0,0,0,0,0,0,0,0,0,0,0,0,0,0,0,0,0,0,0,0,0,0,0,0,0,0,0,0,0,0,0,0,0,0,0,0,0,0,0,0,0,0,0,0,0,0,0,0,0,0,0,0,0,0,0,0,0,0,0,0,0,0,0,0,0,0,0,0,0,0,0,0,0,0,0,0,0,0,0,0,0,0,0,0,0,0,0,0,0,0,0,0,0,0,0,0,2.53225058286157,0,0,2.69851254329534,0,0,0,3.52208168691682,0,0,0,3.04499178363165,2.91234197420416,0,0,0,0,0,0,0,0,0,0,0,0,0,0,0,0,0,0,0,0,0,0,0,0,0,0,0,0,0,0,0,0,0,0,0,0,0,3.36720829806995,0,0,0,0,0,0,0,0,0
0,0,0,0,0,0,0,0,0,0,0,0,0,0,0,0,0,0,0,0,0,0,0,0,0,0,0,0,0,0,0,0,0,0,0,0,0,0,0,0,0,0,0,0,0,0,0,0,0,0,0,0,0,0,0,0,0,3.18886906233932,0,0,0,0,0,0,0,0,0,0,0,0,0,0,0,0,0,0,0,0,0,0,0,0,0,0,0,0,0,0,0,0,0,0,0,0,0,0,0,0,2.82059033635599,0,0,0,0,0,0,0,0,0,0,0,0,0,0,0,0,0,0,0,0,0,0,0,0,0,0,0,0,0,0,0,0,0,0,0,0,0,0,0,0,0,0,0,0,0,0,0,0,0,0,0,0,0,0,0,0,0,0,0,0,0,0,0,0,0,0,0,0,0,0,0,0,0,2.58866019114505,0,0,3.25708052809044,0,2.58802543502812,0,3.78050503078968,0,2.93983470338758,0,0,0,3.04209719317525,0,0,0,2.97209392353888,0,3.02525824988283,0,0,0,0,3.14754974934563,0,0,0,0,0,0,0,0,0,0,0,0,0,0,0,0,0,0,0,0,0,0,0,0,0,0,0,0,0,0,0,0,0,0,0
0,0,0,0,0,0,0,0,0,0,0,0,0,0,0,0,0,0,0,0,0,0,0,0,0,0,0,0,0,0,0,0,0,0,0,0,0,0,0,0,0,0,0,0,0,0,0,0,0,0,0,0,0,0,0,0,0,0,0,0,0,0,0,0,0,0,0,0,0,0,0,0,0,0,0,3.18007480462244,0,0,0,0,0,0,0,0,0,0,0,0,0,0,0,0,0,0,0,0,0,0,0,0,0,-2.86227149995053,0,0,0,0,0,0,0,0,0,0,0,0,0,0,0,0,0,0,0,3.24951615042899,0,0,0,0,0,0,0,0,0,0,0,0,0,0,0,0,0,0,0,0,0,0,0,0,0,0,0,0,0,0,0,0,0,0,0,0,3.44193216554507,0,0,0,0,0,0,0,0,0,0,0,0,0,0,0,0,2.51200562672898,0,0,0,0,0,0,0,0,0,0,0,0,0,2.61735473578474,0,0,0,0,0,0,0,0,0,0,0,0,0,0,0,0,0,0,0,0,0,0,0,0,0,0,0,2.75056391193463,0,0,0,0,0,0,0,0,0,0,0,0,0,0
0,0,0,0,0,0,0,0,0,0,0,0,0,0,0,0,0,0,0,0,0,0,0,0,0,0,0,0,0,0,0,0,0,0,0,0,0,0,0,0,0,0,0,0,0,0,0,0,0,0,0,0,0,0,0,0,0,3.04434229334266,0,0,0,0,0,0,0,0,0,0,0,0,0,0,0,0,0,0,0,0,2.93097728736202,0,0,0,0,0,3.50116332501891,0,2.67548939026469,0,0,0,0,0,0,0,0,0,0,0,3.8424338133532,3.05090373294383,0,0,0,0,0,0,0,0,0,0,0,0,0,0,0,0,0,0,0,0,0,0,0,0,0,0,0,0,0,0,0,0,0,0,0,0,0,0,0,0,0,0,0,0,0,0,0,0,0,0,0,0,0,0,0,0,0,0,0,0,0,0,0,0,0,0,2.53732916856368,0,0,0,0,0,0,0,0,2.81957917825622,0,0,0,3.02897960333808,0,3.49985269383196,0,2.61070987153656,3.35177455212997,3.03408030739764,0,0,0,2.66182743441844,0,0,0,2.85251431501572,2.83915107300758,0,3.78271329157017,0,2.69079313626287,0,0,0,0,0,0,0,0,0,0,0,0,0,0,0,0,0,3.31782296131048,0,0,0,0,0,0,0,0,0,0,0,0,0,0,0
0,0,0,0,0,0,2.92800905134709,0,0,0,0,0,0,0,0,0,0,0,0,0,0,0,0,0,0,0,0,0,0,0,0,0,0,0,0,0,0,0,0,0,0,0,0,0,0,0,0,0,0,0,0,0,0,0,0,0,0,0,0,0,0,0,0,0,0,0,0,0,0,0,0,0,0,0,0,0,0,0,2.83216262245803,0,0,0,0,0,0,0,0,0,0,0,0,0,0,0,0,0,0,0,0,3.68141532336404,0,0,0,0,0,0,0,0,0,0,0,0,0,0,0,0,0,0,0,0,0,0,0,0,0,0,0,0,0,0,0,0,0,0,0,0,0,0,0,0,0,0,0,0,0,0,0,0,0,0,0,0,0,0,0,0,0,0,0,0,0,0,0,0,0,0,0,0,2.25410783868039,0,0,0,0,0,0,0,0,0,0,0,0,3.21625089466342,0,0,0,0,0,3.36919110605406,3.58978793710448,0,0,0,0,2.90418423398195,2.16413442327708,2.65628942541747,0,0,0,0,0,0,0,0,0,0,0,0,0,0,0,0,0,0,0,0,0,0,0,0,0,0,0,0,0,0,0,0,0,0,0,0
0,0,0,0,0,0,0,0,0,0,0,0,0,0,0,0,0,0,0,0,0,0,0,0,0,0,0,0,0,0,0,0,0,0,0,0,0,0,0,0,0,0,0,0,0,0,0,0,0,0,0,0,0,0,0,0,0,0,2.98499113141073,0,0,0,2.60947071640499,0,0,0,0,0,0,0,0,0,0,0,0,0,0,0,0,0,0,0,0,0,3.20827220158311,0,0,0,0,0,0,0,0,0,0,0,0,0,0,0,0,0,0,0,0,0,0,0,0,0,0,0,0,0,0,0,0,0,0,0,0,0,0,0,0,0,0,0,0,0,0,0,0,0,0,0,0,0,0,0,0,0,0,0,0,0,0,0,0,0,0,0,0,0,0,0,0,0,0,0,0,0,0,0,0,0,0,0,2.67996227923617,0,0,0,0,0,0,0,2.29164505486374,2.33398950679296,0,0,0,0,0,0,2.70958169449346,0,2.25493089997636,0,3.02571120939647,2.30894683921662,0,2.55793209025468,0,0,2.52156425011686,2.39963128131117,0,0,0,0,0,0,0,0,0,0,0,0,0,0,0,0,0,0,0,0,0,0,0,0,3.49284582936418,0,0,0,0,0,0,0,0,0,0,0
0,0,0,0,0,0,0,2.8305916653157,2.94930604710724,0,0,0,0,4.08632028344477,0,0,0,0,0,0,0,0,0,0,0,0,0,0,0,0,0,0,2.66365969105617,0,3.25127943742589,3.69219524318056,0,2.56794833604532,0,0,0,0,0,0,0,0,0,0,0,0,0,0,0,0,0,0,0,0,0,0,0,0,0,0,0,0,0,0,0,0,0,0,0,0,0,0,0,0,0,0,0,0,0,0,0,0,0,0,0,0,0,0,0,0,0,0,0,3.33267333960509,0,0,0,0,0,0,0,0,0,3.58580395628817,2.89253533026244,4.13862812892115,0,0,0,0,0,0,0,0,0,0,3.39681696550667,0,0,0,0,0,0,0,0,0,0,0,0,0,0,0,0,0,0,0,0,0,0,0,0,0,0,0,0,0,0,0,0,0,0,0,0,0,0,0,0,0,0,0,0,0,0,0,0,0,0,0,0,0,0,0,0,0,0,0,0,0,0,0,0,0,0,0,0,0,0,0,0,0,2.1184995078896,0,0,0,0,0,0,0,0,0,0,0,0,0,0,0,0,0,0,0,0,0,0,0,0,0,0,0,0,0,0,0,0,0,0,0,0,0
0,0,0,0,0,0,0,0,2.82737609620323,0,0,0,0,3.03025129506804,0,0,0,0,0,0,0,0,2.73282782594478,0,0,0,0,0,0,0,0,0,0,0,0,0,0,0,0,0,0,0,0,0,0,0,0,0,0,0,0,0,0,0,0,0,0,0,0,0,0,0,3.71663698300334,0,0,2.62854014814652,0,0,0,0,0,0,0,0,0,3.86354573059141,0,0,0,0,0,0,0,0,3.6607292203291,0,0,0,0,0,0,0,0,0,0,3.24154702108176,0,3.08857537203498,3.8989720326953,0,0,0,0,0,0,0,0,2.54380848778469,0,2.65343902003542,0,0,0,0,0,0,0,0,0,0,0,0,0,0,0,0,0,0,0,0,0,0,0,0,0,0,0,0,0,0,0,0,0,0,0,0,0,0,0,0,0,0,0,0,0,0,0,0,3.14770340767412,0,2.61453243202921,0,0,0,0,0,0,0,2.67289370997421,0,0,0,0,0,0,2.47322111623384,0,0,0,2.86883810905331,0,0,0,0,3.00308831398676,0,0,0,2.4897020075605,0,0,2.75105920088164,0,2.50238164498073,3.13896777762073,2.44247824834029,3.45520073348277,0,0,0,2.22334519142684,0,0,0,0,0,0,0,0,0,0,0,0,0,0,0,2.65135564696237,3.11800843625386,0,0,0,0,0,0,0,0,0,0,0,0,0,0
0,0,0,0,0,0,0,0,0,0,0,0,0,4.3282535858074,0,0,3.11658637755999,0,0,0,0,0,0,0,0,3.33370506531872,0,0,0,0,0,0,0,0,0,2.95254125681814,0,0,0,0,0,0,0,0,0,0,0,0,0,0,0,0,0,0,0,0,0,0,0,0,0,2.96921082634718,0,0,0,0,0,0,0,0,0,0,0,0,0,0,0,0,0,0,0,0,0,0,4.10382910272482,0,0,2.89243594383175,2.64998224892974,0,0,0,0,0,0,0,0,0,3.39293920010716,0,0,0,0,0,0,0,0,0,0,0,0,0,3.33470071352566,0,0,0,0,0,0,0,0,0,0,0,0,0,0,0,0,0,0,0,0,0,0,0,0,0,0,0,0,0,0,0,0,0,0,0,0,0,0,0,0,0,0,0,0,0,0,0,2.97521639550021,0,0,0,0,0,0,0,0,0,0,0,0,0,0,0,0,0,0,0,0,0,0,0,2.76032327562493,0,0,3.42111224440037,4.12653996763061,0,0,3.3236826260194,0,0,0,0,0,0,0,0,0,0,2.12610220366531,0,0,0,0,0,0,0,0,0,0,0,0,0,2.46542701072281,0,3.56954980246413,0,0,0,0,0,0,0,0,0,0,0,0,0
0,0,0,0,0,0,0,0,0,0,0,0,0,0,0,0,0,0,0,0,0,0,0,0,0,0,0,0,0,0,0,0,0,0,0,0,0,0,0,0,0,0,0,0,0,0,0,0,0,0,0,0,0,0,0,0,0,0,0,0,0,0,0,0,0,0,0,0,0,0,0,0,0,0,0,0,0,0,0,0,0,0,0,0,0,0,0,0,0,0,0,0,0,0,0,0,0,0,0,0,0,0,0,0,0,0,0,0,0,0,0,0,0,0,0,0,0,0,0,0,0,0,0,0,0,0,0,0,0,0,0,0,0,0,0,0,0,0,0,0,0,0,0,0,0,0,0,0,0,0,0,0,0,0,0,0,0,0,0,0,0,0,0,0,0,0,0,0,0,0,-3.57799990078388,0,0,0,0,0,0,0,0,0,0,0,0,0,0,0,0,0,0,0,0,0,0,0,0,0,0,0,0,0,0,0,0,0,0,0,0,0,0,0,0,0,0,0,0,0,0,0,0,0,0,0,0,0,0,0,0,0,0,0,0,0
0,0,0,0,0,0,0,0,0,0,0,0,0,0,0,0,0,0,0,0,0,0,0,0,0,0,0,0,0,0,0,0,0,0,0,3.32568104332968,0,0,0,0,0,0,0,0,0,0,0,0,0,0,0,0,0,0,0,0,0,0,0,0,0,0,0,0,0,0,0,0,0,0,0,0,0,0,0,3.66986532618622,0,0,0,0,0,0,0,0,0,0,0,0,0,0,0,0,0,0,0,0,0,0,0,0,0,0,0,0,0,0,0,0,2.60659705302473,0,0,0,0,0,0,0,0,0,0,0,0,0,0,0,0,0,0,0,0,0,0,0,0,0,0,0,0,0,0,0,0,0,0,0,0,0,0,0,0,0,0,0,0,0,0,0,0,0,0,0,0,0,0,0,0,0,0,0,0,0,0,0,0,0,0,0,0,0,0,3.07035292834434,0,0,0,0,0,0,0,0,0,0,0,0,0,0,0,0,0,0,0,0,0,0,0,0,0,0,0,0,0,3.10744137317518,0,0,4.57794394046796,2.65210097076551,2.79319792817421,2.44637485671592,0,0,0,0,0,0,0,0,0,0,0,0,4.2439518146859,3.7031551286596,3.10375605308437,3.28304034069985
0,0,0,0,0,0,0,0,0,0,0,0,0,0,0,0,0,0,0,0,0,0,0,0,0,0,0,0,0,0,0,0,0,0,0,0,0,0,0,0,0,0,0,0,0,0,0,0,2.74359534821677,0,0,0,0,0,0,0,0,0,0,0,0,0,0,0,0,0,0,0,0,0,0,0,0,0,0,0,0,0,0,0,0,0,0,0,0,0,0,0,0,0,0,0,0,0,0,-2.56589156793308,0,0,0,0,0,0,0,0,0,3.12644421520307,0,0,0,0,0,0,0,0,0,0,0,0,0,0,0,0,0,0,0,0,0,0,0,0,0,0,0,0,0,0,0,0,0,0,0,0,0,0,0,0,0,0,0,3.44193216554507,0,0,0,0,3.14770340767412,0,0,0,0,0,0,0,0,0,0,0,0,0,0,0,0,0,0,0,0,0,0,0,2.58399529240628,0,0,0,0,0,0,0,0,0,0,0,0,0,0,-2.38870479153559,0,0,0,0,0,0,-2.90462385553959,0,0,-4.06436321660268,0,0,0,0,0,0,0,0,0,0,0,0,-2.77802790405787,-3.12720008756766,0,0,-2.79331607461083,0,0,0,0,0,0,0,0,0,0,0
0,0,0,0,0,0,0,0,0,0,0,0,0,0,0,0,0,0,0,0,0,0,0,0,0,0,0,0,0,0,0,0,0,3.139102105661,3.2877505911721,3.16058295995347,0,0,0,0,0,0,0,0,0,0,0,0,0,0,0,0,0,0,0,0,0,0,0,3.09514245658841,0,0,0,0,0,0,0,0,0,0,0,0,0,0,0,0,0,0,0,0,0,0,0,0,0,0,0,0,0,0,0,0,0,0,0,0,0,0,0,0,0,0,0,0,0,0,0,0,0,0,0,0,0,0,0,0,0,0,0,0,0,0,0,0,0,0,0,0,0,0,0,0,0,0,0,0,2.90204663289857,2.94209826147011,0,0,0,0,3.49000521114754,0,0,0,0,0,0,0,0,0,0,0,0,0,0,0,0,0,0,0,0,0,0,0,0,0,0,0,0,0,0,0,0,0,0,0,0,0,0,0,0,0,0,0,0,0,0,0,0,0,0,0,0,0,0,0,0,0,0,0,0,0,0,0,0,0,0,0,0,2.17747791936704,0,0,0,0,0,0,0,0,0,0,0,0,0,0,0,0,0,0,0,0
0,0,0,0,0,0,0,0,0,0,0,0,0,0,0,0,0,0,0,0,0,0,0,0,0,0,0,0,0,0,0,0,0,0,0,0,0,0,0,0,0,0,0,0,0,0,0,0,0,0,0,-3.11543517932513,0,0,0,0,0,0,0,0,0,0,0,0,0,0,0,0,0,0,0,0,0,0,0,0,0,0,0,0,0,0,0,0,0,0,0,0,0,0,0,0,0,0,0,0,0,0,0,0,0,0,0,0,0,0,0,0,0,0,0,0,0,0,0,0,0,0,0,0,0,0,0,0,0,0,0,0,0,0,0,0,0,0,0,0,0,0,0,0,0,0,0,0,0,0,0,0,0,0,0,0,0,0,2.61453243202921,2.97521639550021,0,0,0,0,0,0,0,0,0,0,0,0,0,0,0,0,0,0,0,0,0,0,0,0,0,0,0,0,0,0,0,0,0,0,0,0,0,0,0,0,0,0,0,0,0,0,-3.16444785215518,0,0,0,0,0,0,0,0,0,3.51799684800736,2.51814596077651,0,0,0,0,0,0,0,0,3.27184737912013,0,0,0,0,0,0,3.84455592229268,2.63215402540567,0
0,0,0,0,0,0,0,0,0,0,0,0,0,0,0,0,0,0,0,0,0,0,0,0,0,0,-4.08481133258523,0,0,0,0,0,0,0,0,0,0,0,0,0,0,0,0,0,0,0,0,0,0,0,0,0,0,0,0,0,0,0,0,0,0,0,0,0,0,0,0,0,0,0,0,0,0,0,0,0,0,0,0,0,0,0,0,0,0,0,0,0,0,0,0,0,0,0,0,0,0,0,0,0,0,0,-3.0116268225618,0,0,0,0,0,0,0,0,0,0,0,0,0,0,0,0,0,0,0,-2.95103248763039,0,0,0,0,0,0,-3.99571410316659,0,0,0,0,0,0,0,0,0,0,0,0,0,0,0,0,0,0,0,0,0,0,0,0,0,0,0,0,0,0,0,0,0,0,0,0,0,0,0,0,0,0,-2.77436047551731,0,0,0,0,0,0,0,0,0,0,0,0,0,0,0,-2.76802684071735,0,0,0,0,0,0,0,0,0,0,0,0,0,0,0,-2.43132250173972,0,0,0,0,0,0,0,0,0,0,0,0,0,0,0,0,0,0,0,0,0,0,0,0,0,0,0
0,0,0,0,0,0,0,0,-3.02044635296405,0,0,0,0,0,0,0,0,0,0,0,0,0,0,0,0,0,0,0,0,0,0,0,0,0,0,0,0,0,0,0,0,0,0,0,0,0,0,0,0,0,0,0,0,0,0,0,0,0,0,0,0,0,0,0,0,0,0,3.44842753155275,0,0,0,0,0,0,0,0,0,0,0,0,0,0,0,0,0,0,0,0,0,0,0,0,0,0,0,0,-2.69455739410703,0,0,0,0,0,0,0,0,0,0,0,0,0,0,0,0,0,0,0,0,0,0,0,0,0,0,0,0,0,0,0,0,0,0,0,0,0,0,0,0,0,0,0,0,0,0,0,0,0,0,0,0,0,0,0,0,0,0,0,0,0,0,0,0,0,0,0,0,0,0,0,0,0,0,0,0,0,0,0,0,0,2.54321835958584,0,0,0,0,0,0,0,0,0,0,0,0,0,0,0,0,0,0,0,0,0,0,0,0,0,0,0,0,0,0,0,0,0,0,0,0,0,0,0,0,0,0,0,0,0,0,0,0,0,0,0,0,0
0,0,0,0,0,0,0,0,0,0,0,0,0,0,0,0,0,0,0,0,0,0,0,0,0,0,0,0,0,0,0,0,0,0,0,0,0,0,0,0,0,0,0,0,0,0,0,0,0,0,0,0,-3.01585239735583,0,0,0,0,0,0,0,0,0,0,0,0,0,0,0,0,0,0,0,0,0,0,0,0,0,0,0,0,0,0,0,0,0,0,0,0,0,0,0,0,0,0,0,0,0,0,0,0,0,0,0,0,0,0,0,0,0,0,0,0,0,0,0,0,0,0,0,0,0,0,0,0,0,0,0,0,0,0,0,0,0,0,0,0,0,0,0,0,0,0,0,0,0,0,0,0,0,0,0,0,0,0,0,0,0,0,0,0,0,0,0,0,0,0,0,0,0,0,0,0,0,0,0,0,0,0,0,0,0,0,0,0,0,0,0,0,0,0,0,0,0,0,0,0,0,0,0,0,0,0,0,0,0,0,0,0,0,0,0,0,0,0,0,0,0,0,-2.50548153163682,0,0,0,0,0,0,0,0,0,0,0,0
0,0,0,0,3.09164380497059,0,3.61939127440325,0,0,0,0,3.30309326222082,0,0,0,0,0,0,0,0,0,0,0,0,0,0,0,0,0,0,2.81805836535623,0,0,0,0,0,0,0,0,0,0,0,0,0,0,0,0,0,0,0,0,0,0,0,0,0,0,0,0,2.7607855361707,0,0,0,0,0,0,0,0,0,0,0,0,0,0,0,0,0,0,0,0,0,0,0,0,0,0,0,0,0,0,0,0,0,0,0,0,0,0,0,0,0,0,0,0,0,2.58490477719894,2.68251874361561,0,0,0,3.27446907082998,3.24511078175773,0,0,0,0,0,0,0,0,0,0,0,0,0,0,0,0,0,0,0,0,0,0,0,0,0,0,0,0,0,0,0,0,0,0,0,0,0,0,0,0,0,0,0,0,0,0,0,0,0,0,0,0,0,0,0,0,0,0,0,0,0,0,0,0,0,0,0,0,2.57537229538189,0,0,0,0,0,0,0,0,0,0,0,0,0,0,3.05775481641763,0,0,0,0,0,0,0,0,0,0,0,0,0,0,0,0,0,0,0,0,0,0,0,0,0,3.80580672083119,0,0,0,0,0,0,0,0,0,0
0,0,0,0,0,0,0,0,0,0,0,0,0,0,0,0,0,0,0,0,0,0,0,0,0,0,0,0,0,0,0,0,0,0,0,0,0,0,0,0,0,0,0,0,0,0,0,0,0,0,0,0,0,0,0,0,0,0,0,0,0,0,0,0,0,0,0,0,0,0,0,0,0,0,0,0,0,0,0,0,0,0,0,0,0,0,0,0,0,0,0,0,0,0,0,0,0,0,0,0,0,0,0,0,0,0,0,0,0,0,0,0,0,0,0,0,0,0,0,0,0,0,0,0,0,0,0,0,0,0,0,0,0,0,0,0,0,0,0,0,0,0,0,0,0,0,0,0,0,0,0,0,0,0,0,0,0,0,0,0,0,0,0,0,0,0,0,0,0,0,0,0,0,0,0,3.26128389651758,0,0,0,2.80264253974889,0,2.77178397603145,0,3.42529900598518,3.15143415150172,0,0,0,0,0,0,0,0,0,0,3.12468972746401,0,0,0,0,0,0,0,0,0,0,0,0,0,0,0,0,0,0,0,0,0,0,0,0,0,0,3.23405757969355,0,0,0,0,0,0,0,0,0
0,0,0,0,0,0,0,0,0,0,0,0,0,0,0,0,0,0,0,0,0,0,0,0,0,0,0,0,0,0,0,0,0,0,0,0,0,0,0,0,0,0,0,0,0,0,2.58727479607086,0,0,0,0,0,0,0,0,0,0,0,0,0,0,0,0,0,0,0,0,0,0,0,0,0,0,0,0,0,0,0,0,0,0,0,0,0,0,0,0,0,0,0,0,0,0,0,0,0,0,0,3.0536073396052,0,0,0,0,0,0,0,0,0,0,0,0,0,0,0,0,0,0,0,0,0,0,0,0,0,0,0,0,0,0,0,0,0,0,0,0,0,0,0,0,0,0,0,0,0,0,0,0,0,0,0,2.53732916856368,0,0,0,0,0,0,0,0,0,0,0,0,0,0,0,0,0,0,0,0,0,0,0,0,0,0,0,0,0,0,0,0,0,0,0,0,0,0,0,0,0,2.94561595013284,0,0,0,0,2.75439386109722,0,0,0,0,0,0,0,0,0,0,0,0,0,0,0,0,0,0,0,0,0,0,0,0,0,0,0,0,0,0,0,2.74912894707378,0,0
0,0,0,0,0,0,3.24201624131857,0,0,0,0,0,0,0,2.67015732372748,0,0,0,0,0,2.63538593835335,0,0,0,0,0,0,0,0,0,0,0,0,0,0,0,0,0,0,0,0,0,0,0,0,0,0,0,0,0,0,0,0,0,0,0,0,0,0,0,0,0,0,0,0,0,0,0,0,0,0,0,0,0,0,0,0,0,0,0,0,0,0,0,3.03639666467191,0,0,0,0,0,0,0,0,0,0,0,0,0,2.78235871232603,0,0,0,0,0,0,0,0,2.73373542905715,0,0,0,0,0,0,0,3.51058192693351,0,0,0,0,0,0,0,0,2.98746552309853,0,0,0,0,0,0,0,0,0,0,0,0,0,0,0,0,0,0,0,0,0,0,0,0,0,0,0,0,0,0,0,0,0,0,0,0,0,0,0,0,0,0,0,0,0,0,0,0,0,0,0,0,0,0,2.95441735840464,0,2.54610798584633,0,0,0,0,0,0,0,0,0,0,0,0,0,3.54136790610273,3.31293797736983,0,2.26458131061894,2.89908350386217,0,0,0,0,0,0,0,0,0,0,0,0,0,0,0,0,0,0,0,0,0,0,0,0,0,0,0,0,0,0,0,0
0,0,0,0,0,2.83612448017391,2.79097179424202,0,0,0,0,0,0,0,0,0,0,0,0,0,0,0,0,0,0,0,0,0,0,0,0,0,0,0,2.73555211182495,0,0,0,0,3.08872375915933,2.67919958519761,2.70239690924432,3.07240399948751,0,2.95600729756766,0,0,0,3.27704848088124,3.31062114073496,0,0,0,0,0,0,0,0,0,0,0,0,0,3.34472612112165,0,0,0,0,0,0,0,0,0,0,0,0,0,0,0,0,0,0,0,0,0,0,0,0,0,0,0,0,0,0,0,0,0,0,0,0,0,0,0,0,2.53505831822946,0,0,0,0,0,0,0,0,0,0,0,0,0,0,0,0,0,0,0,0,0,0,0,0,0,0,0,0,0,0,0,0,0,0,0,0,0,0,0,0,0,0,0,0,0,0,0,2.67996227923616,0,2.67289370997421,0,0,0,0,0,0,0,0,0,0,0,0,0,0,0,0,0,0,0,0,0,0,0,0,0,0,0,0,0,0,0,0,0,0,0,0,0,0,0,0,0,0,0,0,0,0,0,0,0,0,0,3.0015624880288,0,0,0,0,0,0,0,0,0,0,0,0,0,0,0,0,0,0,0,0,0,0,0,0,0
0,0,0,0,0,0,0,0,0,0,0,0,0,0,0,0,0,0,0,0,0,0,0,0,0,0,0,0,0,0,0,0,0,0,0,0,0,0,0,0,0,0,0,0,0,0,0,0,0,0,0,0,0,0,0,0,0,0,0,0,0,0,0,0,0,0,0,0,0,0,0,0,0,0,0,0,0,0,0,0,0,0,0,0,0,0,0,0,0,0,0,0,0,0,0,0,0,0,0,0,0,0,0,0,0,0,0,0,0,0,0,0,0,0,0,0,0,0,0,0,0,0,0,0,0,0,0,0,0,0,0,0,0,0,0,0,0,0,0,0,0,0,0,0,0,0,0,0,0,0,0,0,0,0,0,0,0,0,0,0,0,0,0,0,0,0,0,0,0,0,0,0,0,0,0,0,0,0,0,0,0,0,0,0,0,0,0,0,0,0,0,0,0,0,0,0,0,0,0,0,0,0,0,0,0,0,0,0,0,0,0,0,0,0,0,0,0,0,0,0,0,0,0,0,0,0,0,0,3.268609576507,0,0,0
0,0,0,0,0,0,0,0,0,0,0,0,0,0,0,0,0,0,0,0,0,0,0,0,0,0,0,0,0,0,0,0,0,0,0,0,0,0,0,0,0,0,0,0,0,0,0,0,0,0,0,0,0,0,0,0,0,0,0,0,0,0,0,0,0,0,0,0,0,0,0,0,0,0,0,0,0,0,0,0,0,0,0,0,0,0,0,0,0,0,0,0,0,0,0,-2.71927660988467,0,0,0,0,0,0,0,0,0,0,0,0,0,0,0,0,0,0,0,0,0,0,0,0,0,0,0,0,0,0,0,0,0,0,0,0,0,0,0,0,0,0,0,0,0,0,0,0,0,0,0,0,0,0,0,0,0,0,0,0,-3.57799990078388,0,0,0,0,0,0,0,0,0,0,0,0,0,0,0,0,0,0,0,0,0,0,0,0,0,0,0,0,0,0,0,0,0,0,0,0,0,0,0,0,0,0,0,0,0,0,-3.14386155239501,0,0,0,0,0,0,0,0,0,0,0,0,0,0,0,-2.38991817049541,0,0,0,0,0,0,0,0,0,0,0,0
0,0,0,0,0,0,3.1305546592302,0,0,0,0,0,0,0,0,0,0,0,0,0,0,0,0,0,0,0,0,0,0,0,0,0,0,0,0,0,0,0,0,0,0,0,0,0,0,0,0,0,0,0,0,0,0,0,0,0,0,0,0,0,0,0,0,0,0,0,0,0,0,0,0,0,0,0,0,0,0,0,0,0,0,0,0,0,0,0,0,0,0,0,0,0,0,0,0,0,0,0,0,0,0,0,0,0,0,0,0,0,0,0,0,0,0,0,0,0,0,0,0,0,0,0,0,0,0,0,0,0,0,0,0,0,0,0,0,0,0,0,0,0,0,0,0,0,0,0,0,0,0,0,0,0,0,0,0,0,0,0,0,0,0,0,0,0,0,0,0,0,0,0,0,0,0,0,0,0,0,0,0,0,0,0,0,0,0,0,0,3.12370399037133,0,0,0,0,0,0,0,0,0,0,0,0,0,0,0,0,0,0,0,0,0,0,0,0,2.43604503528056,0,0,0,0,0,0,0,0,0,0,0,0,0,0,0,0,2.96914876076135,0,0
0,0,0,0,0,0,3.78963435469307,3.03861329734626,0,0,0,2.68000622668469,0,0,0,0,0,2.89195801016181,0,0,0,0,0,0,0,0,0,0,0,0,3.24704309141766,0,0,0,0,2.83285755716924,2.76218895497432,3.12735371237325,0,0,0,0,0,2.71693866044123,0,0,0,0,0,0,0,0,0,0,0,0,0,0,0,0,0,0,0,0,0,0,0,0,0,0,0,0,0,0,0,0,0,0,0,0,0,0,0,0,0,0,0,0,0,0,0,0,0,0,0,0,0,0,0,0,0,0,0,0,2.76025899179175,3.12111838888243,0,0,0,0,0,3.6463923142566,0,0,0,0,0,0,0,0,0,0,0,0,0,0,0,0,0,0,0,0,0,0,0,0,0,0,3.08108591299777,0,0,0,0,0,0,0,0,2.53225058286157,2.58866019114505,0,0,0,0,0,0,0,0,0,0,0,0,-2.77436047551731,0,0,0,0,0,0,0,0,0,0,0,0,0,0,0,0,0,0,0,0,0,0,0,0,0,2.73741418071982,0,0,0,0,0,0,0,0,0,0,0,0,0,0,0,0,0,0,0,0,0,0,0,0,0,0,0,0,0,0,0,0,0,3.28623382620109,0,0,0,0,0,0,0,0,0,0
0,0,0,0,0,0,2.92186258050971,0,0,0,0,0,0,0,0,0,0,0,0,0,0,0,0,0,0,0,0,0,0,0,0,0,0,0,0,0,0,0,0,0,0,0,0,0,0,0,0,0,0,0,0,0,0,0,0,0,0,0,0,0,0,0,0,0,0,0,0,0,0,0,0,0,0,0,0,0,0,0,0,0,0,0,2.93562558814882,0,3.61983228095472,0,0,0,0,0,0,0,0,0,0,0,0,0,0,0,0,0,0,0,0,0,0,0,0,0,0,0,0,0,0,0,0,0,0,0,0,0,0,0,0,0,0,0,0,0,0,0,0,0,0,0,0,0,0,0,0,0,0,0,0,0,0,0,0,0,0,0,0,0,0,0,0,0,0,0,0,0,0,0,0,0,0,0,0,0,0,0,0,0,0,2.75802134176572,0,0,0,0,0,2.34486750816157,0,2.9354828246733,3.01065261150759,0,0,3.42482114824383,0,0,0,0,0,0,2.10030722972658,2.96137411381843,3.06969913401674,0,0,0,0,0,0,0,0,0,0,0,0,0,0,0,0,0,0,0,0,0,3.56066717787891,3.64987830712654,0,0,3.94458654395919,0,0,0,0,0,0,0,0,0
0,0,0,0,0,0,2.98909275689607,0,0,0,0,0,0,2.94483249668619,0,0,0,0,0,0,0,0,0,0,0,0,0,0,0,0,0,0,0,0,0,2.7952032939967,0,0,0,0,0,0,0,0,0,0,0,0,0,0,0,0,0,0,0,0,0,0,0,0,0,0,0,0,0,0,0,0,0,0,0,0,0,0,0,0,0,0,0,0,0,0,3.11583800947383,0,3.1432609229544,0,0,0,0,0,0,2.70292441335545,0,0,0,0,0,0,0,0,0,0,0,0,0,0,0,0,0,0,0,0,0,0,0,0,0,0,0,0,0,0,0,0,0,0,0,0,0,0,0,0,0,0,0,0,0,0,0,0,0,0,0,0,0,0,0,0,0,0,0,0,0,0,0,0,0,0,0,0,0,0,0,0,0,0,0,0,0,0,0,0,0,0,0,0,0,0,0,0,0,0,0,0,0,0,0,0,0,0,0,0,0,0,0,0,0,0,0,0,0,0,0,0,0,0,0,0,0,0,0,0,0,0,0,0,0,0,0,0,0,0,0,0,0,0,0,0,0,0,0,0
0,0,0,0,0,0,3.91962344312918,0,0,0,0,0,0,0,0,0,0,3.24289195203186,0,0,0,0,0,0,0,3.17875358769305,0,0,0,2.62076705484917,0,0,0,0,3.56384605240905,3.61629671134873,3.13446086561345,0,0,2.80642349332879,2.78562119336837,3.10411020260163,3.57190302385989,3.00502540759494,3.33648537125273,0,0,0,3.97573878698106,0,0,0,0,0,0,0,0,0,2.81624396320995,2.687068495099,0,0,0,0,0,0,0,0,0,0,0,0,0,0,0,0,0,0,0,0,0,0,0,0,0,0,0,0,0,0,0,0,0,0,0,0,0,0,0,0,0,0,0,0,0,0,0,2.84878954501224,0,0,2.56687153889639,0,0,0,0,0,0,0,0,0,0,0,0,0,0,0,0,0,0,0,0,0,0,0,0,0,2.77741205941931,2.84290642195054,3.56392483940712,0,0,2.63850498883486,2.97116135200583,0,0,2.93355651565861,3.15154415012596,2.69851254329534,3.25708052809044,0,2.81957917825622,0,0,0,0,0,0,0,0,0,0,0,0,0,0,3.26128389651758,0,0,0,0,0,0,0,2.75802134176572,0,0,0,0,0,0,0,0,0,0,0,0,0,3.25902160641646,0,0,0,0,0,0,0,3.66594111460858,0,0,0,0,0,0,0,0,0,0,0,0,0,0,0,0,0,0,0,0,0,0,0,0,0,0,0,0,0,0,0,0,0,0,0,0
0,0,0,0,0,0,3.1702413459344,0,0,0,0,2.59782257345949,0,0,0,0,0,2.93664158963636,0,0,0,0,0,0,0,0,0,0,0,0,3.0165812082631,0,0,0,4.26077987830349,4.34550143600803,3.26456955369586,2.56325606727294,0,0,0,0,0,0,0,0,0,0,0,0,0,0,0,0,0,0,0,0,0,3.01034580314509,2.69453718642771,0,0,0,0,0,0,0,0,0,0,0,2.92496066350221,0,0,0,0,0,0,0,0,0,0,0,0,0,0,0,0,0,0,0,0,0,0,0,0,0,0,0,0,0,0,0,0,2.58017304841495,0,0,2.89321541060271,3.18021723681593,2.71409384547218,2.55922503772189,0,0,0,0,0,0,0,0,0,0,0,0,0,0,0,0,0,0,0,2.91100476091961,0,0,0,0,2.78716522561255,0,3.02170231701938,0,0,0,0,0,0,0,0,0,0,0,0,0,0,0,0,0,0,0,0,0,0,0,0,0,0,0,0,0,0,0,0,0,0,0,0,0,0,0,0,0,0,0,0,0,2.98000413128777,0,2.34786624204116,3.70715258364849,0,0,0,0,0,0,0,0,0,0,0,0,0,0,0,0,0,0,0,0,0,0,0,0,0,0,0,0,0,0,0,0,0,0,0,0,0,0,0,0,0,0,0,2.93145516038999
0,0,0,0,0,0,0,0,0,0,0,0,0,0,0,0,0,0,0,0,0,0,0,0,0,0,0,0,0,0,0,0,0,0,0,3.02838767209676,0,0,0,0,0,0,0,0,0,0,0,0,0,0,0,0,0,0,0,0,0,0,0,0,0,0,0,0,0,0,0,0,0,0,0,0,0,0,0,0,0,0,0,0,0,0,0,0,0,0,0,0,0,0,0,0,0,0,0,0,0,0,0,0,0,0,0,0,0,0,0,0,0,0,0,0,0,0,0,0,0,0,0,0,0,0,0,0,0,0,0,0,0,0,0,0,0,0,0,0,0,0,2.78149139493918,0,0,0,0,0,0,0,0,0,2.58802543502812,0,0,0,0,0,0,0,0,0,0,0,0,0,0,0,0,0,0,0,0,0,0,0,0,0,0,0,0,0,0,0,0,0,0,0,0,0,0,2.99529378478733,3.14880962203177,0,0,0,0,0,0,0,0,0,0,0,0,0,0,0,0,0,0,0,0,0,0,0,0,0,0,0,0,0,0,0,0,0,0,0,0,0,0,0,0,0,0,0
0,0,0,0,0,0,3.5244201775299,0,0,0,0,0,0,3.64564778840559,0,2.90715146306442,2.96146112552033,3.38742671941563,0,0,0,0,0,0,0,2.87356028848744,0,0,0,0,0,0,0,0,3.34359626835497,3.6751710137211,3.0429942883205,0,0,0,0,2.85230101060281,0,0,0,0,0,0,2.68378916004341,0,0,0,0,0,0,0,0,0,0,0,0,0,0,0,0,0,0,0,0,0,0,0,0,0,0,0,0,0,0,0,0,0,0,0,0,0,0,0,0,0,0,0,0,0,0,0,0,0,0,0,0,0,0,0,0,0,0,0,0,0,0,0,0,0,0,2.68664125678462,0,0,0,0,0,0,0,0,0,0,0,0,0,0,0,0,0,0,0,0,0,0,0,0,0,0,0,0,0,0,2.54489556728144,0,0,0,0,0,0,0,0,0,0,0,2.58399529240628,0,0,0,2.54321835958584,0,0,0,0,0,0,0,0,0,0,0,0,0,0,0,0,0,0,0,0,0,3.52878489596108,0,3.19777817332248,2.95498039037551,0,0,0,0,0,0,2.25679001379495,2.93570767077441,0,0,0,0,2.88273735915405,0,0,0,0,0,0,0,0,0,0,0,0,0,0,0,0,0,0,0,0,0,0,0,0,0,0,0,0,0,0,0
3.54815014924363,0,0,0,3.00156774971219,3.22357016937875,4.7129368601209,2.84013457931916,0,0,0,2.91272213575969,3.12275186827745,3.69868553471168,0,0,0,3.49731916042839,0,0,0,0,0,3.10505598910522,0,4.23273935093603,0,3.04817905908151,0,3.22905793981662,3.42142863516495,0,0,2.92564995537582,3.76021500508749,4.57607646672411,3.73592585145732,3.47972373582245,0,3.5897358614645,3.08451418690783,3.46552814890077,3.48846705449672,4.02238538185021,3.63693138170346,0,3.0715006616388,0,3.67236933211812,0,2.93324597092122,0,0,0,0,0,0,0,0,0,0,0,0,2.76229068883349,0,0,0,0,0,0,0,0,0,0,0,0,0,0,0,0,0,0,0,0,0,0,0,0,0,0,0,0,0,0,0,0,0,0,0,0,3.43586763418034,3.0663112508927,0,0,3.02718937219768,0,2.95098935977628,0,0,0,0,3.08513016882324,0,3.22831429808233,0,0,0,0,0,0,0,0,0,0,0,0,0,3.12825417392707,3.67803337198311,0,0,0,0,0,0,0,4.47842158298035,3.6273383974601,0,0,3.14325928450469,4.48359328418284,3.70202883718454,0,0,4.03876980898815,3.67267606148129,3.52208168691682,3.78050503078968,0,3.02897960333808,0,0,0,2.86883810905331,0,0,3.07035292834434,0,0,0,0,0,0,0,2.80264253974889,0,2.95441735840464,0,0,0,0,0,0,0,0,0,0,0,0,0,0,0,0,0,0,0,0,0,0,0,0,0,0,0,0,0,0,0,0,0,0,0,0,0,0,0,0,0,0,0,0,0,0,0,0,0,0,0,0,0,2.99843042716419,0,0,0,0,0,0,0,0,0,0
0,0,0,0,0,0,0,0,0,0,0,0,0,0,0,0,0,0,0,0,0,0,0,0,0,0,0,0,0,0,0,0,0,0,0,0,0,0,0,0,0,0,0,0,0,0,0,0,0,0,0,0,0,0,0,0,0,4.40217694195843,3.56977383647913,3.21678947181242,0,0,0,0,0,0,0,0,0,0,0,0,0,0,0,0,0,0,0,0,0,0,0,0,0,0,0,0,0,0,0,0,0,0,0,0,0,0,0,0,0,0,0,0,0,0,0,0,0,0,0,0,0,0,0,0,0,0,0,0,0,0,0,0,0,0,0,0,0,0,0,0,0,0,0,0,0,0,0,0,0,0,0,0,0,0,0,0,0,0,0,0,0,0,0,0,0,0,0,0,0,0,0,0,2.57537229538189,0,0,0,0,0,0,0,0,0,0,0,0,0,0,0,0,0,0,0,0,0,0,0,0,0,0,0,0,0,0,0,0,0,0,0,0,0,0,0,0,0,0,0,0,0,0,0,0,0,0,0,0,0,0,0,0,0,0,0,0,0,0,0,0,0,0,0
0,0,0,0,0,0,0,0,0,0,0,0,0,0,0,0,0,0,0,0,0,0,0,0,0,0,0,0,0,0,0,0,0,0,0,0,0,0,0,0,0,0,3.81829609300832,0,0,0,2.94080801215451,0,3.12255117972377,0,0,0,0,0,0,0,0,0,3.20980655228958,0,0,0,0,0,0,0,0,0,0,0,0,0,0,0,0,0,0,0,0,0,0,0,0,0,0,0,0,0,0,0,0,0,0,0,0,0,0,0,0,0,0,0,0,0,0,0,0,0,0,0,0,0,0,0,0,0,0,0,0,0,0,0,0,0,0,0,0,0,0,0,0,0,0,0,0,0,0,0,0,0,0,3.87540906916089,0,0,0,0,0,0,2.93983470338758,0,3.49985269383196,3.21625089466342,0,0,0,0,0,0,0,0,0,0,0,0,0,2.77178397603145,0,2.54610798584633,0,0,0,0,0,0,0,0,0,0,0,0,0,0,0,0,0,0,0,0,0,0,0,0,0,0,0,0,0,0,0,0,0,0,0,0,0,2.90890925044515,0,0,0,0,0,0,0,0,0,0,0,0,0,0,0,0,0,0,0,0,0,0,0,0,0,0
0,0,0,0,0,0,0,0,0,0,0,0,0,0,0,0,0,0,0,0,0,0,0,0,0,0,0,0,0,0,0,0,0,0,0,0,0,0,0,0,0,0,0,0,0,0,0,0,0,0,0,0,0,0,0,0,0,0,0,0,0,0,0,0,0,0,0,0,0,0,0,0,0,0,0,0,0,0,0,0,0,0,0,0,0,0,0,0,0,0,0,0,0,0,0,0,0,0,0,0,0,0,0,0,0,0,0,0,0,0,0,0,0,0,0,0,0,0,0,0,0,0,0,0,0,0,0,0,0,0,0,0,0,0,0,0,0,0,2.59307983620178,0,0,0,0,0,0,0,0,0,0,0,0,0,0,0,0,0,0,0,0,0,0,0,0,0,0,0,0,0,0,0,0,0,0,0,0,0,0,0,0,0,0,0,0,0,0,0,0,0,0,0,0,0,0,0,2.2133609670827,0,0,0,0,0,0,0,0,0,0,0,0,0,0,0,0,0,0,0,0,0,0,0,0,0,0,0,0,0,0,0,0,0,0,0,0,0
0,0,0,0,0,0,3.57845815538511,3.57342814372372,0,0,0,0,3.12985752706911,3.62463772713064,0,0,0,3.55751471793331,0,0,0,0,0,0,0,3.66229963224129,0,0,0,0,0,0,0,0,3.66383951321373,4.25867096193164,3.80037364974489,0,0,0,0,0,0,0,2.95568835894196,3.67427600099622,0,0,0,0,0,0,0,0,0,0,0,0,0,0,0,0,0,0,0,0,0,0,0,0,0,0,0,0,0,0,0,0,0,0,0,0,0,0,0,0,0,0,0,0,0,0,0,0,0,0,0,0,0,0,0,0,0,0,0,0,2.79583843832742,0,0,0,0,0,0,0,3.68414994289646,2.82185344509311,3.07069012998386,0,0,3.32211162938697,0,0,0,0,0,0,3.1972817179917,0,3.49624114849533,0,0,0,0,0,0,0,2.92776466591981,3.50926951478855,3.47918660593476,3.45052089261254,0,2.90480091684623,0,0,0,0,0,3.04499178363165,0,0,2.61070987153656,0,0,0,0,0,0,0,0,0,0,0,0,0,0,3.42529900598518,0,0,0,0,0,0,0,2.93548282467329,0,0,0,0,0,0,0,0,0,0,0,0,0,0,0,0,0,0,0,0,0,0,0,0,0,0,0,0,0,0,0,0,0,0,0,0,0,0,0,2.70697507959723,0,0,0,0,0,0,0,2.71926477073359,0,0,0,0,0,0,2.56923082833776,0,3.02879157011771,3.619732803462
0,0,0,0,0,0,0,0,0,0,0,0,0,0,0,0,0,0,0,0,0,0,0,0,0,0,0,0,0,0,0,0,0,0,0,3.25113182134309,0,0,0,0,0,3.25934344629536,3.15281625173916,0,3.24584343037323,0,2.81382170355056,0,3.50301184955067,0,0,0,0,0,0,0,0,0,0,0,0,0,0,0,0,0,0,0,0,0,0,0,0,0,0,0,0,0,0,0,0,0,0,0,0,0,0,0,0,0,0,0,0,0,0,0,0,0,0,0,0,0,0,0,0,0,0,0,0,0,0,0,0,0,0,0,0,0,0,0,0,0,0,0,0,0,0,2.60333603283546,0,0,0,0,0,0,0,0,3.74487237544451,0,0,0,0,3.38967072276384,0,0,0,3.22587066590756,3.20135473321699,2.91234197420416,0,0,3.35177455212997,0,2.70958169449346,0,3.00308831398676,2.76032327562493,0,0,0,0,0,0,0,0,0,3.15143415150172,0,0,0,0,0,0,0,3.01065261150759,0,0,2.98000413128777,0,3.52878489596108,0,0,0,0,0,0,0,0,0,0,0,0,0,0,0,0,0,0,0,0,0,0,0,0,0,0,0,0,0,0,0,0,0,0,0,0,2.44468277225186,0,0,0,0,0,0,0,0,0,0,0,0,0,0,0,0
0,0,0,0,0,0,0,0,0,0,0,0,0,0,0,0,0,0,0,0,0,0,0,0,0,0,0,0,0,0,0,0,0,0,0,0,0,0,0,0,0,0,0,0,0,0,0,0,2.87485362854815,0,3.23913197760477,0,0,0,0,0,0,0,0,0,0,0,0,0,0,0,0,0,0,0,0,0,0,0,0,0,-2.91161483965417,0,-3.75478927029639,0,0,0,0,0,0,0,0,0,0,0,0,0,0,0,0,0,0,0,0,0,0,0,0,0,0,0,0,0,0,0,0,0,0,0,0,0,0,0,0,0,0,0,0,0,0,0,0,0,0,0,0,0,0,0,0,0,0,0,0,0,0,0,0,0,0,0,2.5481347827334,0,3.04209719317526,0,3.03408030739764,0,0,0,0,0,0,0,0,0,0,0,0,0,0,0,0,0,0,0,0,0,0,0,0,0,0,0,0,0,0,0,0,0,0,0,0,0,0,0,0,0,0,-2.3788990963836,0,0,0,0,0,0,0,0,0,0,0,0,0,0,0,0,0,0,0,0,0,0,0,0,0,0,0,0,0,0,0,0,0,0,0,0,0,0
0,0,0,0,0,0,0,0,0,0,0,0,0,2.84532133765659,0,0,3.21979685562015,0,0,0,0,0,0,0,0,0,0,0,0,0,0,0,0,3.45067801281245,0,3.78567221634896,2.8403353359991,0,0,0,0,0,0,0,0,0,0,0,0,0,0,0,0,0,0,0,0,0,0,2.75845856752077,0,3.46382101663528,0,0,0,0,0,0,0,0,0,0,0,0,0,0,0,0,0,0,0,0,0,0,0,0,0,0,0,0,0,0,0,0,0,0,0,0,0,0,0,0,0,0,0,0,0,0,0,0,0,0,3.03062197378863,0,0,0,3.39499398882928,0,0,0,0,0,0,0,0,0,0,0,0,0,0,0,0,0,0,0,2.99589205274832,3.13818196192395,0,0,0,0,0,0,0,0,0,0,0,0,0,0,0,0,0,0,0,0,0,0,0,0,0,0,0,0,0,0,0,0,0,0,0,0,0,0,0,0,3.19777817332248,0,0,0,0,0,0,0,0,0,0,0,0,0,0,0,0,0,0,0,0,0,0,0,0,0,0,0,0,0,0,0,0,0,0,0,0,0,0,0,0,0,0,0,0,0,0,0,0,0,0,0,0,0
0,0,0,0,0,0,0,0,0,0,0,0,0,0,0,0,0,0,0,0,0,0,0,0,0,0,0,0,0,0,0,0,0,0,0,0,0,0,0,0,0,0,0,0,0,0,0,0,0,0,0,0,0,0,0,0,0,0,0,0,0,2.81123277218182,0,0,0,0,0,0,0,0,0,0,0,0,0,2.82189671217519,0,0,0,0,0,0,0,0,0,0,0,0,0,2.74245276755958,0,0,0,0,0,0,0,0,0,0,0,0,0,0,0,0,0,0,0,0,0,0,0,0,0,0,0,0,0,0,0,0,0,0,0,0,0,0,0,0,0,0,0,0,0,0,0,0,0,0,0,0,0,0,0,0,0,0,0,0,0,3.36919110605406,0,0,0,3.42111224440037,0,0,0,0,0,0,0,0,0,0,0,0,0,0,0,3.12370399037133,2.73741418071982,3.42482114824383,0,3.25902160641646,3.70715258364849,2.99529378478733,2.95498039037551,0,0,0,0,0,0,0,0,0,0,0,0,2.6267151504729,0,0,0,0,0,0,0,0,0,0,0,0,0,0,0,0,0,0,0,0,0,0,0,3.1209261758232,0,0,0,0,0,0,0,0,0,0,0,0,0,0,0,0
0,0,0,0,0,0,0,0,0,0,0,0,0,0,0,0,0,0,0,0,0,0,0,0,0,0,0,0,0,0,0,0,0,0,0,2.90232853162312,0,0,0,0,0,0,0,0,2.81040147268932,0,0,0,2.86003538946302,0,0,0,0,0,0,0,0,0,0,0,0,2.72058474160512,0,0,0,0,0,0,0,0,0,0,0,0,0,0,0,0,0,0,0,0,0,0,0,0,0,0,0,0,0,0,0,0,0,0,0,0,0,0,0,0,0,0,0,0,0,0,0,0,0,0,0,0,0,0,0,0,0,0,0,0,0,0,0,0,0,0,0,0,0,0,0,0,0,0,0,0,0,0,0,0,0,0,0,0,0,0,0,0,0,3.58978793710448,3.02571120939646,0,0,4.12653996763061,0,0,0,0,0,-2.76802684071735,0,0,0,0,0,0,0,0,0,0,0,0,0,0,0,3.14880962203177,0,0,0,0,0,0,0,0,0,0,0,0,0,0,0,0,0,0,0,0,0,0,0,0,0,0,0,0,0,0,0,0,0,0,0,0,0,2.29421709728793,0,0,0,0,0,0,0,0,0,0,0,0,0,0,0,2.73050777937633
0,0,0,0,0,0,0,0,0,0,0,0,2.99980110439498,0,0,0,0,0,0,0,0,0,0,0,0,2.95713944773167,0,0,0,0,0,0,0,0,3.02290180396336,3.02828793728433,0,0,0,0,0,0,2.87060453408396,3.10280650167112,0,3.09224314367732,0,0,3.7284058659494,0,0,0,0,0,0,0,0,0,0,0,0,0,0,0,0,0,0,0,0,0,0,0,0,0,0,0,0,0,0,0,0,0,0,0,0,0,0,0,0,0,0,0,0,0,0,0,0,0,0,0,0,0,0,0,0,0,0,0,0,0,0,0,0,0,3.21579802828423,0,0,0,0,2.98330236598069,0,3.01636285884812,0,0,0,0,0,0,0,0,0,0,0,0,0,0,0,0,3.08922654673238,0,0,0,2.92873766911455,0,0,0,2.8661169657637,0,2.97209392353888,2.61735473578474,2.66182743441845,0,0,0,0,0,0,0,0,0,0,0,0,0,0,0,0,0,0,0,0,0,0,0,0,0,0,0,0,0,0,0,0,0,0,0,0,0,0,0,0,0,0,0,0,0,0,0,0,0,0,0,0,0,0,0,0,0,0,0,0,0,0,0,0,0,0,0,0,0,0,0,0,0,0,0,0,0,0,0,0,0
0,0,0,0,0,0,0,0,0,0,0,0,0,0,0,0,0,0,0,0,0,0,0,0,0,0,0,2.76915031467093,0,0,0,0,0,0,0,0,0,0,0,0,0,0,0,0,0,0,0,0,0,0,0,0,0,0,0,0,0,0,0,0,0,0,0,0,0,0,0,0,0,0,0,0,0,0,0,0,0,0,0,0,0,0,0,0,-3.37318489976574,0,0,0,0,0,0,0,0,0,0,0,0,0,-2.72736636590061,0,0,0,0,0,0,0,0,0,0,0,0,0,0,0,0,0,0,0,0,0,0,0,0,0,0,0,0,0,0,0,0,0,0,0,0,0,0,0,0,0,0,0,0,0,0,0,0,0,0,0,0,0,0,0,0,0,0,0,0,0,0,0,0,0,0,0,0,0,0,0,0,0,0,0,0,0,0,0,0,0,0,0,0,0,0,0,0,0,0,0,0,0,0,0,0,0,-3.69568115169745,0,0,0,0,0,0,0,0,0,0,0,0,0,0,0,0,3.4031458214126,0,0,0,0,0,-2.89867883266558,0,0,0,0,0,0,0,0,0,2.65966539503661,0,0
3.54115047796256,0,0,0,0,0,0,0,0,0,0,0,0,0,0,0,0,0,0,0,0,0,0,0,0,2.78521581100552,0,0,0,0,0,0,0,0,2.93570304436843,3.01081749450114,0,0,0,0,0,2.86132267183425,0,3.56550788050842,4.25389433772003,0,0,0,3.86439755938503,3.5384646167922,0,0,0,0,0,0,0,0,0,0,0,2.80132214860422,0,0,0,0,0,0,0,0,0,0,0,0,0,0,0,0,0,0,0,0,0,0,0,0,0,0,0,0,0,0,0,0,0,0,0,0,0,0,0,0,0,0,0,0,0,0,0,0,0,0,0,0,0,0,0,0,0,2.7240674161762,2.9433906323682,0,0,0,0,0,0,0,0,0,0,0,0,0,0,0,2.7936076903087,0,0,0,0,0,0,0,0,2.9730322490955,3.52445104688058,0,3.02525824988283,0,0,0,2.55793209025468,0,2.75105920088164,3.3236826260194,0,0,0,0,0,0,0,0,0,0,0,0,0,0,0,0,0,0,0,0,0,0,0,0,0,0,0,0,0,0,0,2.6267151504729,0,0,0,0,0,0,0,0,0,0,0,0,0,0,0,0,0,0,0,0,0,0,0,2.61248765024841,0,0,0,0,0,0,0,0,0,0,0,0,0,0,0,0,0,0,0,2.98510960369236
0,0,0,0,0,0,3.46644932350449,3.00157397775473,3.36729061118759,0,0,0,3.0513783430693,3.12949300866823,3.01489275665337,2.65478226880464,3.40024907879649,3.50500690052621,0,0,0,0,0,0,0,3.20440611875477,0,0,0,0,0,2.85451885429479,0,0,3.92897931727429,3.96445943942932,2.7786064958783,0,0,2.82944549342021,2.56254393235913,0,0,0,3.07089288140529,3.69186978646872,0,0,3.31052468944055,0,0,0,0,0,0,0,0,0,3.27097201606193,2.87972688088245,3.05594908094442,0,0,4.09687327608847,0,3.66807719303439,0,0,0,0,0,0,0,0,0,3.42627145701337,0,0,0,0,0,0,0,0,0,0,0,0,0,0,0,0,0,0,0,0,0,3.33870278621748,0,0,0,0,0,0,0,0,0,0,2.70400008311205,2.73889990248418,0,0,0,0,3.21019290637178,2.95053210796404,0,0,0,2.5718725708167,3.79432164111199,4.1597553382262,0,0,0,0,0,0,0,0,0,0,0,0,0,0,0,3.47118609731991,2.79378066374268,3.15319931564025,0,0,0,0,0,0,0,0,0,0,0,0,0,0,0,0,0,0,0,0,0,0,0,0,0,0,2.94561595013284,0,0,0,0,0,0,0,0,0,0,0,0,0,0,0,0,0,0,0,0,0,0,0,0,0,0,0,0,0,0,0,0,0,0,0,0,0,0,0,0,0,0,0,2.28082426617999,0,0,0,0,0,0,0,0,0,0,0,0,0,0,0,0,0,3.6425078206235,0,0,0
0,0,0,0,0,0,0,0,0,0,0,0,0,0,0,0,0,0,0,0,0,0,0,0,0,0,0,0,0,0,0,0,0,0,0,0,0,0,0,0,0,0,2.96587535715764,0,0,0,0,0,0,0,0,0,0,0,0,0,0,0,0,0,0,0,0,0,0,0,0,0,0,0,0,0,0,0,0,0,-3.88768113311827,0,-3.46167115151755,0,0,0,0,0,0,0,0,0,0,0,0,0,0,0,0,-3.5488492980189,-4.39345337061723,-3.43608104482373,0,0,0,0,0,0,0,0,0,0,0,0,0,0,0,0,0,0,0,0,0,0,0,0,0,0,0,0,0,0,0,0,0,0,0,0,0,0,0,0,0,0,0,3.20836028626265,0,0,0,2.74370734734314,0,0,0,0,2.85251431501571,2.90418423398195,0,0,0,0,0,0,0,0,0,0,0,0,0,0,0,0,0,0,0,0,0,0,0,0,0,0,0,0,0,0,0,0,0,0,0,0,0,0,0,0,0,0,-3.17714533243138,0,0,0,0,0,0,0,0,0,0,0,0,0,0,0,0,0,0,2.81096215301646,0,0,0,0,0,-2.56703337668828,0,2.76455556384402,0,0,0,0,0,0,0,3.18237051163427,0,0
0,0,0,0,0,0,0,0,0,0,0,0,0,0,0,0,0,0,0,0,0,0,0,0,0,0,0,0,0,0,0,0,0,0,0,0,0,0,0,0,0,0,0,0,0,0,2.98089678006197,0,2.91129345735236,0,3.32961937862314,0,0,0,0,0,0,0,0,0,0,0,0,0,0,0,0,0,0,0,0,0,0,0,0,0,0,0,0,0,0,0,0,0,0,0,0,0,0,0,0,3.68137390617162,0,0,3.9705942753704,-2.63088749107816,-5.02461367365863,-5.00110459222064,0,0,0,0,0,0,0,0,0,0,0,0,0,0,0,0,0,0,0,0,0,0,0,0,0,0,0,0,0,0,0,0,0,0,0,0,0,0,0,0,0,0,0,0,0,0,0,2.643261399308,0,0,0,0,2.83915107300758,0,0,0,3.13896777762073,0,0,0,0,0,0,0,0,0,0,0,0,0,0,0,0,0,0,0,0,0,0,0,0,0,0,0,0,0,0,0,0,0,0,0,0,0,0,-3.17714533243138,0,-4.18713983607074,0,0,0,0,-2.81564055417609,0,0,0,0,0,0,0,0,0,0,0,0,2.41428032960775,0,0,-3.05774702635834,0,-2.2693023059688,-2.51285155091851,0,0,0,0,0,0,0,0,0,2.66839173754771,0,0
0,0,0,0,0,0,0,0,0,0,0,0,0,0,0,0,0,0,0,0,0,0,0,0,0,0,0,0,0,0,0,0,0,0,0,0,0,0,0,0,0,0,0,0,0,0,2.94731695331047,0,0,0,0,0,-3.31778647530172,0,0,0,0,4.45897767328529,3.3079378259594,4.13694161153874,0,0,0,0,4.10740716275737,0,0,4.14823816831688,0,0,0,0,0,0,0,0,0,0,0,0,0,0,0,0,0,0,4.56551404204443,0,0,3.52949521275354,0,0,0,0,3.57565664681631,0,-4.23253801955302,-4.87447401681926,3.53054792091706,0,0,0,0,0,2.61743394779768,0,0,0,0,0,0,0,0,0,0,0,0,0,0,0,0,0,0,0,3.63252863286125,0,0,0,0,0,0,0,0,0,3.18869749250949,3.21613187070198,0,0,0,0,3.3234615507521,3.0233757857219,3.66663841979777,0,0,2.85937069989684,0,0,0,0,0,2.65628942541748,0,0,0,0,0,0,0,0,0,0,0,0,3.05775481641763,3.12468972746401,0,3.54136790610273,0,0,0,0,0,2.96137411381843,0,3.66594111460858,0,0,2.93570767077441,0,0,0,0,0,0,0,0,0,0,0,0,0,0,0,-4.18713983607074,0,0,0,0,3.24453150662255,0,0,0,0,0,0,0,0,0,0,0,0,0,0,0,0,-2.17148529092583,0,0,-2.16721315413489,0,0,0,0,0,0,0,0,0,2.84980625890547,0,0
0,0,0,0,0,0,0,0,0,0,0,0,0,0,0,0,0,0,0,0,0,0,0,0,0,0,0,2.72128038070307,0,0,0,0,0,0,0,0,0,0,0,0,0,0,0,0,2.7713599716402,0,3.12710700507583,0,2.93529868673924,0,0,0,0,0,0,0,0,0,0,0,0,0,0,0,0,0,0,0,0,0,0,0,0,0,0,0,0,0,0,0,0,0,-2.70571479415278,0,0,0,0,0,0,0,0,0,0,0,0,0,0,0,0,0,0,0,0,0,0,0,0,0,0,0,0,0,0,0,0,0,0,0,0,0,0,0,0,0,0,0,0,0,0,0,0,0,0,0,0,0,0,0,0,0,0,3.64212358056206,2.55795291428507,0,3.31057641838106,3.5185219563984,2.6692288896967,0,3.14754974934563,0,3.78271329157017,0,0,0,3.45520073348277,0,0,0,0,0,0,0,0,0,0,0,0,3.31293797736984,0,0,0,0,0,3.06969913401674,0,0,0,0,0,0,0,0,0,0,0,0,0,0,0,0,-3.69568115169745,0,0,0,0,0,0,0,0,0,0,0,0,0,0,0,0,0,0,0,0,0,0,2.86366611469562,0,0,0,0,-2.65230324221113,-3.19740281116086,0,0,0,0,-3.10959513012786,0,0,0,0,2.25337267168528,0,0
0,0,0,0,0,0,0,0,0,0,0,0,0,0,0,0,0,0,0,0,0,0,0,0,0,0,0,0,0,0,0,0,0,0,0,0,2.90648226921975,0,0,0,0,0,0,0,0,0,0,0,0,0,0,0,0,0,0,0,0,0,0,0,0,0,0,0,0,0,0,0,0,0,0,0,0,0,0,0,0,0,0,0,0,0,-3.20111789131527,0,0,0,0,0,0,0,0,0,0,0,0,0,0,0,0,0,0,0,0,0,0,0,0,0,0,0,0,0,0,0,0,0,0,0,0,3.18028216431208,0,2.75917430539192,0,0,0,0,0,0,0,0,0,0,0,0,0,0,0,0,3.14316012829175,0,0,0,0,0,0,0,0,0,0,0,0,0,0,0,0,0,0,0,0,0,0,0,0,0,0,0,2.75439386109722,0,0,0,0,0,0,0,0,0,0,0,0,0,0,0,0,0,0,0,0,0,0,0,0,0,0,0,0,0,0,0,0,0,0,0,0,0,0,0,0,0,0,0,0,0,0,0,0,0,0,0,0,0,0,0,0,0,0,0,0,0,0,0,0,0
0,0,0,0,0,0,0,0,0,0,0,0,0,0,0,0,0,0,0,0,0,0,0,0,0,0,0,0,0,0,0,0,0,0,0,0,0,0,0,0,0,0,0,0,0,0,0,0,0,0,0,0,0,0,0,0,0,0,0,0,0,0,4.07174887622747,0,0,0,0,0,0,0,0,0,0,0,0,0,0,0,0,0,0,0,0,0,0,0,0,0,0,0,0,0,0,0,0,0,0,0,0,0,0,0,0,0,0,0,0,0,0,0,0,0,0,0,0,0,0,0,0,0,0,0,0,0,0,0,0,0,0,0,0,0,0,0,0,0,0,0,0,0,0,0,0,0,0,0,0,0,0,0,2.69079313626288,0,0,0,0,0,0,0,0,0,0,0,0,0,0,0,0,0,0,0,0,0,0,0,0,0,0,0,0,0,0,0,0,0,0,0,0,0,0,0,0,0,0,0,0,0,0,0,0,0,0,0,0,0,0,0,0,0,0,0,0,0,2.21250897071018,0,0,0,0,0,0,0,0,0,0,0,0,0,0,0,0,0,0,0
0,0,0,0,0,0,0,0,0,0,0,0,0,0,0,0,0,0,0,0,0,0,0,0,0,0,0,0,0,0,0,0,0,0,0,0,0,0,0,2.69239104338027,0,0,0,0,0,0,0,0,0,0,0,0,0,0,0,0,0,0,2.86446908298461,0,0,2.90302731198257,4.04961871306357,2.88419151157954,0,0,0,0,0,0,0,0,0,0,0,0,0,0,0,0,0,0,0,0,0,0,0,0,0,0,0,0,0,0,0,0,0,0,0,0,0,0,0,0,0,0,0,0,0,0,0,0,0,0,0,0,0,0,0,0,0,0,0,0,0,0,0,0,0,0,0,0,0,0,0,0,0,0,0,0,0,0,0,0,0,0,0,0,0,0,0,0,0,0,0,0,0,0,0,0,0,0,0,0,0,0,0,2.89908350386217,0,0,0,0,0,0,0,0,0,0,0,0,0,0,0,0,0,0,0,0,0,0,0,0,0,0,0,3.24453150662255,0,0,0,0,0,0,0,0,0,0,0,0,0,0,0,0,0,0,0,0,0,0,0,0,0,0,0,0,0,0,0,0,0,0,0,0
0,0,0,0,0,0,0,0,0,0,0,0,0,0,0,0,0,0,0,0,0,0,0,0,0,0,0,0,0,0,0,0,0,0,0,0,0,0,0,0,0,0,0,0,0,0,3.57316908275987,0,0,0,0,0,0,0,0,0,0,0,0,0,0,0,0,0,0,0,0,3.96807734262685,0,0,0,0,0,0,0,0,0,0,0,0,0,0,0,0,0,0,3.88720209511984,0,0,3.19860554711456,0,3.06986934586214,0,0,0,-2.56478399828466,0,0,0,0,0,0,0,0,0,0,0,0,0,0,0,0,0,0,0,0,0,0,0,0,0,0,0,0,0,0,0,0,0,0,0,0,0,0,0,0,0,0,0,0,0,0,0,0,0,0,0,0,0,0,0,0,0,0,0,0,0,0,-2.90462385553959,0,0,0,0,0,0,0,0,0,0,0,0,0,0,0,0,0,0,0,2.88273735915405,0,0,0,0,0,0,0,0,0,0,0,0,0,0,0,-2.81564055417609,0,0,0,0,0,0,0,0,-2.18194978643656,0,0,0,0,0,0,0,0,0,0,0,0,-2.96837579317812,0,-2.25494136885221,-2.30086747508577,0,0,0,0,0,0,0,-2.66147044775659,0,0,0,0
0,0,0,0,0,0,0,0,0,0,0,0,0,0,0,0,0,0,0,0,0,0,0,0,0,0,0,0,0,0,0,0,0,0,0,0,0,0,0,0,0,0,0,0,0,0,0,0,0,0,0,0,0,0,0,0,0,0,0,0,0,0,0,0,0,0,0,0,0,0,0,0,0,0,0,0,0,0,0,0,0,0,0,0,0,0,0,0,0,0,0,0,0,0,0,-2.89058973708546,0,0,0,0,0,0,0,0,0,0,0,0,0,0,0,0,0,0,0,0,0,0,0,0,0,0,0,0,0,0,0,0,0,0,0,0,0,0,0,0,0,0,0,0,0,0,0,0,0,0,0,0,0,0,0,0,0,0,0,0,0,0,0,0,0,0,0,0,0,0,0,0,0,0,0,0,0,0,0,0,0,0,0,0,0,0,0,0,0,0,0,0,0,0,0,0,0,0,0,0,0,0,0,0,0,0,0,0,0,0,0,0,0,0,0,0,0,0,0,0,0,-3.10683841488908,0,0,0,0,0,0,0,0,0,0,2.11529240715528,3.1161159668671,0,0
0,0,0,0,0,0,0,0,0,0,0,0,0,0,0,0,0,0,0,0,0,0,0,0,0,0,0,0,0,0,0,0,0,0,0,0,0,0,0,0,0,0,0,0,0,0,3.30663563035791,0,0,0,-2.68600287439677,0,0,0,-2.57713761394,0,0,0,0,0,0,0,0,0,0,0,0,0,0,0,0,0,0,0,0,0,0,0,0,0,0,0,0,0,0,0,3.95234252641996,0,0,0,0,0,0,0,0,0,0,0,0,0,0,0,0,0,0,0,0,0,0,0,0,0,0,0,0,0,0,0,0,0,0,0,0,0,0,0,0,0,0,0,0,0,0,0,0,0,0,0,0,0,0,0,0,0,0,0,0,0,0,0,0,0,0,0,0,0,0,0,0,0,-3.16444785215517,0,0,0,0,0,0,0,0,0,0,0,0,0,0,0,0,0,0,0,0,0,0,0,0,0,0,0,0,0,0,0,0,0,0,0,0,0,0,0,0,0,0,0,-3.2850500862276,0,0,0,-2.76192120254806,0,0,0,0,0,0,0,0,0,0,0,0,0,0,0,0,0,0,0,0,0,0,0
0,0,0,0,0,0,0,0,0,0,0,0,0,0,0,0,0,0,0,0,0,0,0,0,0,0,0,0,0,0,0,0,0,0,0,0,0,0,0,0,0,0,0,0,0,0,4.01995664074305,0,0,0,-2.76650904964325,0,0,0,0,0,0,0,0,0,0,0,0,0,0,0,0,0,0,0,0,0,0,0,0,0,0,0,0,0,0,0,0,0,0,0,0,0,0,0,0,0,0,0,0,0,0,0,0,0,0,0,0,0,0,0,0,0,0,0,0,0,0,0,0,0,0,0,0,0,0,0,0,0,0,0,0,0,0,-2.88786072021153,0,0,0,0,0,0,0,0,0,0,0,0,0,0,0,0,0,0,0,0,0,0,0,0,0,0,0,0,-4.06436321660268,0,0,0,0,0,0,0,0,0,0,0,-3.14386155239501,0,0,0,0,0,0,0,0,0,0,0,0,0,0,0,0,0,0,0,0,0,0,0,0,0,0,0,0,0,0,0,0,0,0,0,0,0,-3.30159087354374,0,0,0,0,0,0,0,0,0,-2.22048075054787,-2.16709063794664,0,0,0,0,0,0,0,0,0,0,0,0
0,0,0,0,0,0,0,0,0,0,0,0,0,0,0,0,0,0,0,0,0,0,0,0,0,0,0,0,0,0,0,0,0,0,0,0,0,0,0,0,0,0,0,0,0,0,0,0,0,0,0,0,0,0,0,0,0,0,0,0,0,0,0,0,0,0,0,0,0,0,0,0,0,0,0,0,0,0,0,0,0,0,0,0,0,0,0,0,0,0,0,0,0,0,0,0,0,0,0,0,0,0,0,0,0,0,0,0,0,0,0,0,0,0,0,0,0,0,0,0,0,0,0,0,0,0,0,0,0,0,0,0,0,0,0,0,0,0,0,0,0,0,0,0,0,0,0,0,0,0,0,0,0,0,0,0,0,0,0,0,0,0,0,0,0,0,0,0,0,0,0,0,0,0,0,0,0,0,0,0,0,0,0,0,0,0,0,0,0,0,0,0,0,0,0,0,0,0,0,0,0,0,-3.2850500862276,0,0,0,0,0,0,0,0,0,0,0,0,0,0,0,0,0,0,0,0,0,0,0,0,0,0,0,0,0
0,0,0,0,0,0,0,0,0,0,0,0,0,0,0,0,0,0,0,0,0,0,0,0,0,0,0,0,0,0,0,0,0,0,0,0,0,0,0,0,0,0,0,0,0,0,0,0,0,0,0,0,0,0,0,0,0,0,2.96623965829133,0,0,0,0,0,0,3.500687392189,0,0,0,0,0,0,0,0,0,0,0,0,0,0,0,0,0,0,0,0,0,0,0,0,0,0,0,0,0,0,0,0,0,0,0,0,0,0,0,0,0,0,0,0,0,0,0,0,0,0,0,0,0,0,0,0,0,0,0,0,0,0,0,0,0,0,0,0,0,0,0,0,0,0,0,0,0,0,0,0,0,0,0,0,0,0,0,0,0,0,0,0,0,0,0,0,0,0,0,0,0,0,0,0,0,0,0,0,0,0,0,0,0,0,0,2.90890925044515,0,0,0,0,0,0,0,0,0,0,0,0,0,0,0,0,0,0,0,0,0,0,0,0,0,0,0,0,0,0,0,0,0,0,0,0,0,0,0,0,0,0,0,0,0,0,0,0,0,0
3.06624825038691,0,0,0,0,0,0,0,0,0,0,0,0,0,0,0,0,0,0,0,0,0,0,0,0,0,0,0,0,0,0,0,0,0,0,0,0,0,0,0,0,0,0,0,0,0,0,0,0,0,0,0,0,0,0,0,0,0,0,0,0,0,0,0,0,3.16994310865458,0,0,0,0,0,0,0,0,0,0,0,0,0,0,0,0,0,0,0,0,0,0,0,0,0,0,0,0,0,0,0,0,0,0,0,0,0,0,0,0,0,0,0,0,0,0,0,0,0,0,0,0,0,0,0,0,0,0,0,0,0,0,0,0,0,0,0,0,0,0,0,0,0,0,0,0,0,0,0,0,0,0,0,0,0,0,0,0,0,0,0,0,0,0,0,0,0,0,0,0,0,0,3.0015624880288,0,0,0,0,0,0,0,0,0,0,0,0,0,0,0,0,0,0,0,0,0,0,0,0,0,0,0,0,0,0,0,0,0,0,0,0,0,0,0,0,0,0,0,0,0,0,0,0,0,0,0,0,0,0,0,0,0,0,0,0,0,0,0
0,0,0,0,0,0,0,0,0,0,0,0,0,0,0,0,0,0,0,0,0,0,0,0,0,0,0,0,0,0,0,0,0,0,0,0,0,0,0,0,0,0,0,0,0,0,0,0,0,0,0,0,0,0,0,0,0,0,0,0,0,0,0,0,0,0,0,0,0,0,0,0,0,0,0,0,0,0,0,0,0,0,0,0,0,0,0,0,0,0,0,0,0,0,0,0,0,0,0,0,0,0,0,0,0,0,0,0,0,0,0,0,0,0,0,0,0,0,0,0,0,0,0,0,0,0,0,0,3.18512201822009,0,0,0,0,0,0,0,0,0,0,0,0,0,0,0,0,0,0,0,0,0,0,0,0,0,0,0,0,0,0,0,0,0,0,0,0,0,0,0,0,0,0,0,0,0,0,0,0,0,0,0,0,0,0,0,0,0,0,0,0,0,0,0,0,0,0,0,0,0,0,0,0,0,0,0,0,0,0,0,0,0,0,0,0,0,0,0,0,0,0,0,0,0,0,0,0,0,0,0,0,0,0,0
0,0,0,0,0,0,0,0,0,0,0,0,0,0,0,0,0,0,0,0,0,0,0,0,0,0,0,0,0,0,0,0,0,0,0,0,0,0,0,0,0,0,0,0,0,0,0,0,0,0,0,0,0,0,0,0,0,0,0,0,0,0,0,0,0,0,0,0,0,0,0,0,0,0,0,0,0,0,0,0,0,0,0,0,0,0,0,0,0,0,0,0,0,0,0,0,0,0,0,0,0,0,0,0,0,0,0,0,0,0,0,0,0,0,0,0,0,0,0,0,0,0,0,0,0,0,0,0,0,0,0,0,0,0,0,0,0,0,0,0,0,0,0,0,0,0,0,0,0,0,0,0,0,0,0,0,0,0,0,0,0,0,0,0,0,0,0,0,0,0,0,0,0,0,0,0,0,0,0,0,0,0,0,0,0,0,0,0,0,0,0,0,0,0,0,0,0,0,0,0,0,0,-2.76192120254806,-3.30159087354374,0,0,0,0,0,0,0,0,0,0,0,0,0,-3.2616286161094,0,0,0,0,0,0,0,0,0,0,0,0,0,0
0,0,0,2.59373629111262,0,0,0,0,0,0,0,0,0,0,0,0,0,0,0,0,0,0,0,0,0,0,0,0,0,0,0,0,0,0,0,0,0,0,0,0,0,0,0,0,0,0,0,0,0,0,0,0,0,0,0,0,0,0,0,0,0,0,0,0,0,0,0,0,0,0,0,0,0,0,0,0,0,0,0,0,0,0,0,0,0,0,0,0,0,0,0,0,0,0,0,0,0,0,0,0,0,0,2.69338403840843,0,0,0,0,0,0,0,0,0,0,0,0,0,0,0,0,0,0,0,0,0,0,0,0,0,0,0,0,0,0,0,0,0,0,0,0,0,0,0,0,0,0,0,0,0,0,0,0,0,0,0,0,0,0,3.10744137317518,0,0,0,0,0,0,0,0,0,0,0,0,0,0,0,0,0,0,0,0,0,0,0,0,0,0,0,0,0,0,0,0,0,0,0,0,0,0,0,0,0,0,0,0,0,0,0,0,0,0,0,0,0,0,0,0,0,0,0,0,0,0,0,0,0,0,0,0,0,0,0,0,0,0
0,0,0,0,0,0,0,0,0,0,0,0,0,0,0,0,0,0,0,0,0,0,0,0,0,0,0,0,0,0,0,0,0,0,0,0,0,0,0,0,0,0,0,0,0,0,0,0,0,0,0,0,0,0,0,0,0,0,0,0,0,0,0,0,0,0,0,0,0,0,0,0,0,0,0,0,0,0,0,0,0,0,0,0,0,0,0,0,0,0,0,0,0,0,0,0,0,0,0,0,0,0,0,0,0,0,0,0,0,0,0,0,0,0,0,0,0,0,0,0,0,0,0,0,0,0,0,0,0,0,0,0,0,0,0,0,0,0,0,0,0,0,0,0,0,0,0,0,0,0,0,0,0,0,0,0,0,0,0,0,0,0,0,0,0,0,0,0,0,0,0,0,0,0,0,0,0,0,0,0,0,0,0,0,0,0,0,0,0,0,0,0,0,0,0,0,0,0,0,0,0,0,0,0,0,0,0,0,0,0,0,0,0,0,0,0,0,0,0,0,0,0,0,0,0,0,0,0,0,0,0,0
0,0,0,0,0,0,0,0,0,0,0,0,0,0,0,0,0,0,0,0,0,0,0,0,0,0,0,0,0,0,0,0,0,0,0,0,0,0,0,0,0,0,0,0,0,0,0,0,0,0,0,0,0,0,0,0,0,0,0,0,0,0,0,0,0,0,0,0,0,0,0,0,0,0,0,0,0,0,0,0,0,0,0,0,0,0,0,0,0,0,0,0,0,0,0,0,0,0,0,0,0,0,0,0,0,0,0,0,0,0,0,0,0,0,0,0,0,0,0,0,0,0,0,0,0,0,0,0,0,0,0,0,0,0,0,0,0,0,0,0,0,0,0,0,0,0,-2.76238484040548,0,0,0,0,0,0,0,0,0,0,0,0,0,0,0,0,0,0,0,0,0,0,0,0,0,0,0,0,0,0,0,0,0,0,0,0,0,0,0,0,0,0,0,0,2.61248765024841,0,0,0,0,0,0,0,0,0,0,0,0,0,0,0,0,0,0,0,0,0,0,0,0,0,0,0,0,0,0,0,0,0,0,0,0,0,0,0,0
0,0,0,0,0,0,0,0,0,0,0,0,0,3.49620403338653,0,2.69847287936939,0,0,0,0,0,0,0,0,0,0,2.95822199388683,0,0,0,0,0,0,0,3.16111832272932,2.94112896866312,0,0,0,0,3.43819319517966,0,0,0,0,0,0,0,0,0,0,0,0,0,3.45709445105494,0,0,0,0,0,0,0,0,0,0,0,0,0,0,0,0,0,0,0,0,0,0,0,0,0,0,0,0,0,0,0,0,0,0,0,0,2.66493217509679,0,0,0,0,0,0,0,0,0,0,0,0,0,0,0,0,0,2.6000664817542,0,0,0,0,0,0,0,0,0,0,0,0,0,0,0,0,0,0,0,0,0,0,0,0,0,0,0,0,0,2.97732902689187,0,0,0,0,0,0,0,0,0,0,0,0,0,0,0,0,0,4.57794394046796,0,0,3.51799684800736,0,0,0,0,0,0,0,0,0,0,0,0,0,0,0,0,0,0,0,0,0,0,0,0,0,0,0,0,0,0,0,0,0,0,0,0,0,0,0,0,0,0,0,0,0,0,0,0,0,0,0,0,0,0,0,0,0,0,0,0,0,0,0,0,0,0,0,0,0,0,0
0,0,0,0,0,0,0,0,0,0,0,0,0,3.23249133012661,0,2.94683603645134,0,0,0,0,0,0,2.96226879187271,0,0,0,3.73681602990374,0,0,0,0,0,0,0,3.45061427262581,0,0,0,0,0,0,0,0,0,0,0,0,0,0,0,0,0,0,0,0,0,0,0,0,0,0,0,0,0,0,0,0,0,0,0,0,0,0,0,0,0,0,0,0,0,0,0,3.24651355175447,0,3.07102411218909,0,0,0,0,0,0,0,0,0,0,0,0,2.62472798687055,2.71348996834239,2.65644605126515,0,0,0,0,0,0,0,0,0,2.6298065549712,0,0,0,0,0,0,0,0,2.75448022339878,0,3.46413188044037,0,0,0,0,0,0,0,3.26619251617975,3.1572050151652,0,0,0,0,0,0,2.85625242030229,0,0,0,0,0,0,0,0,0,0,0,0,0,0,0,0,0,0,0,0,2.65210097076551,0,0,0,0,0,0,0,0,0,0,0,0,0,0,0,0,0,0,0,0,0,0,0,0,0,2.70697507959723,0,0,0,0,0,0,3.4031458214126,0,0,2.81096215301646,0,0,2.86366611469562,0,0,0,0,0,0,0,0,0,0,0,0,0,0,0,0,0,0,0,0,0,0,0,0,0,0,0,0,0,0,0,0,0,0,0
2.64550542522713,0,2.80691229133373,0,0,0,0,0,0,2.54731469660621,0,0,0,0,0,0,0,0,0,0,0,0,0,0,0,0,0,0,0,0,0,0,0,0,0,0,0,0,0,0,0,0,0,0,0,0,0,0,0,0,2.73752392744122,0,0,0,0,2.61314840415011,0,0,0,0,0,0,0,0,0,0,0,0,0,0,0,0,0,0,0,0,0,0,0,0,0,0,0,0,0,0,0,0,0,0,0,0,2.82327099593894,0,0,0,0,0,0,0,0,0,3.48774186647355,0,0,2.96364305448414,0,0,0,2.8233562709197,0,0,0,0,0,0,0,0,0,0,0,0,0,0,0,0,0,0,0,0,0,0,0,0,0,0,0,0,0,0,0,0,0,0,0,0,0,0,0,0,0,0,0,0,0,0,0,2.79319792817421,0,0,0,0,0,0,0,0,0,0,0,0,0,0,0,0,0,0,0,0,0,0,0,0,0,0,0,0,0,0,0,0,0,0,0,0,0,0,0,0,0,0,0,0,0,0,0,0,0,0,0,0,0,0,0,0,0,0,0,0,0,0,0,0,0,0,0,0,0,0,0,0,0,0
2.96415208098682,0,3.0437177950886,2.98354145249709,0,0,0,0,0,0,0,0,0,0,0,0,0,0,0,0,0,0,0,0,0,0,0,0,0,0,0,0,0,0,0,0,0,0,0,0,0,0,0,0,0,0,0,0,0,0,0,0,0,0,0,0,0,0,0,0,0,0,0,0,0,0,0,0,0,0,0,0,0,0,0,0,0,0,0,0,0,0,0,0,0,0,0,0,0,0,0,0,0,0,0,0,0,0,0,0,0,0,3.85002261486955,0,0,2.59973111460066,0,0,0,0,0,0,0,0,0,0,0,0,0,0,0,0,0,0,0,0,0,0,0,0,0,0,0,0,0,0,0,0,0,0,0,0,0,0,0,0,0,0,0,0,0,0,0,0,0,0,0,0,0,0,0,0,0,0,0,0,0,0,0,0,0,0,0,0,0,0,0,0,0,0,0,0,0,0,0,0,0,3.12092617582319,0,0,0,0,0,0,0,0,0,0,0,0,0,0,0,0,0,0,0,0,0,0,0,0,0,0,0,0,0,0,0,0,0,0,0,0,0,0,0,0,0,0,0,0
0,0,0,0,0,0,0,0,0,0,0,0,0,0,0,0,0,0,0,0,0,0,0,0,0,0,0,0,0,0,0,0,0,0,0,0,0,0,0,0,0,0,0,0,0,0,4.37400272183072,0,0,0,0,0,0,0,0,0,0,0,0,0,0,0,0,0,0,0,0,2.72568510699913,0,0,0,0,0,0,0,0,0,0,0,0,0,0,0,0,0,0,4.38000023898295,0,0,3.03157326169544,0,0,0,0,0,0,-2.65572443018802,0,0,0,0,0,0,0,0,0,0,0,0,0,0,0,0,0,0,0,0,0,0,0,0,0,0,0,0,0,0,0,0,0,0,0,0,0,0,0,0,0,0,0,0,0,0,0,0,0,0,0,0,0,3.31782296131048,0,0,0,2.65135564696237,0,0,0,-2.77802790405787,0,0,0,0,0,0,0,0,0,0,0,0,0,0,0,0,0,0,0,0,0,0,0,0,0,0,0,0,0,0,0,0,0,0,0,-3.05774702635834,0,0,0,0,0,-2.96837579317813,0,0,0,0,0,0,0,0,0,0,0,0,0,0,0,0,0,0,-2.39765649143998,-3.28443823816305,0,0,0,0,0,0,0,0,2.76407309757277,0,2.53278998153645
0,0,0,0,0,0,0,0,0,0,0,0,0,0,0,0,0,0,0,0,0,0,0,0,0,0,0,0,0,0,0,0,0,0,0,0,0,0,0,0,0,0,0,0,0,0,0,0,0,0,0,0,0,0,0,0,0,0,0,0,0,0,0,0,0,0,0,0,0,0,0,0,0,0,0,0,0,0,0,0,0,0,0,0,0,0,0,0,0,0,0,0,0,0,0,0,0,0,0,0,0,0,0,0,0,0,0,0,0,0,0,0,0,0,0,0,0,0,0,0,0,0,0,0,0,0,0,0,0,0,0,0,0,0,0,0,0,0,0,0,2.83561892827487,3.27169226097616,0,0,0,0,0,0,0,2.75056391193462,0,0,0,0,3.11800843625386,0,0,0,-3.12720008756766,0,0,0,0,0,0,0,0,0,0,0,0,0,0,0,0,0,0,0,0,0,0,0,0,0,0,0,0,0,0,0,0,0,0,0,0,0,0,0,0,0,0,-3.10683841488909,0,0,0,0,0,0,-3.26162861610941,0,0,0,0,0,0,0,0,0,0,0,0,0,0,0,0,0,0,0,0,0,0,0
0,0,0,0,0,0,0,0,0,0,0,0,0,0,-3.40229160868711,0,0,0,0,0,0,0,0,0,0,0,0,0,0,0,0,0,0,0,0,0,0,0,0,0,0,0,0,0,0,0,3.40888829679018,0,0,0,0,0,0,0,0,0,0,0,0,0,0,0,0,0,0,0,0,0,0,0,0,0,0,0,0,0,0,0,0,0,0,0,0,0,0,0,0,0,0,0,0,0,0,0,0,0,0,0,0,0,0,0,0,0,0,0,0,0,0,0,0,0,0,0,0,0,0,0,0,0,0,0,0,0,0,0,0,0,0,0,0,0,0,0,0,0,0,0,0,0,0,0,0,0,0,0,0,0,0,0,0,0,0,0,0,3.56954980246413,0,0,0,0,0,0,0,0,0,0,0,0,0,0,0,0,0,3.56066717787891,0,0,0,0,0,0,0,0,0,0,0,0,0,0,0,0,0,0,0,0,0,0,-2.65230324221113,0,0,0,0,0,0,0,0,0,0,0,0,0,0,0,0,0,0,0,0,0,0,0,0,0,0,0,0,0,0,0,0,0,0,0
0,0,0,0,0,0,0,0,0,0,0,0,0,0,0,0,0,0,0,0,0,0,0,0,0,0,0,0,0,0,0,0,0,0,0,0,0,0,0,0,0,0,0,0,0,0,0,0,0,0,0,0,0,0,0,0,0,0,0,0,0,0,0,0,0,0,0,0,0,0,0,0,0,0,0,0,0,0,0,0,0,0,0,0,0,0,0,0,0,0,0,0,0,0,0,0,0,0,0,0,0,0,0,0,0,0,0,0,0,0,0,0,0,0,0,0,0,0,0,0,0,0,0,0,0,0,0,0,0,0,0,0,0,0,0,0,0,0,0,0,0,0,0,0,0,0,0,0,0,0,0,0,0,0,0,0,0,0,0,0,0,0,0,0,0,0,0,0,0,0,0,0,0,3.64987830712654,0,0,0,0,0,0,0,0,0,0,0,0,0,0,0,0,-2.89867883266558,0,0,-2.56703337668828,0,0,-3.19740281116086,0,0,0,0,0,0,0,0,0,0,0,0,0,0,0,0,0,0,0,0,0,0,0,0,0,0,0,0,0,0,0,0,0,0,0
0,0,0,0,0,0,0,0,0,0,0,0,0,0,0,0,0,0,0,0,0,0,0,0,0,0,0,0,0,0,0,0,0,0,0,0,0,0,0,0,0,0,0,0,0,0,0,0,0,0,0,0,0,-4.9498394164854,0,0,0,0,0,0,0,0,0,0,0,0,0,0,0,0,0,0,0,0,0,0,0,0,0,0,0,0,0,0,0,0,0,0,0,0,0,0,0,0,0,0,0,0,0,0,0,0,0,0,0,0,0,0,0,0,0,0,0,0,0,0,0,0,0,0,0,0,0,0,0,0,0,0,0,0,0,0,0,0,0,0,0,0,0,0,0,2.60292306026411,0,0,0,0,0,0,0,0,0,0,3.49284582936418,0,0,0,0,0,-2.79331607461083,0,0,0,0,0,0,0,0,0,0,0,0,0,0,0,0,0,0,0,0,0,0,0,0,0,0,0,0,0,0,0,0,0,0,0,0,0,0,0,0,0,0,0,0,0,0,0,0,0,0,0,0,0,0,0,0,0,-3.28443823816305,0,0,0,0,0,0,0,0,0,0,0,0,0,0,0
0,0,0,0,0,0,0,0,3.6647978738144,0,0,0,0,0,0,0,0,0,0,0,0,0,0,0,0,0,0,0,0,0,0,3.14205049753876,0,0,3.04576663347403,0,3.65366407889566,0,2.86279293175261,0,0,0,0,0,0,0,0,0,0,0,0,0,0,0,0,0,0,3.82157650436941,3.5396978278977,3.44455719994381,0,0,0,0,0,4.04701547012278,3.2014371865575,0,0,2.82011609716577,0,0,0,0,3.01035927999798,4.00545952906471,0,0,0,0,0,0,0,0,0,0,0,0,0,2.91454826358247,0,0,0,0,0,0,0,0,0,0,0,0,0,0,0,0,0,3.82858484857985,0,0,0,0,0,0,0,0,0,0,0,0,0,0,0,0,3.28939490799896,0,0,0,3.84938723757658,0,0,3.27656177480598,3.60107982253773,0,0,3.93227940576785,0,0,3.77527678075688,0,0,3.66203769241704,0,0,3.17281751740483,0,0,0,0,0,0,0,0,0,0,0,0,0,0,0,0,0,0,0,3.80580672083119,0,0,0,0,0,0,0,3.28623382620109,0,0,0,0,0,0,2.99843042716419,0,0,0,2.71926477073359,0,0,0,0,0,0,0,0,0,2.76455556384402,0,0,0,0,0,0,0,0,0,0,0,0,0,0,0,0,0,0,0,0,0,0,0,0,0,0,0,0,0,0,0,0,0,0,0,0,0,0
4.31339264920308,0,0,0,0,0,0,0,0,0,0,0,0,3.45873425049859,0,0,0,0,0,0,0,0,0,0,0,0,3.34689072545738,0,0,0,0,0,0,0,0,0,0,0,0,0,0,0,0,0,0,0,0,0,0,0,2.75515370407378,0,0,0,2.80564119074384,0,0,0,0,0,0,0,0,0,0,3.7374315919364,0,2.72671317036294,0,3.05976424864827,0,0,0,0,0,0,0,3.0412426887758,0,0,0,0,0,0,0,0,2.88989550474396,0,0,0,0,0,2.91464220952434,2.71627015713239,0,0,0,0,0,0,3.45026882728773,0,0,0,0,0,0,0,0,0,0,0,0,0,0,0,0,0,3.18457513881107,0,0,0,0,0,0,0,0,0,0,2.9833200711543,0,0,2.77468946500165,0,0,0,0,0,0,0,0,0,0,0,0,0,0,3.36720829806995,0,0,0,0,0,0,0,0,0,0,0,0,3.27184737912013,0,0,0,0,3.23405757969355,0,0,0,0,0,0,0,3.94458654395919,0,0,0,0,0,0,0,0,0,0,0,0,0,0,0,0,0,0,0,0,0,0,0,0,0,0,0,0,0,0,0,0,0,0,0,0,0,0,0,0,0,0,0,0,0,0,0,0,0,0,0,0,0,0,0,0,0,0
0,0,0,0,0,0,0,0,0,0,0,0,0,0,0,0,0,0,0,0,0,0,0,0,0,0,2.84389087685708,0,0,0,0,0,0,0,0,0,0,0,0,0,0,0,0,0,0,0,0,0,0,0,0,0,0,0,0,0,0,0,0,0,0,0,0,0,0,0,0,0,0,0,0,0,0,0,0,0,0,0,0,0,0,0,0,0,0,0,0,0,0,0,0,0,0,0,0,0,0,0,0,0,0,0,0,0,0,0,0,0,0,0,0,0,0,0,0,0,0,0,0,0,0,0,0,0,0,0,0,0,3.51444879701427,2.59219529333242,0,0,0,0,0,0,0,0,0,0,0,0,0,0,0,0,0,0,0,0,0,0,0,0,0,0,0,0,0,0,0,0,0,0,0,0,0,0,0,0,0,0,0,0,0,0,0,0,0,0,0,0,0,0,0,0,0,0,0,0,0,0,0,0,0,0,0,0,0,0,0,0,0,0,0,0,0,0,0,0,0,0,0,0,0,0,0,0,0,0,0,0,0,0,0,0,0,0,0,0,0,0
0,0,0,0,0,0,0,0,0,0,0,0,0,0,0,0,0,0,0,0,0,0,0,0,0,0,0,0,0,0,0,0,0,0,0,0,0,0,0,0,0,0,0,0,0,0,0,0,0,0,0,0,0,0,0,0,0,0,0,0,0,0,0,0,0,0,0,0,0,0,0,0,0,0,0,0,0,0,0,0,0,0,0,0,0,0,0,0,0,0,0,0,0,0,0,0,0,0,0,0,0,0,0,0,0,0,0,0,0,0,0,0,0,0,0,0,0,0,0,0,0,0,0,0,0,0,0,0,0,0,0,0,0,0,0,0,0,0,0,0,0,0,0,0,0,0,0,0,0,0,0,0,0,0,0,0,0,0,0,0,0,0,0,0,0,0,0,0,0,0,0,0,0,0,0,0,0,0,0,0,0,0,0,0,0,0,0,0,0,0,0,0,0,0,0,0,-3.10959513012786,0,0,0,0,0,0,0,0,0,0,0,0,0,0,0,0,0,0,0,0,0,0,0,0,0,0,0,0,0,0,0,0,0,0,0
0,0,0,0,0,0,0,0,0,0,0,0,0,0,0,0,0,0,0,0,0,0,0,0,0,0,0,0,0,0,0,0,0,0,0,0,0,0,0,0,0,0,0,0,0,0,0,0,0,0,0,0,0,0,0,0,0,0,0,0,0,0,0,0,0,0,0,0,0,0,0,0,0,0,0,0,0,0,0,0,0,0,0,0,0,0,0,0,0,0,0,0,0,0,0,0,0,0,0,0,0,0,0,0,0,0,0,0,0,0,0,0,0,0,0,0,0,0,0,0,0,0,0,0,0,0,0,0,0,0,0,0,0,0,0,0,0,0,0,0,0,0,0,0,0,0,0,0,0,0,0,0,0,0,0,0,0,0,0,0,0,0,0,0,0,0,0,0,0,0,0,0,0,0,0,0,0,0,0,0,0,0,0,0,0,0,0,0,0,0,0,0,0,0,0,0,0,0,0,0,0,0,0,0,0,0,0,0,0,0,0,0,0,0,0,0,0,0,0,0,0,0,0,0,0,0,0,0,0,0,0,0
0,0,0,0,0,0,0,0,0,0,0,0,0,0,0,0,0,0,0,0,0,0,0,0,0,0,0,0,0,0,0,0,0,0,0,0,0,0,0,0,0,0,0,0,0,0,0,0,0,0,0,0,0,0,0,0,0,0,0,0,0,0,0,0,0,0,0,0,0,0,0,0,0,0,0,0,0,0,0,0,0,0,0,0,0,0,0,0,0,0,0,0,0,0,0,0,0,0,0,0,0,0,0,0,0,0,0,0,0,0,0,0,0,0,0,0,0,0,0,0,0,0,0,0,0,0,0,0,0,0,0,0,0,0,0,0,0,0,0,0,0,0,0,0,0,0,0,0,0,0,0,0,0,0,0,0,0,0,0,0,0,0,0,0,0,0,0,0,0,0,0,0,0,0,0,0,0,0,0,0,0,0,0,0,0,0,0,0,0,0,0,0,0,0,0,0,0,0,0,0,0,0,0,0,0,0,0,0,0,0,0,0,0,0,0,0,0,0,0,0,0,0,0,0,0,0,0,0,0,0,0,0
0,0,0,0,0,0,0,0,0,0,0,0,0,0,0,0,0,0,0,0,0,0,0,0,0,0,0,0,0,0,0,0,0,0,0,0,0,0,0,0,0,0,0,0,0,0,0,0,0,0,0,0,0,0,0,0,0,0,0,0,0,0,0,0,0,0,0,0,0,0,0,0,0,0,0,0,0,0,0,0,0,0,0,0,0,0,0,0,0,0,0,0,0,0,0,0,0,0,0,0,0,0,0,0,0,0,0,0,0,0,0,0,0,0,0,0,0,0,0,0,0,0,0,0,0,0,0,0,0,0,0,0,0,0,0,0,0,0,0,0,0,0,0,0,0,0,0,0,0,0,0,0,0,0,0,0,0,0,0,0,0,0,0,0,0,0,0,0,0,0,0,0,0,0,0,0,0,0,0,0,0,0,0,0,0,0,0,0,0,0,0,0,0,0,0,0,0,0,0,0,-2.66147044775659,0,0,0,0,0,0,0,0,0,0,0,0,0,0,0,0,0,0,0,0,0,0,0,0,0,0,0,0,0,0,0
0,0,0,0,0,0,0,0,0,0,0,0,0,4.09714769790559,0,3.37738071935354,2.8474888981201,3.08942958156576,0,0,0,0,0,0,0,3.3792937891851,3.41931897752894,0,0,0,0,0,0,0,3.6052148495569,3.49865141449796,3.04600789907643,3.38167050072454,0,3.56556104055254,4.26031292086387,3.52493906297473,0,0,0,0,0,0,0,0,0,0,0,0,4.08570959683264,0,0,0,0,0,0,0,0,0,0,0,0,0,0,0,0,0,0,0,0,0,0,0,0,0,0,0,0,0,0,0,0,0,0,0,0,2.58714501848285,0,0,3.14161372348747,0,0,0,0,0,0,0,0,0,0,0,0,0,0,0,0,0,0,0,0,0,0,0,2.64316312834787,0,0,0,0,0,0,0,0,0,0,0,0,0,0,0,0,0,0,0,0,3.35588143184138,0,0,0,0,0,0,0,0,0,0,0,0,0,0,0,0,0,4.2439518146859,0,0,0,0,0,0,0,0,0,0,0,3.268609576507,0,0,0,0,0,0,0,0,0,0,0,0,0,2.56923082833776,0,0,0,0,0,0,0,0,3.6425078206235,0,0,0,0,0,0,0,0,0,0,0,0,0,0,0,0,0,0,0,0,0,0,0,0,0,0,0,0,0,0,0,0,0,0,0,0,0,0,-2.23572610665927
3.57089261054907,0,0,0,0,0,3.40273117312835,3.24610406792678,2.95405097131675,2.63228108107725,0,0,0,3.33374455785094,0,3.06259953977545,2.64126538253674,0,0,2.99454985159617,0,0,3.19168567297351,0,0,3.01425083384871,3.70394519372546,0,0,0,0,0,0,0,3.96573227657261,3.09249117002647,2.72378988418577,3.04336886193084,0,0,3.34109505016378,0,0,0,0,0,0,0,0,0,0,0,0,0,4.82244023702096,0,0,0,2.97650845536983,0,0,0,0,0,0,0,0,0,0,0,0,0,0,0,0,0,0,0,0,0,0,0,3.89718396353102,0,3.00371514546591,0,0,0,0,0,0,0,0,0,0,0,0,2.91272702500885,2.81683992646779,0,3.38336097981092,0,0,0,0,2.86972378202647,3.04172381802978,3.27965102637238,0,3.66207610250125,3.38680874700231,0,0,0,0,0,0,0,2.75236717775178,0,3.29243164685106,0,0,0,0,0,0,0,0,2.99700089997832,0,3.03473256658749,0,0,0,0,3.52215362073148,2.95283987919441,3.5589435705569,3.2293760389066,0,0,0,0,0,0,2.56775681801921,0,0,0,0,0,0,0,0,0,0,3.7031551286596,0,0,3.84455592229268,0,0,0,0,0,2.74912894707378,0,0,0,0,2.96914876076135,0,0,0,0,0,0,0,0,0,0,0,0,0,0,0,0,0,0,2.65966539503661,0,0,3.18237051163427,2.66839173754771,2.84980625890547,0,0,0,0,0,3.1161159668671,0,0,0,0,0,0,0,0,0,0,0,0,0,0,2.76407309757277,0,0,0,0,0,0,0,0,0,0,0,0,0,0,0
2.59126129558088,0,2.69929488507894,0,0,0,0,0,0,0,0,0,0,3.27521996343798,0,0,0,2.61082318190356,0,0,0,0,0,0,0,0,0,0,0,0,0,0,0,0,0,0,0,0,0,0,0,0,0,0,0,0,4.3653261030635,0,0,0,2.8290416194986,0,0,0,0,0,0,0,0,0,0,0,0,0,0,0,2.92178709224959,0,0,2.58079145543541,0,0,0,0,2.63255736507831,2.73266858605263,0,0,0,0,0,0,0,0,0,0,0,0,0,0,0,0,3.50390790650391,0,3.02387402397817,0,0,0,0,0,2.54673201399455,0,3.11232887763972,0,0,2.77747440229035,0,0,2.63670489395368,3.087669918743,0,0,0,0,0,0,0,0,0,0,0,0,0,0,0,0,0,0,0,0,0,0,0,0,0,0,0,0,0,0,0,0,0,0,0,0,0,0,0,0,0,0,0,0,0,0,0,3.10375605308437,0,0,2.63215402540567,0,0,0,0,0,0,0,0,0,0,0,0,0,0,0,0,0,0,0,0,0,0,3.02879157011771,0,0,0,0,0,0,0,0,0,0,0,0,0,0,0,0,0,0,0,0,0,0,0,0,0,0,0,0,0,0,0,0,0,0,0,0,0,0,0,0,0,0,0,0,0,0,0,0
0,0,0,0,0,0,0,0,0,0,0,0,0,3.53430202116261,0,0,0,0,0,0,0,0,0,0,0,0,0,0,0,0,0,0,0,0,0,0,0,0,0,0,0,0,0,0,0,0,0,0,0,0,0,0,0,0,3.74816701177587,0,0,0,0,0,0,0,0,0,0,0,2.96431081405752,0,0,3.47754257602127,0,0,0,0,3.01196240577759,3.33227702372659,0,0,0,0,0,0,3.21772991537689,2.89792060272712,2.7841834690261,3.31547616715456,3.29750485571531,3.10036844682055,3.14643829493317,0,0,2.84310012962881,3.41466206315839,3.05204406308872,3.21023107600284,2.78924058693922,0,0,0,0,0,0,2.81806445864561,0,0,0,0,0,0,2.9768206969739,0,0,0,0,0,0,0,0,0,0,0,0,0,0,0,0,0,0,0,0,0,0,0,0,0,0,0,0,0,0,0,0,0,0,0,0,0,0,0,0,0,0,0,0,0,0,0,3.28304034069985,0,0,0,0,0,0,0,0,0,0,0,0,0,0,0,0,0,0,2.93145516038999,0,0,0,0,0,0,3.619732803462,0,0,0,0,2.73050777937633,0,0,2.98510960369236,0,0,0,0,0,0,0,0,0,0,0,0,0,0,0,0,0,0,0,0,0,0,0,0,2.53278998153645,0,0,0,0,0,0,0,0,0,0,0,0,0,0,0
