0,0,0,0,0,0,0,0,0,0,0,0,0,0,0,0,0,0,0,0,0,0,0,0,0,0,2.25608297784005,0,0,0,0,0,0,0,0,0,0,0,0,0,0,0,0,0,0,0,0,0,0,0,0,0,0,0,0,0,0,0,0,0,0,0,0,0,-4.20654986528427,0,0,0,0,0,0,0,0,0,0,0,0,0,0,0,0,0,0,0,0,0,0,0,0,0,0,0,0,0,0,0,0,0,0,0,0,0,0,0,0,0,0,0,0,0,0,0,0,0,0,0,0,0,0,0,0,0,0,0,0,0,0,0,0,0,0,0,0,0,0,0,0,0,0,0,0,0,0,0,0,0,0,0,0,0,0,0,0,0,0,0,0,0,0,0,0,0,0,0,0,0,0,0,-3.84422915647638,0,0,0,0,0,0,0,0,0,0,0,0,0,0,0,0,0,0,0,0,0,0,0,0,0,0,0,0,0,0,0,0,0,0,0,0,0,0,0,0,0,0,0,0,0,0,0,0,0,0,0,0,0,0,0,0,0,0,0,0,0,0,0
0,0,0,0,0,0,0,0,0,0,0,0,0,0,0,0,0,0,0,0,0,0,0,0,0,0,0,0,0,0,0,0,0,0,0,0,0,0,0,0,0,0,0,0,0,0,0,0,0,0,0,0,0,0,0,0,0,0,0,0,0,0,0,0,-3.39624497538987,0,0,0,-2.96949743389282,0,0,0,0,0,-3.45325752798156,0,0,0,0,0,0,0,-2.51674346412408,0,0,0,0,0,0,0,0,0,0,0,0,0,0,0,0,0,0,0,0,0,0,0,0,0,0,0,0,0,0,0,0,0,0,0,0,0,0,0,0,0,0,0,0,0,0,0,0,0,0,0,0,0,0,0,0,0,0,0,0,0,0,0,0,0,0,0,0,0,0,0,0,0,0,0,0,0,0,0,0,0,-3.0651569831901,0,0,0,0,0,0,0,0,0,0,0,0,0,0,0,0,0,0,-3.06226779127586,0,0,0,0,0,0,0,0,0,0,0,0,-3.15765046878637,0,0,0,-2.70843631229985,0,0,0,0,0,0,0,0,0,0,0,0,0,0,0,0,0,0,0,0,0,0,0,0,0,0,0,0,0,0,0
0,0,0,0,0,0,0,0,0,0,0,0,0,0,0,0,0,0,0,0,0,0,0,0,0,0,0,0,0,0,0,0,0,0,0,0,0,0,0,0,0,0,0,0,0,0,0,0,0,0,0,0,0,0,0,0,0,0,0,0,0,0,0,0,0,0,0,0,0,0,0,0,0,0,0,0,0,0,0,0,0,0,0,0,0,0,0,0,0,0,0,-3.56491345428909,0,0,0,0,0,0,0,0,0,0,0,0,0,0,0,0,0,0,0,0,0,0,0,0,0,0,0,0,0,0,0,0,0,0,0,0,0,0,0,0,0,0,0,0,0,0,0,0,0,0,0,0,0,0,0,0,0,0,-2.74443081584921,0,0,0,0,0,0,0,0,0,0,0,0,0,0,0,0,0,0,0,0,0,-3.1124824512104,0,0,0,0,0,0,0,0,0,0,0,0,0,0,0,-3.04503251562755,-2.31291949451927,0,0,0,0,0,0,0,0,0,0,0,0,0,0,0,0,-3.95689010339639,0,0,0,0,0,0,0,0,0,0,0,0,0,-3.3503718088689,0,0,0,0,0,0,0,0,0,0,0
0,0,0,0,0,0,0,0,-3.84327380024543,0,0,0,0,0,0,0,0,0,0,0,0,0,0,0,0,0,0,0,0,0,0,0,0,0,0,0,0,0,0,0,0,0,0,0,0,0,0,0,0,0,0,0,0,0,0,0,0,0,0,0,0,0,0,0,0,0,0,0,0,0,0,0,0,0,0,0,-2.9100059126024,0,0,0,0,-2.69427051580296,0,0,0,0,0,0,0,0,0,-3.73809873524105,0,0,0,0,0,0,0,0,0,0,0,0,0,0,0,0,0,0,0,0,0,0,0,0,0,0,0,0,0,0,0,0,0,0,0,0,0,0,0,0,0,0,0,0,0,0,0,0,0,0,0,0,0,0,0,0,0,0,0,0,0,-3.58452684402799,0,0,0,-3.63420576311536,0,-2.68462577898754,0,0,0,0,-3.44440530583966,0,-3.56532088892111,0,0,0,0,0,0,0,0,0,0,0,-3.54875296702105,0,0,-3.09885857486665,0,0,0,0,-2.6625138611402,0,0,0,0,-2.96710440257925,0,0,0,0,0,0,0,0,0,0,0,0,0,0,0,0,0,0,0,0,0,-2.55519225171956,0,0,0,0,0,0,0,0,0,0,0,0,0,0,0,-2.56778631328161,-3.29134130288868,-3.72472935247963
0,0,0,0,0,0,0,0,-2.40276028386266,0,0,0,0,0,0,0,0,0,0,0,0,0,0,0,0,0,0,0,0,0,0,-2.81001530490006,0,0,0,0,0,0,0,0,0,0,0,0,0,0,0,0,0,0,0,0,0,0,0,0,0,0,-3.24213955635721,-3.40648602938865,0,0,0,-3.65836781809688,-3.80118490722883,0,0,0,0,0,0,0,0,0,0,0,0,0,0,0,0,0,0,0,0,0,0,0,0,0,0,0,0,0,0,0,0,0,0,0,0,0,0,0,0,0,0,0,0,-3.6575973315456,0,0,0,0,0,0,0,0,0,0,0,0,0,0,0,0,0,0,0,0,0,0,0,0,0,0,0,0,0,0,0,0,0,0,0,0,0,0,0,0,0,0,0,0,0,0,0,-2.76062318013366,0,0,0,0,0,0,-3.85425420117258,0,0,-3.40778975323876,-5.26066974193003,0,0,0,0,0,0,0,0,0,-3.49606463780869,0,0,0,0,0,0,0,0,0,0,0,0,0,-3.45378919769353,0,0,0,0,0,0,0,0,0,0,0,0,0,0,0,0,0,0,0,0,0,0,0,0,0,0,0,0,0,0,0,0,0,0,0,0,-2.92300639034179,0,0
0,0,0,0,0,0,0,0,0,0,0,0,0,0,0,0,0,0,0,0,0,0,0,0,0,0,0,0,0,0,0,0,0,0,0,0,0,0,0,0,0,0,0,0,0,0,0,0,0,0,0,0,0,0,0,0,0,0,-3.07650395490681,-3.01968917616347,0,0,0,-3.73148885560106,-2.78328317646115,0,0,0,0,0,0,0,0,0,0,0,0,0,0,0,0,0,0,0,0,0,0,0,-3.23281877958405,0,-4.4529192489774,0,0,0,0,0,0,0,0,0,0,2.46246159687441,0,0,0,0,0,0,0,0,0,0,0,0,0,0,0,0,0,0,0,0,0,0,0,0,0,0,0,0,0,0,0,0,0,0,0,0,0,0,0,0,0,0,0,0,0,0,0,0,0,-3.04472137167679,0,0,0,0,-2.93547423510632,0,0,0,0,0,0,0,-4.23051559684283,0,0,0,-3.23702760279008,0,0,0,0,0,0,0,0,0,0,0,0,0,0,0,0,0,0,0,0,0,0,0,-2.87219033539173,0,0,0,0,0,0,0,-3.61929370219276,0,0,0,0,0,0,0,0,0,0,0,0,0,0,0,0,0,0,0,0,0,0,0,0,0,0,0,0,0,0,0
0,0,0,0,0,0,0,0,0,0,0,0,0,0,0,0,0,0,0,0,0,0,0,0,-3.5839818052686,0,0,0,0,0,0,0,0,0,0,0,0,0,0,0,0,0,0,0,0,0,0,0,0,0,0,0,0,0,0,0,0,0,0,0,0,0,0,0,-4.29492964851967,0,0,0,0,0,0,0,0,0,0,0,0,0,0,0,0,0,0,0,0,0,0,0,0,0,0,0,0,0,0,0,0,0,0,0,0,0,0,0,0,0,0,0,0,0,0,0,0,0,0,0,0,0,0,0,0,0,0,0,0,0,0,0,0,0,0,0,0,0,0,0,0,0,0,0,0,0,0,0,0,0,0,0,0,0,0,0,0,0,0,0,0,0,0,0,0,0,0,0,-3.25367408346904,0,0,0,0,0,0,0,0,0,0,0,0,0,0,0,0,0,0,0,0,0,0,0,0,0,0,0,-3.56256653476823,-2.56024986443867,0,0,0,0,0,0,0,0,0,0,0,0,0,-2.43787662237415,0,0,0,0,0,-2.79001807770384,0,0,0,0,0,0,0,0,0,-2.98718953190338,0,0,0,0,0,0,0,0
0,0,0,0,0,0,0,0,0,0,0,0,0,0,0,0,0,0,0,0,0,0,0,0,-3.70456724181335,0,0,0,0,0,0,0,0,0,0,0,0,0,0,0,0,0,0,0,0,0,-3.53025103728172,0,0,0,0,0,0,0,0,0,0,0,0,-3.52731701693417,0,0,0,0,-3.05639870029794,0,0,0,0,0,0,0,0,0,0,0,0,0,0,0,0,0,0,0,0,0,0,0,0,0,0,0,0,0,0,0,0,0,0,0,0,0,0,0,0,0,2.23346741601936,0,0,0,0,0,0,0,0,0,0,0,0,0,0,0,0,0,0,0,0,0,0,0,0,0,0,0,0,0,0,0,0,0,0,0,0,0,0,0,0,0,0,0,0,0,0,0,-3.60334161627737,0,0,0,0,0,0,0,0,0,0,0,0,0,-3.30950288188978,0,0,0,0,0,0,0,0,0,0,0,0,0,0,0,0,0,0,0,0,0,0,0,0,0,0,0,0,0,0,0,0,0,0,0,0,0,0,0,0,0,0,0,0,0,0,0,0,0,0,0,-2.90460479516218,0,0,0,0,0,0,0,0,0,0,0
0,0,0,-3.84327380024543,0,0,0,0,0,0,0,0,0,0,0,0,0,0,0,0,0,0,0,0,0,0,0,0,0,0,0,0,0,0,0,0,0,0,0,0,0,0,0,0,0,0,0,0,0,0,-2.59690869547754,-2.61499831356335,0,0,0,0,0,0,-3.50225197016327,-2.3386649450826,0,-2.84788790895704,0,-2.543223502873,0,0,0,0,0,0,0,0,0,0,-2.40471281416268,0,-3.11054285666544,0,0,0,0,0,0,0,0,0,0,0,0,0,-2.25750570772944,0,0,0,0,0,0,0,0,0,0,0,0,-3.36649769730839,0,0,0,0,0,0,0,0,0,0,0,0,0,0,0,0,0,0,0,0,0,0,0,0,0,0,0,0,0,0,0,0,0,0,0,0,0,0,0,0,0,0,0,0,0,0,0,0,0,0,-2.65401681071189,0,0,0,-2.21653235915005,0,0,0,0,0,0,0,0,0,0,0,0,0,-3.74070656215723,0,0,0,0,0,0,0,0,0,0,0,0,-2.43634319926262,0,0,0,0,0,0,0,0,0,0,0,0,0,0,0,0,0,0,0,0,0,0,-2.10776764758197,0,0,0,0,0,0,0,0,0,0,0,0,0,0,0,0,0,0,0,0,0,0,0
0,0,0,0,0,0,0,0,0,0,0,0,0,0,0,0,0,0,0,0,0,0,0,0,0,0,0,0,0,0,0,0,0,0,0,0,0,0,0,0,0,0,0,0,0,0,0,0,0,0,-2.94827861951913,0,0,-2.34870838409707,0,0,-2.74934159748376,-3.05976615829405,-4.04925475257337,0,0,-2.87301539068922,0,-4.68855410894354,0,0,0,0,0,0,0,0,0,0,0,0,0,0,0,0,0,0,0,0,0,0,0,0,0,0,-2.61891168497907,-2.51169749630269,0,0,-2.24593230025708,0,0,0,0,0,0,0,0,0,0,0,0,0,2.17308222282926,0,0,0,0,0,0,0,0,0,0,0,0,0,0,0,0,0,0,0,0,0,0,0,0,0,0,0,0,0,0,0,0,0,0,0,0,0,0,0,0,0,0,0,0,0,0,0,-2.61518110388642,0,0,0,0,0,0,0,-3.54608372034869,0,0,-2.79285109196134,-2.63948476161549,0,0,0,-3.10713858460276,0,0,0,0,0,0,0,0,0,0,0,0,0,0,0,0,0,0,0,0,0,0,0,0,0,0,0,0,0,0,0,0,0,0,0,-2.78279168627391,0,0,0,0,0,0,0,0,0,0,0,0,-3.42781341652345,0,0,-3.41992888487461,0,0,0,0,0,0,0
0,0,0,0,0,0,0,0,0,0,0,0,0,0,0,0,0,0,0,0,0,0,0,0,-2.58402066988953,0,0,0,0,0,0,-3.06565426000262,0,0,0,0,0,0,0,0,0,0,0,0,0,0,0,0,0,0,0,0,0,0,0,0,0,0,-4.00260732712386,0,-2.79947442935603,0,0,0,-4.01786704370751,0,0,0,0,0,0,0,0,0,0,0,0,0,0,0,0,0,0,0,0,0,0,0,0,0,0,-3.30397749827168,0,0,0,0,0,0,-2.76529666899951,0,0,0,0,0,0,0,0,0,0,0,0,0,0,0,0,0,0,0,0,0,0,0,0,0,0,0,0,0,0,0,0,0,0,0,0,0,0,0,0,0,0,0,0,0,0,0,0,0,0,0,0,0,0,0,0,0,0,-2.9534250818783,0,0,0,0,0,0,0,0,0,0,0,-3.39087672278527,0,0,0,0,0,0,0,0,0,0,0,0,0,0,0,0,0,0,0,0,0,0,0,0,0,0,0,0,0,0,0,0,0,0,0,0,0,0,0,0,0,0,0,0,0,0,0,0,0,0,0,0,0,0,0,0,-2.97306594413559,0,0,0,0,0
0,0,0,0,0,0,0,0,0,0,0,0,0,0,0,0,0,0,0,0,0,0,0,0,0,0,0,0,0,0,0,0,0,0,0,0,0,0,0,0,0,0,0,0,0,0,0,0,0,0,0,0,0,0,0,0,0,0,0,0,0,0,0,0,0,0,0,0,0,0,0,0,0,0,0,0,0,0,0,0,0,0,0,0,-2.28028511524126,0,0,0,0,0,0,-3.94266029428,0,0,-2.71428418149715,0,0,0,0,0,0,0,0,0,0,0,0,0,0,0,0,3.5246379544556,0,0,0,0,0,0,0,0,0,0,0,0,0,0,0,0,0,0,0,0,0,0,0,0,0,0,0,0,0,0,0,0,0,0,0,0,0,0,0,0,0,0,0,0,0,0,0,0,0,0,0,0,-3.16353012129703,0,-2.70444334313889,0,0,0,0,0,0,0,0,0,0,0,0,0,0,0,0,0,0,0,0,0,0,0,0,0,-4.07247046314062,0,0,0,0,0,0,0,0,0,0,0,0,0,0,0,0,0,0,0,0,0,0,0,0,-3.06284749906209,0,0,0,0,0,0,0,0,0,0,0,0,0,0
0,0,0,0,0,0,0,0,0,0,0,0,0,0,0,0,0,0,0,0,-3.28560977614885,0,0,0,0,0,0,0,0,0,0,0,0,0,0,0,0,0,0,0,0,0,0,0,0,0,0,0,0,0,0,0,0,0,0,0,0,0,0,0,0,0,0,0,0,0,0,0,0,0,0,0,0,0,0,0,0,0,0,0,0,0,0,0,0,0,0,0,0,0,0,0,0,0,0,0,0,0,-3.34283153670155,-3.50793564582399,0,0,0,0,0,0,0,0,0,0,0,0,0,0,0,0,0,0,0,0,0,0,0,0,0,0,0,0,0,0,0,0,0,0,0,0,0,0,-2.98115239795277,0,0,0,0,0,0,0,0,0,0,0,0,-4.51739473225894,0,0,0,0,0,0,0,0,0,3.09177449496164,0,0,0,0,0,0,0,0,0,0,0,0,0,0,0,0,0,0,0,0,0,0,0,0,0,0,0,0,0,0,-3.45351701667304,-2.29704356603932,0,0,-2.93927978386486,0,0,0,0,0,0,0,0,0,0,0,0,0,0,0,0,0,0,0,0,0,0,0,0,-2.17238586165622,0,0,0,0,0,0,0,0,0,0
0,0,0,0,0,0,0,0,0,0,0,0,0,0,0,0,0,0,0,0,0,0,0,0,0,0,0,0,0,0,0,0,0,0,0,0,0,0,0,0,0,0,0,0,0,0,0,-2.49741234521472,0,0,0,0,0,0,0,0,0,0,0,0,0,-4.49324180533505,0,0,0,0,0,0,0,0,0,0,0,0,0,0,0,0,0,0,0,0,0,0,0,0,0,0,0,0,0,0,0,0,-3.74454156198281,0,0,0,0,0,0,0,0,0,0,0,0,0,0,0,0,0,0,0,0,0,0,0,0,0,0,0,0,0,0,0,0,0,0,0,0,0,0,0,0,0,0,0,0,0,0,0,0,0,0,0,0,0,0,0,0,0,0,0,0,0,0,0,0,0,0,0,0,0,0,0,0,0,0,0,0,0,0,0,0,0,0,0,0,0,0,0,0,0,0,0,0,0,0,0,0,0,-4.24037035736532,0,0,0,0,0,0,0,0,0,0,0,0,0,0,0,0,0,0,0,0,0,0,0,0,0,0,0,0,0,0,0,0,0,0,0,0,0,0,0
0,0,0,0,0,0,0,0,0,0,0,0,0,0,0,0,0,-3.42106721134124,0,0,-2.92738690156236,0,0,0,0,0,0,0,0,0,0,0,0,0,0,0,0,0,0,0,0,0,-3.52931208611484,0,-3.52299768778387,-3.23415484131964,0,0,-3.33341827759439,0,0,0,0,0,0,0,0,0,-3.54248363660635,0,0,-4.58121460266914,0,0,0,-3.1317344549208,0,0,0,0,0,0,0,-3.53817879485716,0,0,0,0,0,0,0,0,0,0,0,0,0,0,0,0,-2.82961522043676,0,0,0,0,0,0,0,-3.10992320151878,0,0,0,0,0,0,0,0,0,0,0,0,0,0,0,0,0,0,0,0,0,0,0,0,0,0,0,0,0,0,0,0,0,0,0,0,0,0,0,-2.84941143827035,0,-4.88111519712522,-2.73022513808676,0,0,0,0,-3.72461651452788,0,0,0,0,0,-3.31272164875685,0,-3.85336535868211,0,0,0,0,0,0,0,0,0,-3.61672698864808,0,0,-3.64188607944779,0,0,0,0,0,-3.15689361145859,0,0,0,0,0,0,0,0,0,0,0,0,0,0,0,0,0,0,-4.18426197919585,0,0,0,0,0,-3.42963018002882,0,0,0,0,0,0,0,0,0,0,0,0,0,0,0,0,0,0,0,0,0,0,-5.59817879521794,0,-3.87667970818543,0,0,0,0,0,0,0,0
0,0,0,0,0,0,0,0,0,0,0,0,0,0,0,0,0,0,0,0,0,0,0,0,-3.45860848435506,0,0,0,0,0,0,0,0,0,0,0,0,0,0,0,0,0,0,0,0,0,0,0,-2.63221502731131,0,0,0,0,0,0,0,0,0,0,0,0,0,0,0,0,0,0,0,0,0,0,0,0,0,0,0,0,0,0,0,0,0,0,0,0,0,0,0,0,0,0,0,0,0,-3.69895380707573,0,0,0,-3.5902757594508,0,0,0,0,0,0,0,0,0,0,0,0,0,0,0,0,0,0,0,0,0,0,0,0,0,-2.62115834724558,0,0,0,0,0,0,0,0,0,0,0,0,0,0,0,0,0,0,0,0,-3.59494757507242,-3.09479023138193,0,0,0,0,0,0,0,0,0,0,0,0,0,0,0,0,0,0,0,0,0,0,0,0,0,0,0,0,0,0,0,0,0,0,0,0,0,0,0,0,0,0,0,0,0,-3.08863912541843,0,0,0,0,0,-3.86270607471208,0,0,0,0,0,0,0,0,0,0,0,0,0,0,0,0,0,0,0,0,0,0,0,0,0,0,0,0,0,0,0,0,0
0,0,0,0,0,0,0,0,0,0,0,0,0,0,0,0,0,0,0,0,0,0,0,0,-2.48380703039139,0,0,0,0,0,0,0,0,0,0,0,0,0,0,0,0,0,0,0,0,0,0,0,-2.99976776696929,0,0,0,0,0,0,0,0,0,0,0,0,0,0,0,0,0,0,0,0,0,0,0,0,0,0,0,0,0,0,0,0,0,0,0,0,0,0,0,0,0,0,0,0,0,0,0,0,0,0,0,0,0,0,0,0,0,0,0,0,0,0,0,0,0,0,0,0,0,0,0,0,0,0,0,-2.69349943697092,0,0,0,0,0,0,0,0,0,0,0,0,0,0,0,0,0,0,0,0,0,0,0,0,0,0,0,0,0,-2.5785171586376,0,0,0,0,0,0,0,0,0,0,-2.59882149710013,0,0,0,0,0,0,0,0,0,0,0,0,0,0,0,-2.769078539181,0,0,0,0,0,0,0,0,0,0,0,0,0,0,0,0,0,0,0,0,0,0,0,0,0,0,0,0,0,0,0,0,0,0,0,0,0,0,0,0,0,0,0,0,0,0,0,0,0,0
0,0,0,0,0,0,0,0,0,0,0,0,0,0,-3.42106721134124,0,0,0,0,0,-3.43236421725981,0,0,0,0,0,0,0,0,0,0,0,0,0,0,0,0,0,0,0,0,0,0,0,0,0,0,-2.61352747807112,0,0,0,0,0,0,0,0,0,0,0,0,0,0,0,0,0,0,0,0,0,0,0,0,0,0,0,0,0,0,0,0,0,0,0,0,0,0,0,0,0,0,0,0,0,0,0,0,0,0,0,-2.76369668772589,0,0,0,0,0,0,0,0,0,0,0,0,0,0,0,0,0,0,0,0,0,0,0,0,0,0,0,0,0,0,0,0,0,0,0,0,0,0,0,0,0,0,0,0,0,0,0,0,0,0,0,0,0,0,0,0,0,0,0,0,0,0,0,0,0,0,0,0,0,0,0,0,0,0,0,0,0,0,0,0,0,0,0,0,0,0,0,0,0,0,0,0,0,0,0,0,-4.34957440060535,0,-3.01256546673349,0,-3.07699746282475,0,0,0,0,0,0,0,0,0,0,0,0,0,0,0,0,0,0,0,0,0,0,0,0,0,0,0,0,0,0,0
0,0,0,0,0,0,0,0,0,0,0,0,0,0,0,0,0,0,0,0,0,0,0,0,0,0,0,0,0,0,0,0,0,0,0,0,0,0,0,0,0,0,0,0,-2.38196765824777,-2.42887670591672,-2.17273411093376,0,0,0,0,0,0,0,0,0,0,0,0,0,0,0,0,0,0,0,0,0,0,0,0,0,0,0,0,0,0,0,0,0,0,0,0,0,0,0,0,0,0,0,0,0,0,0,0,0,0,0,0,0,0,0,0,0,0,0,0,0,0,-3.02811323011198,0,0,0,0,0,0,0,0,0,0,0,0,0,0,0,0,0,0,0,0,0,0,0,0,0,0,0,0,-2.74839416801562,0,-2.5079794497055,0,0,0,0,0,-3.58893048293206,0,0,0,0,0,0,0,-2.32952613163832,0,0,0,0,0,0,0,0,0,0,0,0,0,0,0,0,0,0,0,0,0,0,0,0,0,0,0,0,0,0,0,0,0,0,-2.30166259141709,0,0,0,0,0,0,0,0,0,0,0,0,0,0,0,0,0,0,0,0,0,0,0,0,0,0,0,0,0,0,0,0,0,0,0,0,0,0,0,0,0,0
0,0,0,0,0,0,0,0,0,0,0,0,0,0,0,0,0,0,0,0,0,0,0,0,0,0,0,0,0,0,0,0,-2.22991707018664,0,0,0,0,0,0,0,0,0,0,0,0,0,0,0,0,0,0,-3.5034982616707,0,0,0,0,0,0,0,0,0,0,0,0,0,0,0,0,0,0,0,0,0,0,0,0,0,0,0,0,0,0,0,0,0,0,0,0,0,0,0,0,0,0,0,0,0,0,-2.44108684305817,-2.92319797762102,0,0,0,0,-2.236381576223,0,0,0,0,-2.80983919286204,0,0,0,0,0,0,0,0,0,0,0,0,0,0,0,0,0,0,0,0,0,0,-2.62078905771057,0,0,0,-3.59840405257318,-3.5023637545214,0,0,0,0,0,0,0,-3.43206710024999,0,0,0,0,0,0,0,0,-3.12591976921046,0,0,-2.56629718424585,0,0,0,0,0,0,0,0,0,0,0,0,0,0,0,0,0,0,0,0,0,0,0,0,0,0,0,0,0,0,0,0,0,0,0,0,0,0,0,0,0,0,0,0,0,0,0,0,0,0,0,0,0,0,0,0,0,0,0,0,0,0,0,-3.19971798272611,0,0,-2.52210775013346,0,0,-2.65285774557495,0,0,0,0
0,0,0,0,0,0,0,0,0,0,0,0,-3.28560977614885,0,-2.92738690156236,0,0,-3.43236421725981,0,0,0,0,0,0,0,-3.04386729524506,0,0,0,0,0,0,-3.10126674139909,0,0,0,0,0,0,-2.7491490334349,0,0,0,0,0,0,0,0,0,0,0,0,0,0,0,0,0,0,-3.60510364372654,0,0,0,0,-4.27442712169185,0,0,0,0,0,0,0,0,0,0,0,0,0,0,0,0,0,0,0,0,0,0,0,0,0,0,0,0,0,0,0,0,0,0,0,0,0,0,0,0,0,0,0,0,0,0,0,0,0,0,0,-4.98692982500097,0,0,-2.70491936040881,0,0,0,0,0,0,0,0,0,0,0,0,0,0,0,0,0,0,0,-3.09570057576201,0,0,0,-2.84849368917844,0,0,0,0,-2.6510016267661,0,0,0,0,0,0,0,0,0,0,0,0,0,0,0,0,0,0,0,-4.01367730153316,-3.65195550447598,0,0,0,0,0,0,0,0,0,0,0,0,0,0,0,0,0,0,0,0,0,0,0,-4.50386969843152,-3.01209678228949,0,0,0,0,0,0,0,0,0,0,0,0,0,0,0,0,0,0,0,0,0,0,0,0,0,0,0,0,0,0,0,0,0,0,0,0,0,0
0,0,0,0,0,0,0,0,0,0,0,0,0,0,0,0,0,0,0,0,0,0,0,0,0,0,0,0,0,0,0,0,0,0,0,0,0,0,0,0,0,0,0,0,0,0,0,0,0,0,0,0,2.17055708977499,0,0,0,0,0,0,0,0,0,0,0,0,0,0,0,0,0,0,0,0,0,0,0,0,0,0,0,0,0,0,0,0,0,0,0,0,0,0,0,0,0,0,0,0,0,0,0,0,0,0,0,0,0,0,0,0,-2.14217142009555,0,0,0,0,0,-3.24573025953561,0,0,0,0,0,0,0,0,0,0,0,0,0,0,0,0,0,0,0,0,0,0,-3.04885798472122,0,0,0,0,0,0,0,0,0,0,0,0,0,0,0,0,0,0,0,0,0,0,0,0,0,-3.56532477769018,0,0,0,-3.04459544190368,0,0,0,0,0,0,0,-3.06830505841731,0,0,0,0,0,0,0,0,0,0,0,0,0,0,0,0,0,0,0,0,0,0,0,0,0,0,0,0,-3.46639627810648,0,0,0,0,0,0,0,0,0,0,0,0,0,0,0,-4.42871188100333,0,0,0,0,0,0,0,0,0,0
0,0,0,0,0,0,0,0,0,0,0,0,0,0,0,0,0,0,0,0,0,0,0,0,0,0,0,0,0,0,0,0,0,0,0,0,0,0,0,0,0,-3.08865885559578,0,0,0,0,0,0,0,0,0,0,0,0,0,0,0,0,0,0,0,0,0,0,0,0,0,0,0,0,0,0,0,0,0,0,0,0,0,0,0,0,0,0,0,0,0,0,0,0,0,0,0,0,0,0,0,0,0,0,0,0,0,0,0,0,0,0,0,0,0,0,0,0,0,0,0,0,0,0,0,0,0,0,0,0,0,0,0,0,0,0,0,0,0,0,0,0,-3.05017954685141,0,0,0,0,0,0,-3.81146762363056,-2.46061474376334,0,0,-3.07458137018276,0,-4.01111243597558,0,0,-3.7512483568379,0,0,0,0,0,0,0,0,0,0,0,0,0,0,0,0,0,0,-2.44299181744504,0,0,0,0,0,0,0,0,0,0,0,0,0,0,0,0,0,0,0,-2.63689448088795,0,0,0,0,0,0,0,0,0,0,0,0,-3.08826134467325,0,0,0,0,0,0,0,0,0,0,0,0,0,0,0,0,-2.5091196826157,0,0,0,0,0,0,0,0
0,0,0,0,0,0,0,0,0,0,0,0,0,0,0,0,0,0,0,0,0,0,0,0,0,0,0,0,0,0,0,0,0,0,0,0,0,0,0,0,0,0,0,0,0,0,0,0,0,0,0,0,0,0,0,0,0,0,0,0,0,0,0,0,0,0,0,0,0,0,0,0,0,0,0,0,0,0,0,0,0,0,0,0,0,0,0,0,0,0,0,0,0,0,0,0,0,0,0,0,0,0,0,0,0,0,0,0,0,0,0,0,0,0,0,0,0,0,0,0,0,0,0,0,0,0,0,0,0,0,0,0,0,0,0,0,0,0,-5.63323507694806,0,0,0,0,0,0,0,0,0,0,0,0,0,0,0,0,0,0,0,0,0,0,0,0,0,0,0,0,0,-2.46468114968593,0,0,0,0,-2.17749274151337,0,0,0,0,0,0,0,0,0,0,0,0,0,0,0,0,0,0,0,-3.81254790010247,0,0,-3.16139229358291,0,0,0,0,0,0,0,0,0,0,0,0,0,0,0,0,0,0,0,0,0,0,0,0,0,-2.43590889660831,0,0,0,0,0,0,0,0,0
0,0,0,0,0,0,-3.5839818052686,-3.70456724181335,0,0,-2.58402066988953,0,0,0,0,-3.45860848435506,-2.48380703039139,0,0,0,0,0,0,0,0,-3.56693685494164,0,-4.40062901330354,0,0,0,0,0,0,-3.44842332173526,-3.37827902930361,-2.92834802945946,0,0,0,0,0,0,0,0,0,0,0,0,0,0,0,0,0,0,0,0,0,0,0,0,0,0,-2.57457120149064,0,0,0,0,0,0,0,0,0,0,0,0,0,0,0,0,0,0,0,0,0,0,0,0,0,0,0,0,0,0,0,0,0,0,-3.23086284381741,0,0,0,0,0,0,0,-3.4160489931501,-4.2668665750079,0,-2.98498389656376,0,0,0,0,0,0,-3.09297370018572,0,-3.63143817193588,0,0,-3.71333128176128,0,0,0,0,0,0,0,0,0,0,0,0,0,0,0,-2.87293836414976,-2.81710475501632,-2.28301636313629,0,0,-3.02204813635359,0,-2.96286326252842,0,0,-2.68217805294936,0,0,0,0,0,0,0,0,0,0,0,0,0,0,0,0,0,0,0,0,0,0,0,0,0,0,0,0,0,0,0,0,0,0,0,0,0,0,0,0,0,0,0,0,0,0,0,0,-2.33029947825119,0,0,0,-3.67412660478517,0,0,-2.96175604970247,0,0,0,0,0,0,0,0,0,0,0,0,0,0,0,0,0,0,0,-2.74117524278794,0,0,0,0,0,0,0,0
0,0,0,0,0,0,0,0,0,0,0,0,0,0,0,0,0,0,0,0,-3.04386729524506,0,0,0,-3.56693685494164,0,0,0,0,0,0,0,0,-3.50136455687196,0,0,0,0,0,0,0,0,0,-2.15727200602516,0,0,-3.93683918930259,-3.16150683620977,0,0,0,0,0,0,0,0,0,0,0,-3.0628738795796,0,0,0,0,0,0,0,0,0,0,0,0,0,0,0,0,0,0,0,0,0,0,0,0,0,0,0,0,0,0,0,0,0,0,0,0,0,0,-3.96566557326417,-4.39248453927119,0,0,0,0,0,0,0,0,0,0,0,0,0,0,0,-2.86339285930492,0,0,0,0,0,0,0,0,0,0,0,0,0,0,0,0,0,0,0,0,0,0,-3.89910589290957,0,0,0,0,0,0,0,0,0,0,0,-2.52891420337581,-4.46972463043639,-2.78211873829403,0,-3.46101740881835,0,0,0,0,0,0,0,0,0,0,0,-3.10056569085416,0,0,-3.32252211828257,0,0,0,0,0,0,0,0,0,0,0,0,0,0,0,0,0,0,0,0,0,0,0,-2.83434711753379,0,0,0,0,-2.6761254756014,0,0,0,0,0,0,0,0,0,0,0,0,0,0,0,0,0,0,0,0,0,0,-3.00520387557522,0,0,0,0,0,0,0,0,0,0
0,0,0,0,0,0,0,0,0,0,0,0,0,0,0,0,0,0,0,0,0,0,0,0,0,0,0,0,0,0,0,0,0,0,0,0,0,0,0,0,0,0,0,0,0,0,0,0,0,0,0,0,0,0,0,0,0,0,0,0,0,0,0,0,0,0,0,0,0,0,0,0,0,0,0,0,0,0,0,0,0,0,0,0,0,0,0,0,0,0,0,0,0,0,0,0,0,0,0,0,0,0,0,0,0,0,0,0,0,0,0,0,0,0,0,0,0,0,0,0,0,0,0,0,0,0,0,0,0,0,0,0,0,0,0,0,0,0,0,0,0,0,0,0,0,0,0,0,0,0,0,0,0,0,0,0,0,0,0,0,0,0,0,0,0,0,0,0,0,0,0,0,0,0,0,0,0,0,0,0,0,0,0,0,0,0,0,0,0,0,0,0,0,0,0,0,0,0,0,0,0,0,0,0,0,0,0,0,0,0,0,0,0,0,0,0,0,0,0,0,0,0,0,0,0,0,0,0,0,0,0,0
0,0,0,0,0,0,0,0,0,0,0,0,0,0,0,0,0,0,0,0,0,0,0,0,-4.40062901330354,0,0,0,0,0,0,0,0,0,0,0,0,0,0,0,0,0,0,0,0,0,-3.02618163542097,0,0,0,0,0,0,0,0,0,0,0,0,0,0,0,0,0,-2.68106099673961,0,0,0,0,0,0,0,0,0,0,0,0,0,0,0,0,0,0,0,-2.92704293527032,0,0,0,0,0,0,0,0,-2.98007952777354,-2.87883200512994,0,0,0,-5.49990015403023,-2.17309514655909,0,0,0,0,0,0,0,0,0,0,0,0,0,0,0,0,0,0,0,0,0,-2.18562223417026,0,0,0,0,0,0,0,0,0,0,0,0,0,0,0,0,0,0,0,0,0,0,0,0,0,0,0,0,0,0,0,0,0,0,0,0,0,0,0,0,0,0,0,0,0,0,0,0,0,0,0,0,0,0,0,0,0,0,0,0,0,0,0,0,0,0,0,0,-2.56807183121219,0,0,0,0,0,-3.72954172505292,0,0,0,0,0,0,0,0,0,-2.23412180104703,0,-2.22014484916827,0,0,0,0,0,0,0,0,0,0,0,0,0,-2.27128004080841,0,0,-2.1040732226475,0,0,0,0,0,0
0,0,0,0,0,0,0,0,0,0,0,0,0,0,0,0,0,0,0,0,0,0,0,0,0,0,0,0,0,0,0,0,0,0,0,0,0,0,0,0,0,0,0,0,0,0,0,0,0,0,0,0,0,0,0,0,0,0,0,0,0,0,0,0,0,0,0,0,0,0,0,0,0,0,0,0,0,0,0,0,0,0,0,0,0,0,0,0,0,0,0,0,0,0,0,0,0,0,0,0,0,0,0,0,0,0,0,-2.86989319027693,0,-3.94615622091248,0,0,0,0,0,0,0,0,0,0,0,0,0,0,0,0,0,0,0,0,0,0,0,0,0,0,0,0,0,0,-4.15190746616617,0,0,0,0,0,0,0,0,0,0,0,0,0,0,0,0,0,0,0,0,0,0,0,0,0,-3.15391811146234,0,0,0,0,0,0,0,0,0,0,0,0,0,0,-3.54694218363832,0,0,0,0,0,0,0,0,0,0,-3.1597660520602,0,0,0,0,0,0,0,0,0,0,0,0,0,-3.6916561653707,0,0,0,0,0,0,0,0,0,0,0,0,0,0,0,0,0,0,0,0,0,0,0,0,0
0,0,0,0,0,0,0,0,0,0,0,0,0,0,0,0,0,0,0,0,0,0,0,0,0,0,0,0,0,0,0,0,0,0,0,0,0,0,0,0,0,0,0,0,0,0,0,0,0,0,0,0,0,0,0,0,0,0,0,0,0,0,0,0,0,0,0,0,0,0,0,0,0,0,0,0,0,0,0,0,0,0,0,0,0,0,0,0,0,0,0,0,0,0,0,0,0,0,0,0,0,0,0,0,0,0,0,0,0,-3.26992968550047,0,0,0,0,0,0,0,0,0,0,0,0,0,0,0,0,0,0,0,0,0,0,0,0,0,0,0,0,0,0,0,0,0,0,0,0,0,0,0,0,0,0,0,0,0,0,0,0,0,0,0,0,0,0,-3.12480303527511,0,0,0,0,0,0,0,0,0,0,0,0,0,0,0,0,0,0,0,0,0,0,0,0,0,0,0,0,0,0,0,0,0,0,0,0,0,0,0,0,0,0,0,0,0,0,0,0,0,0,0,0,0,0,0,0,0,0,0,0,0,0,0,0,0,0,0
0,0,0,0,0,0,0,0,0,0,0,0,0,0,0,0,0,0,0,0,0,0,0,0,0,0,0,0,0,0,0,0,0,0,0,0,0,0,0,0,0,0,0,0,0,0,0,0,0,0,0,0,0,0,0,0,0,0,0,0,0,0,0,0,0,0,0,0,0,0,0,0,0,0,0,0,0,0,0,0,0,0,0,0,0,0,0,0,0,0,0,0,0,-3.16248195266748,0,0,0,0,0,-2.97720738340783,0,0,0,0,0,0,0,0,0,0,0,0,0,0,0,0,0,0,0,0,0,0,0,0,0,0,0,0,0,0,0,0,0,0,-2.22105151183629,0,0,0,0,0,0,0,0,0,0,0,0,0,0,0,0,0,0,0,0,0,0,0,0,0,0,0,0,0,-3.18093300698863,0,0,0,0,0,0,0,0,0,0,0,0,0,0,0,0,0,0,0,0,0,0,0,0,0,0,0,0,0,0,0,0,0,0,0,0,0,0,0,0,0,0,0,0,0,0,0,0,0,0,0,0,0,0,0,0,0,0,-2.6837245816775,0,0,0,0,0,0,0,0
0,0,0,0,-2.81001530490006,0,0,0,0,0,-3.06565426000262,0,0,0,0,0,0,0,0,0,0,0,0,0,0,0,0,0,0,0,0,0,0,0,0,0,0,0,0,0,0,0,0,0,0,0,-4.38932554780708,0,0,0,0,0,0,0,-3.95442834862291,0,0,0,0,0,0,0,0,0,0,0,0,0,-2.6948866201492,0,0,0,0,0,0,0,0,0,0,0,0,0,0,0,0,0,0,0,0,0,-3.62374720592239,0,0,0,0,0,0,0,0,0,0,0,0,-2.83276256569806,0,0,0,-3.72567755877499,0,-4.02337468390526,0,0,0,0,0,0,0,0,0,0,0,0,0,-2.98242431392748,0,0,0,0,0,0,0,0,0,0,0,0,0,0,-3.17860610762968,0,-4.62625746003149,0,0,-6.89453589741855,0,-2.96570671814311,0,0,-2.46802472461883,0,-5.08405682512618,-3.24559435934026,-2.80444829831902,-4.02563115879629,-4.65073174115771,-3.03885950988554,0,0,0,-3.03705252360176,0,0,-6.03724115395414,0,-2.97813743965333,0,-3.21232534844468,-4.30088568172547,-3.69873143932024,0,0,0,0,-3.10541400782842,-2.89187243787051,-3.32381728041971,0,-2.43627179105366,0,-3.12636265420971,0,-2.70895016417295,0,0,0,0,0,0,-2.91611156897966,0,0,0,-5.51311354338625,0,0,0,0,0,-3.59957373736269,0,-3.35428482191544,-3.32512016415655,0,0,0,0,0,-2.60263720583335,0,0,0,0,0,0,0,0,0,0,0,0,0,0,0,-2.67436200276597,0,0,0,0,0,0,0,0
0,0,0,0,0,0,0,0,0,0,0,0,0,0,0,0,0,0,0,0,-3.10126674139909,0,0,0,0,0,0,0,0,0,0,0,0,0,0,0,0,0,0,0,0,0,0,0,0,0,-3.07523697229972,0,0,0,0,0,0,0,0,0,0,0,0,0,0,0,0,0,0,0,0,0,0,0,0,0,0,-2.89682384907705,0,0,0,0,0,0,0,0,0,0,0,0,0,0,0,0,-2.56398646237564,0,0,0,0,0,0,0,0,0,0,0,0,-3.02128987239726,0,0,0,0,0,-2.93983329957291,0,-2.34294757960657,0,0,0,0,0,0,0,0,0,0,0,0,0,0,0,0,0,0,0,0,0,0,0,0,0,0,0,0,-4.54486791167948,0,0,0,0,0,0,0,-2.85466003804781,0,0,-2.84665989263414,-2.69256635415317,0,-3.91513305418506,0,0,0,0,0,0,0,0,0,0,0,0,-4.24890370905581,-4.86568472746419,0,0,0,0,0,0,0,0,0,0,0,0,0,-3.58345713494266,0,0,0,0,0,0,0,0,0,-2.82175936215933,0,0,0,0,0,0,0,0,0,0,0,0,-2.28127011923363,0,0,0,0,0,0,0,-2.9719063991243,0,0,0,0,0,0,0,-3.03157898506942,0,-2.69261406558197,0,0,0,0,0,0,0,0
0,0,0,0,0,0,0,0,0,0,0,0,0,0,0,0,0,0,0,0,0,0,0,0,0,-3.50136455687196,0,0,0,0,0,0,0,0,0,0,0,0,0,0,-3.29428652697951,0,0,0,0,0,-3.29926879673895,0,0,0,0,0,0,0,0,0,0,0,0,0,0,0,0,0,0,0,0,0,0,0,0,0,0,0,-2.84276399353166,0,0,0,0,0,-2.78255650587519,0,0,0,0,0,0,0,0,0,-3.10659338400783,0,0,0,0,-2.22114839557001,-2.93540134415233,0,0,0,0,0,0,0,0,0,0,-3.39561765654126,0,-3.73349788218031,0,0,0,0,0,0,0,0,0,0,0,0,0,0,0,0,0,0,0,0,0,-2.57522274714603,0,0,0,0,0,0,0,0,0,0,0,0,0,0,0,0,0,0,0,0,-2.50241829673814,0,0,0,0,0,0,0,0,0,0,0,-3.01822337316482,0,-2.41354450568624,0,0,0,0,0,0,0,0,0,0,0,0,0,0,0,0,0,0,0,0,0,0,0,0,0,-3.06138918393386,-3.48263960040415,0,0,0,0,0,0,-3.0705167600216,0,0,0,0,0,0,0,0,0,0,0,0,0,0,0,0,0,0,0,0,0,0,0,0,0,0,0,0,0,0,0
0,0,0,0,0,0,0,0,0,0,0,0,0,0,0,0,0,0,0,0,0,0,0,0,-3.44842332173526,0,0,0,0,0,0,0,0,0,0,0,0,0,0,0,0,0,0,0,0,0,-3.32364347404704,0,0,0,0,0,0,0,0,0,0,0,0,0,0,0,0,0,0,0,0,0,0,0,0,0,0,0,0,0,0,0,0,0,0,0,0,0,0,0,0,0,0,0,0,0,0,0,0,0,0,0,-2.55030291357074,0,0,0,0,0,0,0,0,0,0,0,0,0,0,0,0,0,0,0,0,0,0,0,0,0,-3.46838307198816,0,0,0,0,0,0,-2.79890259201687,0,0,0,0,0,0,-3.51710703065707,0,0,0,0,0,0,0,0,0,0,0,0,0,0,0,0,0,0,0,0,0,0,0,0,0,0,0,0,0,0,0,0,0,0,0,0,0,0,0,-3.49459292972434,0,0,-2.64001994580176,0,0,0,0,0,0,0,0,-3.36077656662499,0,-4.55881132295208,0,0,0,-2.95448854156424,0,0,0,0,0,0,0,0,0,0,0,0,0,0,0,0,0,0,0,0,0,0,0,-2.54335846389296,0,0,-2.65841275661697,0,0,0,0,0,0,0,0
0,0,0,0,0,0,0,0,0,0,0,0,0,0,0,0,0,0,0,0,0,0,0,0,-3.37827902930361,0,0,0,0,0,0,0,0,0,0,0,0,0,0,0,0,0,0,0,0,0,-2.76120211334191,-2.28994924465266,0,0,0,0,0,0,0,0,0,0,0,0,-3.66867383003551,0,0,0,0,0,0,0,0,0,0,0,0,0,0,0,0,0,0,0,0,0,0,0,0,0,0,0,0,0,0,0,0,0,0,0,0,0,0,0,0,0,0,0,0,0,0,0,0,0,0,0,0,0,0,0,0,0,0,0,0,0,0,0,0,0,0,0,0,0,0,0,0,0,0,0,0,0,0,0,0,0,0,0,0,0,0,0,0,0,0,0,0,0,0,0,0,0,0,0,0,0,0,0,0,-2.6366565786203,0,0,0,0,0,0,0,0,0,0,0,0,0,0,0,0,0,0,0,0,0,0,0,0,0,0,0,0,0,0,-2.65712482862915,0,0,0,0,0,0,0,0,0,0,0,0,0,0,0,0,0,0,0,0,0,0,0,0,0,0,0,0,0,0,0,0,0,0,0
0,0,0,0,0,0,0,0,0,0,0,0,0,0,0,0,0,0,0,0,0,0,0,0,-2.92834802945946,0,0,0,0,0,0,0,0,0,0,0,0,0,0,0,0,0,0,0,0,0,0,0,0,0,0,0,0,0,0,0,0,0,0,0,0,0,0,0,0,0,0,0,0,0,0,0,0,0,0,0,0,0,0,0,0,0,0,0,0,0,0,0,0,0,0,0,0,0,0,0,0,0,-2.99098258751793,-2.71064570220262,0,0,0,0,0,0,0,0,0,-3.28766650506652,0,0,0,0,0,0,0,0,0,0,0,0,0,0,-3.51032779858085,0,0,0,0,0,0,0,0,0,0,0,0,0,0,0,0,0,0,0,0,0,0,0,0,0,0,0,0,0,0,0,0,-2.95271957595999,0,0,0,0,0,0,0,0,0,0,0,0,0,0,0,0,0,0,0,0,0,0,0,0,0,0,0,0,0,0,0,0,0,0,0,-2.97403713484914,0,0,-2.77960789782163,-2.77161444488262,-2.99137808187762,0,-2.55081709297838,0,0,0,0,0,0,0,0,0,0,0,0,0,0,0,0,0,0,0,0,0,0,-2.99981646247084,0,0,0,0,0,0,0,0
0,0,0,0,0,0,0,0,0,0,0,0,0,0,0,0,0,0,0,0,0,0,0,0,0,0,0,0,0,0,0,0,0,0,0,0,0,0,0,0,0,0,0,0,0,0,0,0,0,0,0,0,0,0,0,0,0,0,0,0,0,0,0,0,0,0,0,0,0,0,0,0,0,0,0,0,0,0,0,0,0,0,0,0,0,0,0,0,0,0,0,0,0,0,0,0,0,0,0,-3.2694914851543,0,0,0,0,0,0,0,0,0,0,0,0,0,0,0,0,0,0,0,0,0,0,0,0,0,0,0,0,0,0,0,0,0,0,0,0,0,0,0,0,0,0,0,0,0,0,0,0,0,0,0,0,0,0,0,0,0,0,0,0,0,0,0,0,0,0,0,0,0,0,0,0,0,0,0,0,0,0,0,0,0,0,0,0,0,0,0,0,0,0,0,0,0,0,0,0,0,0,0,0,0,0,0,0,0,0,0,0,0,0,0,0,0,0,0,0,0,0,0,0,0,0,0,0,0,0,0,0,0,0,0,0
0,0,0,0,0,0,0,0,0,0,0,0,0,0,0,0,0,0,0,0,0,0,0,0,0,0,0,0,0,0,0,0,0,0,0,0,0,0,0,0,0,0,0,0,0,0,0,0,0,0,0,0,0,0,0,0,0,0,0,0,-3.36640003395092,0,0,0,0,0,0,0,0,0,0,0,0,0,0,0,0,0,0,0,0,0,0,0,0,0,0,0,0,0,-3.59871821616424,0,0,0,0,0,0,0,0,0,0,0,0,0,0,0,0,-3.43812006093764,0,0,0,0,0,0,0,0,0,0,0,0,0,0,0,0,0,0,0,0,0,0,0,0,0,0,0,0,0,0,0,0,0,0,0,0,0,0,0,0,0,0,0,0,0,0,0,0,0,0,0,0,0,0,0,0,0,0,0,0,0,0,0,0,0,0,0,0,0,0,0,0,0,0,0,0,0,0,0,0,0,0,0,0,0,0,0,0,-2.54131045893913,0,0,0,0,0,0,0,0,0,0,0,0,0,0,0,0,0,0,0,0,0,0,0,0,-2.93209788435602,0,0,0,0,0,0,0,0,0,0
0,0,0,0,0,0,0,0,0,0,0,0,0,0,0,0,0,0,0,0,-2.7491490334349,0,0,0,0,0,0,0,0,0,0,0,0,0,0,0,0,0,0,0,0,0,0,0,0,0,0,0,0,0,0,0,0,0,0,0,0,0,0,0,0,0,0,0,0,0,0,0,0,0,0,0,0,0,0,0,0,0,0,0,0,0,0,0,0,0,0,0,0,0,0,0,0,0,0,0,0,0,0,0,0,0,0,0,0,0,0,0,0,0,0,0,0,0,0,0,0,0,0,0,-3.001880585654,0,0,0,0,0,0,0,0,0,0,0,0,0,0,0,0,0,-3.97271643348783,0,0,0,0,0,0,0,0,0,0,0,0,0,0,0,0,0,0,0,0,0,0,0,0,0,0,0,0,0,-2.1767506676959,0,0,0,0,0,0,0,0,0,0,0,0,0,0,0,0,0,0,0,0,0,0,0,-3.62194123044512,-3.71443443520906,0,0,0,0,0,0,0,0,0,0,0,0,0,0,0,0,0,0,0,0,0,0,0,0,0,0,0,0,0,0,-3.43433424732031,0,0,0,0,0,0,0
0,0,0,0,0,0,0,0,0,0,0,0,0,0,0,0,0,0,0,0,0,0,0,0,0,0,0,0,0,0,0,0,0,-3.29428652697951,0,0,0,0,0,0,0,0,0,0,0,0,0,0,0,0,0,0,0,0,0,0,0,0,0,0,0,0,0,0,0,0,0,0,0,0,0,0,0,0,0,0,0,0,0,0,0,0,0,0,0,0,0,0,0,0,0,0,0,0,0,0,0,0,0,0,0,0,0,0,0,0,0,0,0,0,0,0,0,0,0,0,0,0,0,0,0,0,0,0,0,0,0,0,0,0,0,0,0,0,0,0,0,0,0,0,0,0,0,0,0,0,0,0,0,0,0,-3.15747870891728,0,0,0,0,0,0,0,0,0,0,0,0,0,-2.39958648739785,0,-3.3507990291068,-3.46399467683697,0,0,0,0,0,0,0,0,0,0,0,0,0,0,0,0,0,0,0,0,0,0,0,-6.46979820012346,-4.0102694912851,0,0,0,0,0,0,0,0,0,0,0,0,0,0,0,0,0,0,0,0,0,0,0,0,0,0,0,0,0,0,0,0,0,0,0,-2.9358396164369,0,0
0,0,0,0,0,0,0,0,0,0,0,0,0,0,0,0,0,0,0,0,0,0,-3.08865885559578,0,0,0,0,0,0,0,0,0,0,0,0,0,0,0,0,0,0,0,0,0,0,0,0,0,0,0,0,0,0,0,0,0,0,0,0,0,0,0,0,0,-2.33631596068827,0,0,0,0,0,0,0,0,0,0,0,0,0,0,0,0,0,0,0,-2.57186160601566,0,0,0,0,0,0,0,0,0,0,0,0,0,0,0,0,0,0,0,0,0,0,0,0,0,0,0,0,0,0,0,0,0,0,0,0,0,0,0,0,0,0,0,0,-2.46480898103753,0,0,0,0,0,0,0,0,-3.24209134961119,0,0,0,0,0,0,0,0,0,0,0,0,-3.92587875376843,0,0,0,0,0,0,0,0,0,0,-2.65547096275895,0,0,0,0,0,-2.64461895875999,0,0,0,0,-2.36305490655261,0,0,0,0,-4.56889253634547,0,0,0,0,0,0,0,0,0,0,0,0,0,-4.90238377514884,-6.43213476066095,0,0,0,0,0,0,-2.68355328665202,0,0,0,0,0,0,0,0,0,0,2.7633000052039,-4.03708248833297,0,0,0,0,0,0,-3.17938787429268,0,0,0,0,0,0,0,0,-2.99362366800169,0,0,0
0,0,0,0,0,0,0,0,0,0,0,0,0,0,-3.52931208611484,0,0,0,0,0,0,0,0,0,0,0,0,0,0,0,0,0,0,0,0,0,0,0,0,0,0,0,0,-4.27432278088992,0,0,0,0,0,0,0,0,0,0,0,0,0,0,0,0,0,0,0,0,0,0,0,0,0,0,0,0,0,0,0,0,0,0,0,0,0,0,0,0,0,0,0,0,0,0,0,0,0,0,0,0,0,0,0,0,0,0,0,0,0,0,0,0,0,0,0,0,0,0,0,0,0,0,0,0,0,0,0,0,0,0,0,0,0,0,0,0,0,0,0,0,0,0,-4.1199019802253,0,0,0,0,0,0,0,0,0,-3.41263595856664,0,0,0,-2.90511454726992,-2.40127678114384,0,0,0,0,0,0,0,0,0,0,0,-2.75034279993759,-3.07088873204009,0,0,0,0,-2.31322499188373,0,-2.41199897430623,0,0,0,0,-2.75142982524307,0,0,0,0,0,0,0,0,0,0,0,0,0,-4.64164626706898,-3.86084293159785,0,0,0,0,0,0,0,0,-2.74138701229503,0,0,0,0,0,0,0,0,0,0,0,0,0,0,0,0,0,0,0,0,0,0,0,0,0,0,0,0,0
0,0,0,0,0,0,0,0,0,0,0,0,0,0,0,0,0,0,0,0,0,0,0,0,0,0,0,0,0,0,0,0,0,0,0,0,0,0,0,0,0,0,-4.27432278088992,0,0,-3.28044196243535,-2.82839305770967,0,0,0,0,0,0,0,0,0,0,0,-3.53052286610395,0,0,0,0,0,0,0,-2.44727212236811,0,0,0,0,0,0,0,0,0,0,0,-2.63305662775879,0,0,0,0,0,0,-3.03581601354722,0,0,0,0,0,0,0,0,0,0,0,0,-3.31828774099918,-2.2319304345408,0,0,0,0,0,0,0,0,0,0,0,0,0,0,0,0,0,0,0,0,0,-2.42892373795773,0,0,0,0,0,0,0,0,0,0,0,0,0,0,0,0,0,0,0,0,0,0,0,0,0,0,0,0,0,0,0,0,0,0,0,0,0,0,0,0,0,0,-2.7982018556163,0,-3.111132388072,0,-2.44901624808047,0,0,-3.00671888002296,-3.25352226588705,0,0,0,0,-2.11688898443903,0,0,0,-3.57663669033024,0,0,0,0,0,0,0,0,0,0,-3.84726156576213,-3.56583799317209,0,0,-2.91485651862235,0,0,0,0,0,0,0,0,0,0,0,0,0,0,0,0,0,0,0,0,0,0,0,0,0,0,0,0,0,0,-3.13892067355818,0,0,0,0
0,0,0,0,0,0,0,0,0,0,0,0,0,0,-3.52299768778387,0,0,0,0,0,0,0,0,0,0,0,0,0,0,0,0,0,0,0,0,0,0,0,0,0,0,0,0,0,0,0,0,0,0,0,0,0,0,0,0,0,0,0,0,0,0,0,0,0,0,0,0,0,0,0,0,0,0,0,0,0,0,0,0,0,0,0,0,0,0,0,0,0,0,0,0,0,0,0,0,0,0,0,0,0,0,0,0,0,0,0,0,0,0,0,0,0,0,0,0,0,0,0,0,0,-3.0574480952547,-2.52181905082589,0,0,0,0,0,0,0,0,0,0,0,0,0,0,0,0,0,0,0,0,0,0,0,0,0,0,0,0,0,0,-2.88471781609518,0,0,0,0,0,0,0,0,0,0,0,0,0,0,0,0,0,0,0,0,0,0,0,0,0,-2.81317174660777,0,0,0,0,0,0,0,0,0,0,0,0,0,-4.08955107998704,-2.92846850572245,0,0,-2.94157106010441,0,0,0,0,0,0,0,0,0,0,0,0,0,0,3.19275571337376,0,0,0,0,0,0,0,0,0,0,0,-3.17243123474739,0,0,0,0,0,0,0,0
0,0,0,0,0,0,0,0,0,0,0,0,0,0,-3.23415484131964,0,0,0,0,0,0,0,0,0,0,0,0,0,0,0,0,0,0,0,0,0,0,0,0,0,0,0,0,-3.28044196243535,0,0,0,0,0,0,0,0,0,0,0,0,0,0,0,0,0,0,0,0,0,0,0,0,0,0,0,0,0,0,0,0,0,0,0,0,0,0,0,0,0,0,0,0,0,0,0,0,0,0,0,0,0,0,-4.47855554135165,-3.08932271325552,0,0,0,0,0,0,0,0,0,0,0,0,0,0,0,0,0,0,0,0,0,-2.85318571222491,0,0,0,0,0,0,0,0,0,0,0,0,0,0,0,0,0,0,0,0,0,0,0,0,0,0,0,0,0,0,0,0,0,0,0,0,0,0,0,0,0,0,0,0,0,0,0,0,0,0,0,0,0,0,0,0,0,-2.13308134662286,0,0,0,0,0,0,0,0,0,0,0,0,0,-3.42175582138038,0,0,-3.89000074820615,0,0,0,0,0,0,0,0,0,0,0,0,0,0,0,0,0,0,0,0,0,0,0,0,0,0,0,0,0,0,0,0,0,0,0
0,0,0,0,0,0,0,-3.53025103728172,0,0,0,0,0,0,0,0,0,0,0,0,0,0,0,0,0,-3.93683918930259,0,-3.02618163542097,0,0,0,-4.38932554780708,-3.07523697229972,-3.29926879673895,-3.32364347404704,-2.76120211334191,0,0,0,0,0,0,0,-2.82839305770967,0,0,0,0,0,0,0,0,0,0,0,0,0,0,-3.07674864735088,-2.99879528777715,-3.25948866717237,0,0,-3.5785116462753,0,-3.39541254278724,0,0,0,0,0,0,-3.31562768591819,0,0,0,0,0,0,0,0,0,0,0,0,0,0,0,0,0,0,0,0,0,0,0,0,-2.88622777173177,0,0,0,0,0,0,0,0,0,-4.27736375634125,0,-3.87437786236215,0,0,0,0,0,0,0,-2.39135938416989,0,0,0,-2.75920201605081,0,0,0,0,0,0,0,0,0,0,0,-5.25268779809797,0,-4.4305916730583,0,0,-5.03656303131976,-2.62775780350203,-2.09387772131784,0,-3.93634476025003,0,0,0,0,0,0,0,0,0,0,0,0,0,0,0,0,0,0,0,0,0,0,0,-4.3351535425307,0,0,0,0,0,0,0,0,-3.25127155476711,0,0,0,0,0,-5.18888613770867,0,0,0,0,0,0,0,0,-3.10048161267919,0,0,-3.17553137638836,0,0,-2.99244582024104,0,0,0,0,-2.74881985091986,0,0,0,0,0,-3.35618878378101,0,0,0,0,0,0,0,0,0,0,0,0,0,0,0,-2.78185798655681,0,-3.42613708769226,0,0,0,-5.20715064317661,0,0
0,0,0,0,0,0,0,0,0,0,0,0,0,-2.49741234521472,0,0,0,-2.61352747807112,0,0,0,0,0,0,0,-3.16150683620977,0,0,0,0,0,0,0,0,0,0,0,0,0,0,0,0,0,0,0,0,0,0,0,0,0,0,0,0,0,0,0,0,0,0,0,0,0,0,0,0,0,0,0,0,0,0,0,0,0,0,0,0,0,0,0,0,0,0,0,0,0,0,0,0,0,0,0,0,0,0,0,0,0,0,0,0,0,0,0,0,0,0,0,0,0,0,0,0,0,0,0,0,0,0,0,0,0,0,0,0,0,0,0,0,0,0,0,0,0,0,0,0,0,0,0,0,0,0,0,0,0,0,0,0,0,0,0,0,0,0,0,0,0,0,0,0,0,0,0,0,0,0,0,0,0,0,0,0,0,0,0,0,0,0,0,0,0,0,0,0,0,0,0,0,0,0,0,0,0,0,0,0,0,0,0,0,0,0,0,0,0,0,0,0,0,0,0,0,0,0,0,0,0,0,0,0,0,0,0,0,0,0,0,0,0,0
0,0,0,0,0,0,0,0,0,0,0,0,0,0,-3.33341827759439,-2.63221502731131,-2.99976776696929,0,0,0,0,0,0,0,0,0,0,0,0,0,0,0,0,0,0,0,0,0,0,0,0,0,0,0,0,0,0,0,0,0,0,0,0,0,0,0,0,0,0,0,0,0,0,0,0,0,0,0,0,0,0,0,0,0,0,0,0,0,0,0,0,0,0,0,0,0,0,0,0,0,0,0,0,0,0,0,0,0,0,0,0,0,0,0,0,0,0,0,0,0,0,0,0,0,0,0,0,0,0,0,0,0,0,0,0,0,0,0,0,0,0,0,0,0,0,0,0,0,-3.20875208770002,0,0,0,0,0,0,0,0,0,0,0,0,0,0,0,0,0,0,0,0,-2.8346145922212,0,0,0,0,0,0,0,0,-2.92600797400682,0,0,0,0,0,0,0,0,0,0,0,0,0,0,0,0,0,0,0,0,0,0,0,-3.42265289209988,-2.49559108411756,0,0,0,0,0,0,0,0,0,0,0,0,0,0,0,0,0,4.10741161360319,0,0,0,0,0,0,0,0,0,0,0,0,-2.57602402192233,0,0,0,0,0,0,0
0,0,0,0,0,0,0,0,0,0,0,0,0,0,0,0,0,0,0,0,0,0,0,0,0,0,0,0,0,0,0,0,0,0,0,0,0,0,0,0,0,0,0,0,0,0,0,0,0,0,-2.96374359402886,0,0,0,0,0,0,0,0,0,0,-2.550085274286,0,0,0,0,0,0,0,0,0,0,0,0,0,0,0,0,0,0,0,0,0,0,0,0,0,0,0,0,0,0,0,0,0,0,0,0,0,0,0,0,0,0,0,0,0,0,0,0,0,0,0,0,0,0,0,0,0,0,0,0,0,0,0,0,0,0,0,0,0,0,0,0,0,0,0,0,0,0,0,0,0,0,0,0,0,0,0,0,0,0,0,0,0,0,0,0,0,0,0,0,0,0,0,0,0,0,0,-2.57012302716548,0,0,0,0,0,0,0,0,0,0,0,0,0,0,0,0,0,0,0,0,0,0,0,0,0,0,0,0,0,0,0,0,0,0,0,0,0,0,0,0,0,0,0,0,0,0,0,0,0,0,0,0,0,0,-3.84392383080258,0,0,0,0,0,0,0
0,0,0,0,0,0,0,0,-2.59690869547754,-2.94827861951913,0,0,0,0,0,0,0,0,0,0,0,0,0,0,0,0,0,0,0,0,0,0,0,0,0,0,0,0,0,0,0,0,0,0,0,0,0,0,0,-2.96374359402886,0,0,0,0,0,0,0,0,0,0,0,0,0,0,0,0,0,0,0,0,0,0,0,0,0,0,0,0,0,0,0,0,0,0,0,0,0,0,0,0,0,0,0,0,0,0,0,0,0,-2.74497099547302,0,0,0,0,0,0,0,0,0,-3.14186738088405,0,0,0,0,0,0,0,0,0,0,0,0,0,0,0,0,0,0,0,0,0,-3.08846439426587,0,0,0,0,0,0,-3.3115202618541,0,0,0,0,0,0,0,0,0,0,0,0,0,0,0,0,0,0,0,0,0,0,0,0,0,-4.31823815537792,0,0,0,0,0,0,0,0,0,0,0,0,0,0,-3.60666183363875,0,0,0,0,-3.24309781536728,0,0,0,0,0,0,0,0,0,0,0,0,0,0,0,-2.42669974747388,0,0,0,0,0,0,0,0,0,0,0,0,0,0,0,0,0,0,0,0,0,-2.95575019304492,0,0,0,0,0,0,0,-3.82961475158108,0
0,0,0,0,0,0,0,0,-2.61499831356335,0,0,0,0,0,0,0,0,0,0,-3.5034982616707,0,0,0,0,0,0,0,0,0,0,0,0,0,0,0,0,0,0,0,0,0,0,0,0,0,0,0,0,0,0,0,0,0,0,0,0,0,0,0,0,0,0,0,0,0,0,0,0,0,0,0,0,0,0,-3.01396468145262,0,0,0,0,0,0,0,0,0,0,0,0,0,0,0,0,0,0,0,0,0,0,0,0,0,0,0,0,-2.30823234116352,0,0,0,0,0,-2.71440577458296,0,0,0,0,0,0,0,0,0,0,0,0,0,0,0,0,0,0,0,0,-2.43350887226132,-2.54101466483206,0,0,0,-2.78177272379549,0,0,0,0,0,0,0,0,0,0,0,0,0,0,0,0,0,0,0,0,-2.34031058469209,0,0,0,0,0,0,0,0,0,0,0,0,0,0,0,-3.66069184788985,0,0,0,0,0,0,0,-3.21738532097119,0,0,0,0,0,0,0,-4.563797044935,0,0,0,0,0,0,0,0,0,0,0,0,0,0,0,0,0,0,0,0,0,0,0,0,0,0,0,0,0,0,0,0,0,0,-3.86205699854894,0,0,0,0,0,0,0,0
0,0,0,0,0,0,0,0,0,0,0,0,0,0,0,0,0,0,0,0,0,0,0,0,0,0,0,0,0,0,0,0,0,0,0,0,0,0,0,0,0,0,0,0,0,0,0,0,0,0,0,0,0,0,0,0,0,0,0,0,0,0,0,0,0,0,0,0,0,0,0,0,0,0,0,0,0,0,0,0,0,0,0,0,0,0,0,0,0,0,0,0,0,0,0,0,0,0,0,0,0,0,0,0,0,0,0,0,0,0,0,0,0,0,0,0,0,0,0,0,0,0,0,0,0,0,0,0,0,0,0,0,0,0,0,0,0,0,0,0,0,0,0,0,0,0,0,0,0,0,0,0,0,0,0,0,0,0,0,0,0,0,0,0,0,0,0,0,0,0,0,0,0,0,0,0,0,0,0,0,0,0,0,0,0,0,0,0,0,0,0,0,0,0,0,0,0,0,0,0,0,0,0,0,0,0,0,0,0,0,0,0,0,0,0,0,0,0,0,0,0,0,0,0,0,0,0,0,0,0,0,0
0,0,0,0,0,0,0,0,0,0,0,0,0,0,0,0,0,0,0,0,0,0,0,0,0,0,0,0,0,0,0,0,0,0,0,0,0,0,0,0,0,0,0,0,0,0,0,0,0,0,0,0,0,0,0,0,0,0,0,0,0,0,0,0,0,0,0,0,0,0,0,0,0,0,0,0,0,0,0,0,0,0,0,0,0,0,0,0,0,0,0,0,0,0,0,0,0,0,0,0,0,0,0,0,0,0,0,0,0,-3.06568971928849,0,0,0,0,0,0,0,0,0,0,0,0,0,0,0,0,0,0,0,0,0,0,0,0,0,0,0,0,0,0,0,0,0,0,0,0,0,0,0,0,0,0,0,0,0,0,0,0,0,0,0,0,0,0,0,0,0,0,0,0,0,0,0,0,0,0,0,0,0,0,0,0,0,0,0,0,0,0,0,0,0,0,0,0,0,0,0,0,0,0,0,0,0,0,0,0,0,0,-3.23939299138722,0,0,0,0,0,0,0,0,0,0,0,0,0,0,-3.10848560195003,-2.64920218610784,0,0,0,0,0,0,0
0,0,0,0,0,0,0,0,0,0,0,0,0,0,0,0,0,0,0,0,0,0,0,0,0,0,0,0,0,0,0,-3.95442834862291,0,0,0,0,0,0,0,0,0,0,0,0,0,0,0,0,0,0,0,0,0,0,0,0,0,0,0,0,0,0,0,0,0,0,0,-2.7762954614294,0,0,0,0,0,0,0,0,0,0,-3.34753848476781,0,0,0,0,0,0,0,0,0,0,0,0,0,0,0,0,0,0,0,0,0,0,0,0,0,0,0,0,0,0,0,0,0,0,0,0,0,0,0,0,0,0,0,0,0,0,0,0,0,0,0,0,0,0,0,-3.63003069881341,0,0,0,0,0,0,0,0,0,0,0,0,0,0,0,0,0,0,0,0,0,0,0,0,0,0,0,0,0,0,0,0,0,-3.12239272340475,0,0,0,0,0,0,0,0,0,0,0,0,0,0,0,0,0,0,0,0,0,0,0,0,0,0,0,0,0,0,0,0,0,0,0,0,0,0,0,0,0,0,0,0,0,0,0,0,0,0,0,0,0,0,0,0,0,0,0,0,0,0,0
0,0,0,0,0,0,0,0,0,0,0,0,0,0,0,0,0,0,0,0,0,0,0,0,0,0,0,0,0,0,0,0,0,0,0,0,0,0,0,0,0,0,0,0,0,0,0,0,0,0,0,0,0,0,0,0,0,0,0,0,0,0,0,0,0,0,0,0,0,0,0,0,0,0,0,0,0,0,0,0,0,0,0,0,0,0,0,0,0,0,0,0,0,0,0,0,0,0,0,0,0,0,0,0,0,0,0,0,0,0,0,0,0,0,0,0,0,0,0,0,0,0,0,0,0,0,0,0,0,0,0,0,0,0,0,0,0,0,0,0,0,0,0,0,0,0,0,0,0,0,0,0,0,0,0,0,0,0,0,0,0,0,0,0,0,0,0,0,0,-2.11126296054883,0,0,0,0,0,0,0,0,0,-3.04294913822286,0,0,0,0,0,0,0,0,0,0,0,0,0,0,0,0,0,0,0,0,0,0,0,0,0,0,0,0,0,0,0,0,0,0,0,0,0,0,0,0,0,0,0,0,0,0,0,0,0,0,0,0
0,0,0,0,0,0,0,0,0,-2.74934159748376,0,0,0,0,0,0,0,0,0,0,0,0,0,0,0,0,0,0,0,0,0,0,0,0,0,0,0,0,0,0,0,0,0,0,0,0,0,0,0,0,0,0,0,0,0,0,0,0,0,0,0,0,0,0,0,0,0,0,0,0,0,0,0,0,0,0,0,0,0,0,0,0,0,0,-3.30828246577371,0,0,0,0,0,0,0,0,0,0,-3.17637192712769,-2.68632030714938,0,0,0,0,0,0,0,0,0,0,0,0,-3.86143183283646,0,0,0,0,0,0,0,0,0,0,0,0,0,0,0,0,0,0,0,0,0,0,0,0,0,0,0,0,0,0,0,0,0,0,0,0,0,0,0,0,0,0,0,0,0,0,0,0,0,0,0,0,0,0,0,0,-3.14086346206766,-3.10401594920604,-2.65214438587938,0,0,0,0,0,0,0,0,0,0,0,0,-3.34957627262216,0,0,0,0,0,0,0,0,0,0,0,0,-3.21745144071921,0,0,0,0,0,-4.12356032901069,0,0,0,0,0,0,0,0,0,0,0,0,0,0,0,0,0,0,0,0,0,0,0,-2.35931298330522,0,0,0,0,0,0,0
0,0,0,0,0,0,0,0,0,-3.05976615829405,0,0,0,0,0,0,0,0,0,0,0,0,0,0,0,0,0,0,0,0,0,0,0,0,0,0,0,0,0,0,0,0,0,0,0,0,0,0,0,0,0,0,0,0,0,0,0,0,0,0,0,0,0,0,0,0,0,0,0,0,0,0,0,0,0,0,0,0,0,0,0,0,0,0,0,0,0,0,0,0,0,0,0,0,0,0,0,0,0,0,0,0,0,0,0,0,0,-3.32351833783328,0,-3.37575721449709,0,0,0,0,0,0,0,0,0,0,0,0,0,0,0,0,0,0,0,0,0,0,0,0,0,0,0,0,-2.11969237539386,0,0,0,-2.61609410915625,0,0,0,0,0,0,0,0,0,0,0,0,0,0,0,0,0,0,0,0,0,0,0,0,0,0,-2.81279709344021,0,0,0,0,0,0,0,0,0,0,-2.38719303806828,-2.12899553552071,0,0,0,0,0,0,0,0,0,0,0,0,0,0,0,0,0,0,0,0,-3.53802866883167,0,0,0,0,0,0,0,0,0,0,0,0,0,0,0,0,0,0,0,0,0,0,0,0,0,0,0,0,0
0,0,0,0,-3.24213955635721,-3.07650395490681,0,0,-3.50225197016327,-4.04925475257337,-4.00260732712386,0,0,0,-3.54248363660635,0,0,0,0,0,-3.60510364372654,0,0,0,0,0,0,0,0,0,0,0,0,0,0,0,0,0,0,0,0,0,0,-3.53052286610395,0,0,-3.07674864735088,0,0,0,0,0,0,0,0,0,0,0,0,0,0,0,0,0,0,0,0,0,0,0,0,0,-3.70335693747109,0,0,0,0,0,0,0,0,0,0,0,0,0,0,0,0,-2.49392822311449,0,0,0,0,0,0,0,0,0,0,0,0,0,0,0,0,-3.06346062724845,-4.29895574638102,0,-3.63557429985324,-3.96650404598051,-3.52850129060045,0,0,0,0,0,0,0,0,0,0,0,0,0,0,0,0,0,0,0,-4.18944719405785,0,-2.16782389140406,0,0,0,0,-5.42992363921801,0,-4.49397200176116,0,0,0,0,0,0,0,0,0,0,0,-2.40474391788091,0,-2.67297636771576,0,0,0,0,0,0,0,0,0,0,0,-2.90108393412936,0,0,0,0,0,0,0,0,-2.91902505259023,0,0,-3.44502570676318,0,0,0,0,0,0,0,0,0,-2.44526417487469,0,0,0,-2.85593971807189,-3.45036472588554,0,0,0,0,0,0,0,0,0,0,0,0,0,0,0,0,0,0,0,0,0,0,0,0,0,0,0,0,0,-2.49775330116951,0,0,0,0,0,0,0,0
0,0,0,0,-3.40648602938865,-3.01968917616347,0,-3.52731701693417,0,0,0,0,0,0,0,0,0,0,0,0,0,0,0,0,0,-3.0628738795796,0,0,0,0,0,0,0,0,0,0,0,0,0,0,0,0,0,0,0,0,-2.99879528777715,0,0,0,0,0,0,0,0,0,0,0,0,0,0,0,0,0,0,0,0,0,0,0,0,0,0,0,0,0,0,0,0,0,0,0,0,0,0,0,0,0,0,0,0,0,0,0,0,0,0,0,0,0,0,0,-3.98410362843263,0,0,0,-2.94203038959767,-3.61674354424673,0,-2.99396507181319,0,-2.6293399905675,0,0,0,0,0,0,0,0,0,0,0,0,0,0,0,0,0,0,0,0,-2.63783625866745,0,0,0,0,0,-3.5991992925837,0,-2.9379272270192,0,0,0,0,0,0,0,0,0,0,0,0,0,0,0,0,0,0,0,0,0,0,0,0,0,0,0,0,0,0,0,0,-3.72739383006461,0,-3.99992494220446,0,0,0,0,0,0,0,0,-4.05661667818005,0,0,0,-4.66689946188447,0,0,0,-4.09363548848316,-4.19451038737574,0,0,0,0,0,0,0,0,0,0,0,-3.14759579955528,0,-2.43037759516922,0,0,0,0,0,0,0,0,0,0,0,0,0,0,0,0,0,0,0,0,0,0,0,0
0,0,0,0,0,0,0,0,0,0,-2.79947442935603,0,0,0,0,0,0,0,0,0,0,0,0,0,0,0,0,0,0,0,0,0,0,0,0,-3.66867383003551,0,0,-3.36640003395092,0,0,0,0,0,0,0,-3.25948866717237,0,0,0,0,0,0,0,0,0,0,0,0,0,0,0,0,0,0,0,0,0,0,0,0,0,0,0,0,0,0,0,0,0,0,0,0,0,0,0,0,0,0,0,0,0,0,0,0,0,0,0,0,0,0,0,0,0,0,0,0,-3.41325744184794,0,0,0,-3.09767166076761,0,0,0,0,0,0,0,0,0,0,0,0,0,0,0,0,0,0,0,0,0,0,0,0,0,0,0,0,-3.40952222544093,0,0,0,0,0,0,-2.95149931324692,0,0,0,-2.75652760991648,0,0,0,0,0,0,0,0,0,0,0,0,0,0,0,0,0,0,0,0,0,0,0,0,0,0,0,0,0,0,0,0,0,0,0,0,0,0,0,0,0,0,0,0,0,0,0,0,0,0,-3.40220409363705,0,-4.34667055441532,0,0,0,0,0,0,0,0,0,0,0,0,0,0,0,0,0,0,0,0,0,0,0,0,0,0,0
0,0,0,0,0,0,0,0,-2.84788790895704,-2.87301539068922,0,0,0,-4.49324180533505,-4.58121460266914,0,0,0,0,0,0,0,0,0,0,0,0,0,0,0,0,0,0,0,0,0,0,0,0,0,0,0,0,0,0,0,0,0,0,-2.550085274286,0,0,0,0,0,0,0,0,0,0,0,0,-2.44185214427274,0,0,0,0,0,0,0,0,0,0,-2.71956014001009,0,0,0,0,0,0,0,0,0,0,0,0,0,0,0,-2.69693326997588,0,0,0,0,0,-3.37428612204036,0,0,0,0,0,0,0,0,-3.7031087601213,0,0,-4.52345237101373,0,-3.29618380737576,0,-2.68435934653671,0,0,0,-3.61791977996736,0,-3.99028018074512,0,0,0,0,0,0,0,-3.60274592034989,0,0,0,0,0,-2.82311063570251,0,0,0,0,0,0,-4.71519623995697,0,-3.7280062463674,0,-2.90146477903264,0,0,0,0,0,-3.0078081469308,0,0,0,-2.97399079598902,0,-2.66953931275772,0,0,0,0,-2.93683851446181,-3.62897126911756,0,0,-2.92801588034551,0,0,0,0,0,0,0,0,0,0,0,0,0,0,0,0,0,0,0,0,0,0,-2.24854493534296,-2.83713450357161,0,0,0,0,-3.44221123237746,-3.86062030031349,0,0,0,0,0,0,-3.18991609815063,-3.26791005615291,0,0,0,0,0,0,0,0,0,0,0,0,-2.7286436886938,0,0,0,0,0,0,0,0,0,-3.03905766886342,0,0,0,0,-2.71348654975699,0,0
0,0,0,0,0,0,0,0,0,0,0,0,0,0,0,0,0,0,0,0,0,0,0,0,0,0,0,0,0,0,0,0,0,0,0,0,0,0,0,0,0,0,0,0,0,0,0,0,0,0,0,0,0,0,0,0,0,0,0,0,0,-2.44185214427274,0,0,0,0,0,0,0,0,0,0,0,0,0,0,0,0,0,0,0,0,0,0,-3.6648348952559,0,0,0,0,0,0,0,0,0,0,0,0,0,0,0,0,0,0,0,0,0,0,0,0,0,0,0,0,0,0,0,0,0,0,0,0,0,0,0,0,0,0,0,0,0,0,0,0,0,0,0,0,0,0,0,0,0,0,0,0,0,0,0,0,0,0,0,0,0,-2.1478507057812,0,0,0,0,0,0,0,0,0,0,0,0,0,0,0,0,0,0,0,0,0,0,0,0,0,0,0,0,0,0,0,0,0,0,0,0,0,0,0,0,0,0,0,0,0,0,0,0,0,0,0,0,0,0,0,0,0,0,0,0,0,0,0,0,0,0,0,0,0,0,0,0,0,0,0,0,0
0,0,0,0,-3.65836781809688,-3.73148885560106,0,0,-2.543223502873,-4.68855410894354,0,0,0,0,0,0,0,0,0,0,-4.27442712169185,0,0,0,-2.57457120149064,0,0,0,0,0,0,0,0,0,0,0,0,0,0,0,0,0,0,0,0,0,-3.5785116462753,0,0,0,0,0,0,0,0,0,0,0,0,0,0,0,0,0,0,0,0,0,0,0,-2.29150033915119,0,-3.00395853266689,0,0,0,0,0,0,0,0,0,0,0,0,0,0,0,0,0,0,0,0,0,0,-3.21660183067624,0,0,0,0,0,-2.90613330687358,0,0,-3.4142965392215,0,-2.54767853129185,-3.47181006512098,-3.14183741946723,-3.89811638601188,-3.33474309455606,-3.43068327631857,0,0,0,0,0,0,0,0,0,0,0,0,0,0,0,0,0,0,0,-4.72587569440757,-3.69761043412252,0,0,-3.99023226264419,0,0,-3.62681797850051,0,-4.51705610702082,0,0,0,0,0,0,0,-3.20433482942451,0,0,0,0,0,-2.95240346401073,0,0,0,0,0,0,0,0,-2.8967585563818,0,0,0,0,-3.00082409295501,0,0,0,0,0,0,-3.53688703992924,0,0,0,0,0,-2.82059660582623,0,0,0,0,0,0,0,0,-4.51855819306357,0,-3.15054973945959,-3.1977383413545,0,0,-2.98097192454331,0,-3.85677702902599,0,-2.42936316100644,0,0,0,-3.96555381313645,0,0,0,0,0,0,0,0,0,0,0,0,0,0,0,0,0,0,0,0,0,0,0,0,0,0,0
-4.20654986528427,-3.39624497538987,0,0,-3.80118490722883,-2.78328317646115,-4.29492964851967,-3.05639870029794,0,0,-4.01786704370751,0,0,0,0,0,0,0,0,0,0,0,0,0,0,0,0,-2.68106099673961,0,0,0,0,0,0,0,0,0,0,0,0,0,0,0,0,0,0,0,0,0,0,0,0,0,0,0,0,0,0,0,0,0,0,0,0,0,0,0,0,0,0,0,-2.8917446913448,0,0,0,0,0,0,0,0,0,0,0,0,-2.57175672979814,0,0,0,0,0,-5.70953090471662,0,0,0,0,0,0,0,0,0,-3.33743469385074,0,0,-3.7178791067171,-2.78125576451631,-2.64890536273398,0,-3.05903814366715,0,-4.01270541264003,0,0,0,0,0,-2.63101767016953,0,-3.34901397725554,0,0,0,0,0,0,0,0,0,0,0,0,0,0,0,0,0,0,0,0,0,0,0,0,0,0,0,0,0,0,0,0,0,0,0,0,0,0,0,0,0,0,0,0,-3.34192975422915,0,0,0,0,0,0,0,0,0,0,0,0,0,0,0,0,0,0,-2.9397935265631,0,0,0,0,0,0,0,0,0,0,0,0,0,0,0,0,0,0,0,-2.24439198643932,0,0,0,0,0,0,0,0,0,0,0,0,0,0,0,0,0,0,0,0,-2.50315840753074,-2.31274857298214,0,0,0,0,0,0,-2.49462758486984,0
0,0,0,0,0,0,0,0,0,0,0,0,0,0,-3.1317344549208,0,0,0,0,0,0,0,0,0,0,0,0,0,0,0,0,0,0,0,0,0,0,0,0,0,0,0,0,0,0,0,-3.39541254278724,0,0,0,0,0,0,0,0,0,0,0,0,0,0,0,0,0,0,0,0,0,0,0,0,0,0,0,0,0,0,0,0,0,0,0,0,0,0,0,0,0,0,0,0,0,0,0,0,0,0,0,0,0,0,0,0,0,0,0,0,0,0,0,0,0,0,0,0,0,0,0,0,0,0,0,0,0,0,0,0,0,0,0,0,0,0,0,0,0,0,0,0,0,0,0,0,0,0,0,0,0,0,0,0,0,0,0,0,0,0,0,0,0,0,0,0,0,0,0,0,0,0,0,0,0,0,0,0,0,0,0,0,0,0,0,0,0,0,0,0,0,0,0,0,0,-3.50808534351489,0,0,0,-2.85696752011638,0,0,0,0,0,0,0,0,0,0,0,0,0,0,0,0,0,0,0,0,0,0,0,0,0,0,0,0,-2.89296123283298,0,0,0,0,0,0
0,0,0,0,0,0,0,0,0,0,0,0,0,0,0,0,0,0,0,0,0,0,0,0,0,0,0,0,0,0,0,0,0,0,0,0,0,0,0,0,0,0,0,-2.44727212236811,0,0,0,0,0,0,0,0,0,0,0,0,0,0,0,0,0,0,0,0,0,0,0,0,0,0,0,0,0,0,0,0,0,0,0,0,0,0,0,0,0,0,0,0,0,0,0,0,0,0,0,0,0,0,0,0,0,0,0,0,0,0,0,0,0,0,0,0,0,0,0,0,0,0,0,0,0,0,0,0,0,0,0,0,0,0,0,0,0,0,0,0,0,0,-2.50315957438722,0,-3.09778900326303,0,-3.50624154922461,0,0,0,0,0,0,0,0,0,0,0,0,0,0,0,0,0,0,0,0,0,0,0,-3.07389662757116,0,0,-2.57993624767231,0,0,0,0,0,0,0,0,0,0,0,0,0,0,0,0,0,0,0,0,0,0,0,0,0,0,0,0,0,0,0,0,0,0,0,0,0,0,0,0,0,0,0,0,0,0,0,0,0,0,0,0,0,0,0,0,0,0,0,0,0,0
0,0,0,0,0,0,0,0,0,0,0,0,0,0,0,0,0,0,0,0,0,0,0,0,0,0,0,0,0,0,0,0,0,0,0,0,0,0,0,0,0,0,0,0,0,0,0,0,0,0,0,0,0,0,-2.7762954614294,0,0,0,0,0,0,0,0,0,0,0,0,0,0,0,0,0,0,0,0,0,0,0,0,0,0,0,0,-3.4643717768485,-3.19506029444381,0,0,0,-4.46387964721009,0,0,0,0,0,0,-2.86686033333817,0,0,0,-2.9722520154641,0,0,0,0,0,0,0,0,0,0,0,0,0,0,0,0,0,0,0,0,0,0,0,0,0,0,0,0,0,0,0,-2.37058631752173,0,0,0,0,0,0,0,0,-2.63796265807087,0,0,0,0,0,0,0,0,0,0,0,0,0,0,0,0,0,0,0,0,0,0,0,0,0,0,-2.25246776821754,0,-4.19197008338365,0,0,0,0,0,0,0,0,0,0,0,0,0,0,0,0,0,0,0,0,-2.99130711697267,0,0,0,0,0,-2.51938171318229,0,0,0,-2.63570152731394,0,-4.64611118723109,0,0,0,0,0,0,0,0,0,0,0,0,0,0,0,0,-2.82593493734387,0,0,0,0,0,0,0,0,0,0,0,0
0,-2.96949743389282,0,0,0,0,0,0,0,0,0,0,0,0,0,0,0,0,0,0,0,0,0,0,0,0,0,0,0,0,0,-2.6948866201492,0,0,0,0,0,0,0,0,0,0,0,0,0,0,0,0,0,0,0,0,0,0,0,0,0,0,0,0,0,0,0,0,0,0,0,0,0,0,0,0,0,0,0,0,0,0,0,0,0,0,0,0,-4.02065742279052,-2.60981090046326,0,0,0,0,0,0,0,0,0,0,0,0,0,0,0,0,0,0,0,0,0,0,0,0,0,0,0,0,0,0,0,0,0,0,0,0,0,0,0,0,0,0,0,0,0,0,0,0,0,0,0,0,0,0,0,0,-2.59702900292819,0,0,0,0,0,0,0,0,0,0,0,0,0,0,0,0,0,0,0,0,0,0,0,0,0,0,-2.79023932916689,0,0,0,0,0,0,0,0,0,0,0,0,0,0,0,0,0,0,0,0,0,0,0,0,0,0,0,0,0,0,0,0,-2.58644031382471,0,0,0,0,0,-3.29933124414681,0,0,0,0,0,0,0,0,0,0,0,0,0,0,0,0,0,0,0,0,0,0,0
0,0,0,0,0,0,0,0,0,0,0,0,0,0,0,0,0,0,0,0,0,0,0,0,0,0,0,0,0,0,0,0,0,0,0,0,0,0,0,0,0,0,0,0,0,0,0,0,0,0,0,0,0,0,0,0,0,0,0,0,0,0,0,0,0,0,0,0,0,0,0,0,0,0,0,0,0,0,0,0,0,0,0,0,0,0,0,0,0,0,0,0,0,0,0,0,0,0,0,0,0,0,0,0,0,0,0,0,0,0,0,0,0,0,0,-3.23303301519522,0,0,0,0,0,0,0,0,0,0,0,0,0,0,0,0,0,0,0,0,0,0,0,0,0,0,0,0,0,0,0,0,0,0,0,0,0,0,0,0,0,0,0,0,0,0,0,0,0,0,0,0,0,0,0,0,0,0,0,0,0,0,0,0,0,0,0,0,0,0,0,0,0,0,0,0,0,0,0,0,0,0,0,0,0,0,0,0,0,0,0,0,0,0,0,0,0,0,0,0,0,0,0,0,0,0,0,0,0,0,0,0,0,0,0,0
0,0,0,0,0,0,0,0,0,0,0,0,0,0,0,0,0,0,0,0,0,0,0,0,0,0,0,0,0,0,0,0,0,0,0,0,0,0,0,0,0,0,0,0,0,0,0,0,0,0,0,0,0,0,0,0,0,0,0,0,0,0,0,0,0,0,0,0,0,0,0,0,0,0,0,0,0,0,0,0,0,0,0,0,0,0,0,0,0,0,0,0,0,0,0,0,0,0,0,0,0,0,0,0,0,0,0,0,0,0,0,0,0,0,0,0,0,0,0,0,0,0,0,0,0,0,0,0,0,0,0,0,0,0,0,0,0,0,0,0,0,0,0,0,0,0,0,0,0,0,0,0,0,0,0,0,0,0,0,0,0,0,0,0,0,0,0,0,0,-4.5409683785857,0,0,0,0,0,0,0,0,0,0,0,0,0,0,0,0,0,0,0,0,0,0,0,0,0,0,0,0,0,0,0,0,0,0,0,0,0,0,0,0,0,0,0,0,0,0,0,0,0,0,0,0,0,0,0,0,0,0,0,0,0,0
0,0,0,0,0,0,0,0,0,0,0,0,0,0,0,0,0,0,0,0,0,0,0,0,0,0,0,0,0,0,0,0,0,0,0,0,0,0,0,0,0,0,0,0,0,0,0,0,0,0,0,0,0,0,0,0,0,0,0,0,0,0,0,0,-2.8917446913448,0,0,0,0,0,0,0,0,0,0,0,0,0,0,0,0,0,0,0,0,0,0,0,0,0,0,0,-3.11742479399892,0,0,0,0,0,0,0,0,0,0,0,0,0,0,0,0,0,0,0,0,0,0,0,0,0,0,0,0,0,0,0,0,0,0,0,0,0,0,0,0,0,0,0,0,0,0,0,0,0,0,0,0,0,0,0,0,0,0,-3.2083829376574,0,0,0,0,0,0,0,0,0,0,0,0,0,0,0,0,0,0,0,0,0,0,0,0,0,0,0,0,0,0,0,0,0,0,0,0,0,0,0,0,0,-2.2929421770839,0,0,0,0,0,0,0,0,-3.53353214774077,0,0,0,0,0,0,0,0,0,0,0,0,0,0,0,0,0,0,0,0,0,0,0,0,0,0,0,0,0
0,0,0,0,0,0,0,0,0,0,0,0,0,0,0,0,0,0,0,0,0,0,0,0,0,0,0,0,0,0,0,0,0,0,0,0,0,0,0,0,0,0,0,0,0,0,-3.31562768591819,0,0,0,0,0,0,0,0,0,0,0,-3.70335693747109,0,0,0,0,-3.00395853266689,0,0,0,0,0,0,0,0,0,0,0,0,0,0,0,0,0,0,0,0,0,0,0,0,0,0,0,0,0,0,0,0,0,0,0,-3.11326093017224,0,0,0,0,0,0,0,0,0,0,0,0,0,0,0,0,0,0,0,0,0,0,0,0,0,0,0,0,0,0,0,0,0,0,0,0,0,0,0,0,0,0,0,0,0,0,0,0,0,0,0,0,-3.47870050641462,0,0,0,0,0,0,0,0,0,0,0,0,0,0,0,0,0,0,0,0,0,0,0,0,0,0,0,0,0,0,0,0,0,0,0,0,0,0,0,0,0,0,0,0,0,0,0,0,0,0,0,0,0,0,0,0,0,0,0,0,0,0,0,0,0,0,0,0,0,-2.95639638428077,0,-2.86892282604982,-2.89271891569681,0,0,0,0,0,0
0,0,0,0,0,0,0,0,0,0,0,0,0,0,-3.53817879485716,0,0,0,0,0,0,0,0,0,0,0,0,0,0,0,0,0,-2.89682384907705,0,0,0,0,0,0,0,0,0,0,0,0,0,0,0,0,0,0,0,0,0,0,0,0,0,0,0,0,-2.71956014001009,0,0,0,0,0,0,0,0,0,0,0,0,0,0,0,0,0,0,0,0,0,0,0,0,0,0,0,0,0,0,0,0,0,-2.68393034508618,0,0,0,0,0,0,0,0,0,0,0,-2.64430285391837,0,0,0,0,0,0,0,-3.58184595360491,0,-3.53077077770799,0,0,0,0,0,0,0,0,0,0,0,0,0,-3.65307786691322,0,0,0,0,0,-3.08239686359619,0,0,0,0,0,0,0,0,0,0,0,0,0,-3.24234892145889,0,0,0,0,0,0,0,0,0,0,0,0,0,0,0,0,0,-2.63410347956026,0,0,0,0,0,0,0,0,0,0,0,0,0,0,0,0,0,0,0,0,0,0,0,-3.33262936551112,-2.78101703026181,0,0,0,0,0,0,0,0,0,0,0,0,0,0,0,0,0,0,0,0,0,0,0,-5.3259584061699,0,0,0,0,-2.75062181327283,0,0,0,0,0,0,0,0
0,-3.45325752798156,0,0,0,0,0,0,0,0,0,0,0,0,0,0,0,0,0,0,0,0,0,0,0,0,0,0,0,0,0,0,0,-2.84276399353166,0,0,0,0,0,0,0,0,0,0,0,0,0,0,0,0,0,-3.01396468145262,0,0,0,0,0,0,0,0,0,0,0,0,0,0,0,0,0,0,0,0,0,0,0,0,0,0,0,0,0,0,0,0,0,0,0,0,0,0,0,0,0,0,0,0,0,0,0,0,0,0,0,0,0,0,0,0,0,0,0,0,0,0,0,0,0,0,0,0,0,0,0,0,0,0,0,0,0,0,0,0,0,0,0,0,0,0,-2.1438371124965,0,0,0,0,0,0,0,0,0,0,0,0,0,0,0,0,0,0,0,0,0,0,0,0,0,0,0,0,0,0,-2.75210105515988,0,0,0,0,0,0,0,0,0,0,0,0,0,0,0,0,0,0,0,0,0,0,0,0,0,0,0,0,0,0,0,0,0,0,0,0,0,0,0,0,0,0,0,0,0,0,0,0,0,0,0,0,0,0,0,0,0,0,0,0,0,0
0,0,0,0,0,0,0,0,0,0,0,0,0,0,0,0,0,0,0,0,0,0,0,0,0,0,0,0,0,0,0,0,0,0,0,0,0,0,0,0,0,0,0,0,0,0,0,0,0,0,0,0,0,0,0,0,0,0,0,0,0,0,0,0,0,0,0,0,0,0,0,0,0,0,0,0,0,0,0,0,0,0,-2.97163957363662,0,-3.81890951087654,0,0,0,-3.17158934193967,0,0,0,0,0,0,0,0,0,0,-3.89302713441552,0,0,0,0,0,0,0,0,0,-2.81598369481864,0,0,0,0,0,0,0,0,0,0,0,0,0,0,0,0,0,0,0,0,0,-2.42905329479847,0,0,0,0,0,0,0,0,0,0,0,0,0,0,0,0,0,0,0,0,0,0,0,0,0,0,0,0,0,0,0,0,0,0,0,0,0,0,0,0,0,0,0,0,0,0,0,0,0,0,0,0,0,0,0,0,0,0,0,0,0,0,0,0,0,0,0,0,0,0,-3.28496071260055,0,0,0,0,0,-2.77419661332195,0,0,0,0,0,0,0,0,0,-3.00358729854225,0,0,0,0,0,-3.05992631468286,0,0,0,0,0,0,0
0,0,0,-2.9100059126024,0,0,0,0,-3.11054285666544,0,0,0,0,0,0,0,0,0,0,0,0,0,0,0,0,0,0,0,0,0,0,0,0,0,0,0,0,0,0,0,0,0,0,0,0,0,0,0,0,0,0,0,0,0,0,0,0,0,0,0,0,0,0,0,0,0,0,0,0,0,0,0,0,0,0,0,0,0,0,0,0,0,0,0,0,0,0,0,0,0,0,0,0,0,0,0,0,0,0,0,0,0,-2.71659110528343,0,0,0,0,-2.2322573538839,0,0,0,0,0,0,0,-3.41421522205647,0,0,0,0,0,0,0,0,0,0,0,0,0,0,0,0,0,0,0,0,0,0,0,0,0,0,0,0,0,0,0,0,0,0,0,0,0,0,0,0,0,0,0,0,0,0,0,0,0,0,0,0,0,0,0,0,0,0,0,0,0,0,0,0,0,0,0,0,0,0,0,0,0,0,0,0,0,0,0,0,0,0,0,0,0,0,0,0,0,0,0,0,0,0,0,0,0,0,0,0,0,0,0,0,0,0,0,0,-3.42630165632964,0,0,0,0,0,0,0
0,0,0,0,0,0,0,0,0,0,0,0,0,0,0,0,0,0,0,0,0,0,0,0,0,0,0,0,0,0,0,0,0,0,0,0,0,0,0,0,0,0,0,0,0,0,0,0,0,0,0,0,0,0,0,0,0,0,0,0,0,0,0,0,0,0,0,0,0,0,0,0,0,0,0,0,0,0,0,0,0,0,0,0,0,0,0,0,0,0,0,0,0,0,0,0,0,0,0,0,0,0,-2.72162754337276,0,0,0,0,0,0,0,0,0,0,0,0,0,0,0,0,0,0,0,0,0,0,0,0,0,0,0,0,0,0,0,0,0,0,0,-3.01743958273127,0,0,0,0,0,0,0,0,0,0,0,0,0,0,0,0,0,0,0,0,0,0,0,0,0,0,0,0,0,0,-3.38993510885151,0,0,0,0,0,0,0,0,0,0,0,0,0,0,0,0,0,0,0,0,0,0,0,0,0,0,0,0,0,0,0,0,0,0,0,0,0,0,0,0,0,0,0,0,0,0,0,0,0,0,0,0,0,0,0,0,0,0,0,0,0,0
0,0,0,0,0,0,0,0,0,0,0,0,0,0,0,0,0,0,0,0,0,0,0,0,0,0,0,0,0,0,0,0,0,0,0,0,0,0,0,0,0,0,0,-2.63305662775879,0,0,0,0,0,0,0,0,0,0,-3.34753848476781,0,0,0,0,0,0,0,0,0,0,0,0,0,0,0,0,0,0,0,0,0,0,0,0,0,0,0,0,0,0,0,0,0,0,0,0,0,0,0,0,0,0,0,0,0,0,0,0,0,0,0,0,0,0,0,0,0,0,0,0,0,0,0,0,0,0,0,0,0,0,0,0,0,0,0,0,0,0,0,0,0,0,0,0,0,0,0,0,0,0,0,0,0,0,0,0,0,0,0,0,0,0,0,0,0,0,0,0,0,0,0,0,0,0,-2.51691742639029,0,0,0,0,0,0,0,0,0,0,0,0,0,0,0,0,0,0,0,0,0,0,0,0,0,0,0,0,0,0,0,0,-2.92520553894041,0,0,0,0,0,0,0,0,0,0,0,0,0,0,0,0,0,0,0,0,0,0,0,0,0,0,0,0,0
0,0,0,0,0,0,0,0,0,0,0,0,0,0,0,0,0,0,0,0,0,0,0,0,0,0,0,0,0,0,0,0,0,0,0,0,0,0,0,0,0,0,0,0,0,0,0,0,0,0,0,0,0,0,0,0,0,0,0,0,0,0,0,0,0,0,0,0,0,0,0,0,0,0,0,0,0,0,0,0,0,0,0,0,0,0,0,0,0,0,0,0,0,0,0,0,0,0,0,-2.49440750570885,0,0,0,0,0,0,0,-2.35351552508058,0,0,0,0,0,0,0,0,0,0,0,0,0,0,0,0,0,0,0,0,0,0,0,0,0,0,0,0,0,0,0,0,0,0,0,0,0,0,0,0,0,0,0,0,0,0,0,0,0,0,0,0,0,0,0,0,0,0,0,0,0,0,0,0,0,0,0,0,0,0,0,0,0,0,0,0,0,0,0,0,0,0,0,0,0,0,0,0,0,0,0,0,0,0,0,0,0,0,0,0,-4.02924694525137,0,0,0,0,0,0,0,2.77294813402929,0,0,0,0,0,0,0,-2.8080610038104,0,0,0,0,0,0,0
0,0,0,0,0,0,0,0,0,0,0,0,0,0,0,0,0,0,0,0,0,0,0,0,0,0,0,0,0,0,0,0,0,-2.78255650587519,0,0,0,0,0,0,0,0,0,0,0,0,0,0,0,0,0,0,0,0,0,0,0,0,0,0,0,0,0,0,0,0,0,0,0,0,0,0,0,0,0,0,0,0,0,0,0,0,0,0,0,0,0,0,0,0,0,0,0,0,0,0,0,0,-2.91147199130382,0,0,0,0,0,0,0,0,0,0,0,0,0,0,0,0,0,0,0,0,0,0,0,0,0,0,0,0,0,0,0,0,0,0,0,0,0,0,0,0,0,0,0,0,0,0,0,0,0,0,0,0,0,0,0,0,0,0,0,0,0,0,0,0,0,0,0,0,0,0,0,0,0,0,0,0,0,0,0,0,0,0,0,0,0,0,0,0,0,0,0,0,0,0,0,0,0,0,0,0,0,0,0,0,0,0,0,0,0,0,0,0,0,0,0,0,0,0,0,0,0,0,0,0,0,0,0,0,0,0,0,-2.59544358620416,0
0,0,0,-2.69427051580296,0,0,0,0,0,0,0,0,0,0,0,0,0,0,0,0,0,0,0,0,0,0,0,0,0,0,0,0,0,0,0,0,0,0,0,0,0,0,0,0,0,0,0,0,0,0,0,0,0,0,0,0,0,0,0,0,0,0,0,0,0,0,0,0,0,0,0,0,0,0,0,0,0,0,0,0,0,0,0,0,0,0,0,0,0,0,0,0,0,0,0,0,0,0,0,0,0,0,0,0,0,0,0,0,0,0,0,0,0,0,0,0,0,0,0,0,0,0,0,0,0,0,0,0,0,0,0,0,0,0,0,0,0,0,0,0,0,0,0,0,0,0,0,0,0,0,0,0,0,0,0,0,0,0,0,0,0,0,0,0,0,0,0,0,0,-2.46142475543534,0,0,0,0,0,0,0,0,0,0,0,0,0,0,0,0,0,0,0,0,0,0,0,0,0,0,0,0,0,0,0,0,0,0,0,0,0,0,0,0,0,0,0,0,0,0,0,0,0,0,0,0,0,0,0,0,0,0,0,0,-2.48020272617536,0
0,-2.51674346412408,0,0,0,0,0,0,0,0,0,0,0,0,0,0,0,0,0,0,0,0,0,0,0,0,0,0,0,0,0,0,0,0,0,0,0,0,0,0,0,0,0,0,0,0,0,0,0,0,0,0,0,0,0,0,0,0,0,0,0,0,0,0,0,0,0,0,0,0,0,0,0,0,0,-2.97163957363662,0,0,0,0,0,0,0,0,2.33621482770022,0,0,0,0,0,0,0,0,0,0,0,0,0,0,0,0,0,0,0,0,0,0,0,0,0,0,0,0,0,0,0,0,0,0,0,0,0,0,0,0,0,0,0,0,0,0,0,0,0,0,0,0,0,0,0,0,0,0,0,0,0,0,0,0,0,0,0,0,0,0,0,0,0,0,0,0,0,0,0,0,0,0,0,0,-3.75158736515947,0,0,0,0,0,0,0,0,0,-3.15182096252976,0,0,0,0,0,0,0,0,0,0,0,0,0,0,0,0,0,0,0,0,0,0,0,0,-2.38407474697369,0,0,0,0,0,0,0,0,0,0,0,0,0,0,0,0,0,0,0,0,0,0,0,0,0,0,-2.63441838039565
0,0,0,0,0,0,0,0,0,0,0,0,0,0,0,0,0,0,0,0,0,0,0,0,0,0,0,0,0,0,0,0,0,0,0,0,0,0,0,0,0,0,0,0,0,0,0,0,0,0,0,0,0,0,0,0,0,0,0,0,0,0,0,0,0,0,0,-3.4643717768485,0,0,0,0,0,0,0,0,0,0,0,0,0,0,0,0,0,0,0,0,0,0,0,0,0,0,0,0,0,0,0,0,0,0,0,0,0,0,0,0,0,0,0,0,0,0,0,0,0,0,0,0,0,0,0,0,0,0,0,0,0,0,0,0,0,0,0,0,0,0,0,0,0,0,0,0,0,0,0,0,0,0,0,0,0,0,0,0,0,0,0,0,0,0,0,0,0,0,0,0,0,-3.41163330455411,0,0,0,0,0,0,-2.15417208957526,0,0,0,0,0,0,0,0,0,0,0,0,0,0,0,0,0,0,0,0,0,0,0,0,0,0,0,0,0,0,0,0,0,0,0,0,0,0,0,0,0,0,0,0,0,0,-3.20015469760367,0,0,0,0,0,0,0,0
0,0,0,0,0,0,0,0,0,0,0,0,0,0,0,0,0,0,0,0,0,0,0,0,0,0,0,-2.92704293527032,0,0,0,0,0,0,0,0,0,0,0,0,0,-2.57186160601566,0,0,0,0,0,0,0,0,0,0,0,0,0,0,-3.30828246577371,0,0,0,0,0,-3.6648348952559,0,-2.57175672979814,0,0,-3.19506029444381,-4.02065742279052,0,0,0,0,0,0,-3.81890951087654,0,0,0,0,0,0,0,0,0,0,0,0,0,0,0,0,0,0,0,0,0,0,0,0,0,0,-3.18613677107887,0,-2.2383292487034,0,0,0,0,0,0,-3.11380958839845,0,0,0,0,-2.87739503480176,0,0,0,0,0,0,0,0,0,0,0,0,0,0,0,0,0,0,0,0,0,0,0,0,0,0,0,0,0,0,0,0,0,0,0,0,0,0,0,0,0,0,0,0,0,0,0,0,0,0,0,0,0,0,0,0,0,-2.8064047704539,-2.84279876233056,0,0,-2.85362538522371,-5.14157111200506,0,-3.72829478291097,0,0,0,0,0,0,0,0,0,0,0,-3.37070158049388,0,0,0,0,0,0,0,0,0,0,-3.14358137490445,0,0,0,-3.05692627117377,0,0,0,0,0,0,0,0,0,0,0,0,0,-2.55925609662454,-3.10802715794794,0,0,0,0,0,-3.07882240730994,0,0
0,0,0,0,0,0,0,0,0,0,0,0,0,0,0,0,0,0,0,0,0,0,0,0,0,0,0,0,0,0,0,0,0,0,0,0,0,0,0,0,0,0,0,-3.03581601354722,0,0,0,0,0,0,0,0,0,0,0,0,0,0,0,0,0,0,0,0,0,0,0,0,-2.60981090046326,0,0,0,0,0,0,0,0,0,0,0,0,0,0,0,0,0,0,0,0,0,0,0,0,0,0,0,0,-3.03450202157876,0,0,0,0,0,0,0,0,0,0,0,0,0,0,0,0,0,0,-3.41814124525576,0,0,0,0,0,0,0,-2.75176655501918,0,0,0,0,0,0,0,0,0,0,0,0,0,-2.45657243755835,0,0,0,0,0,0,0,0,0,0,0,0,0,0,0,0,0,0,0,0,0,0,0,0,0,0,0,0,0,0,-2.24462382212147,0,0,0,0,0,0,0,0,0,0,0,0,0,0,0,0,0,0,0,0,0,0,0,0,0,0,0,0,0,0,-2.81241918510648,0,0,0,-3.2890607637386,0,0,0,0,0,0,0,0,0,0,0,0,0,0,0,0,0,0,-2.45603048837246,0,0,0,0,0,0,0,0
0,0,0,0,0,0,0,0,0,0,0,0,0,0,0,0,0,0,0,0,0,0,0,0,0,0,0,0,0,0,0,0,0,0,0,0,0,0,0,0,0,0,0,0,0,0,0,0,0,0,0,0,0,0,0,0,0,0,0,0,0,0,0,0,0,0,0,0,0,0,0,0,0,0,0,0,0,0,0,0,0,0,0,0,0,0,0,0,0,0,0,0,0,0,0,0,0,0,0,0,0,0,0,0,0,0,0,0,0,0,0,0,0,0,0,-2.20161538272126,-2.87831143368301,0,0,0,0,0,0,0,0,0,0,0,0,0,0,0,0,0,0,0,0,0,0,0,0,0,0,0,0,0,0,0,0,0,0,0,0,0,0,0,0,0,0,0,0,0,0,0,0,0,0,0,0,-3.55827376130472,0,0,0,0,0,0,0,0,0,0,0,0,0,0,0,0,0,0,0,0,0,0,0,0,0,0,0,0,0,0,0,0,-3.98061385962178,0,0,0,0,0,0,0,0,0,0,0,0,0,0,0,0,0,0,0,0,0,0,0,0,0,0,0,0,0
0,0,0,0,0,0,0,0,0,0,0,0,0,0,0,0,0,0,0,0,0,0,0,0,0,0,0,0,0,0,0,0,0,0,0,0,0,0,0,0,0,0,0,0,0,0,0,0,0,0,0,0,0,0,0,0,0,0,0,0,0,0,0,0,0,0,0,0,0,0,0,0,0,0,0,0,0,0,0,0,0,0,0,0,0,0,0,0,0,0,0,0,0,0,0,0,0,0,0,0,0,0,0,0,0,0,0,0,0,0,0,0,0,0,0,0,0,0,0,0,0,0,0,0,0,0,0,0,0,0,0,0,0,0,0,0,0,0,0,0,0,0,0,0,0,0,0,0,0,0,0,0,0,0,0,0,0,0,0,0,0,0,0,0,0,0,0,0,0,-2.61540522695201,0,0,0,0,0,0,0,0,0,0,0,0,0,0,0,0,0,0,0,0,0,0,0,0,0,0,0,0,0,0,0,0,0,0,0,0,0,0,0,0,0,0,0,0,0,0,0,0,0,0,0,0,0,0,0,0,0,0,0,0,0,0
0,0,0,0,0,-3.23281877958405,0,0,0,0,0,0,0,0,0,0,0,0,0,0,0,0,0,0,0,0,0,0,0,0,0,0,0,0,0,0,0,0,0,0,0,0,0,0,0,0,0,0,0,0,0,0,0,0,0,0,0,0,0,0,0,0,0,0,0,0,0,-4.46387964721009,0,0,0,0,0,0,0,-3.17158934193967,0,0,0,0,0,0,0,0,0,0,0,0,0,0,0,0,0,0,0,0,0,-2.91789124989607,0,0,0,0,0,0,0,0,0,0,0,0,0,0,0,0,0,0,0,0,0,0,0,0,0,0,0,0,0,0,0,0,0,0,0,0,0,0,0,0,0,0,0,0,0,0,0,0,0,0,0,0,0,0,0,0,0,0,0,0,0,0,0,0,0,0,0,0,0,0,0,-2.36779112752046,0,0,0,0,0,0,0,0,0,0,0,0,0,0,0,0,0,0,0,0,0,0,0,0,0,0,0,0,0,0,0,0,-3.51661992621342,0,0,0,0,0,-2.70071219055028,0,0,0,0,-3.3134860719348,0,0,0,0,0,0,0,0,0,-2.38948078892963,-3.63253339778756,0,0,0,0,0,0,-3.35849204103795
0,0,0,0,0,0,0,0,0,0,0,0,0,0,0,0,0,0,0,0,0,0,0,0,0,0,0,0,0,0,0,0,0,0,0,0,0,0,0,0,0,0,0,0,0,0,0,0,0,0,0,0,0,0,0,0,0,0,-2.49392822311449,0,0,-2.69693326997588,0,0,0,0,0,0,0,0,0,0,0,0,0,0,0,0,0,0,0,0,0,0,0,0,0,0,0,0,0,0,0,0,0,0,0,0,0,0,0,0,0,0,0,0,0,0,0,0,0,0,0,0,0,0,0,0,0,0,0,0,0,0,0,0,0,0,0,0,0,0,0,0,0,0,0,0,0,0,0,0,0,0,0,0,0,0,0,0,0,0,0,0,0,0,0,0,0,0,0,0,0,0,0,0,0,0,0,0,0,0,0,0,0,0,0,0,0,0,0,0,0,0,0,0,0,0,0,0,0,0,0,0,0,0,0,0,0,0,0,0,0,0,0,0,0,0,0,0,0,0,0,-2.36043979697628,0,0,0,0,0,0,0,0,0,-2.69476160388082,-2.59839654753537,0,0,0,0,0,0,0
0,0,0,0,0,-4.4529192489774,0,0,0,-2.61891168497907,0,0,0,0,-2.82961522043676,0,0,0,0,0,0,0,0,0,0,0,0,0,0,0,0,-3.62374720592239,-2.56398646237564,-3.10659338400783,0,0,0,0,-3.59871821616424,0,0,0,0,0,0,0,0,0,0,0,0,0,0,0,0,0,0,0,0,0,0,0,0,0,-5.70953090471662,0,0,0,0,0,0,0,0,0,0,0,0,0,0,0,0,0,0,0,0,0,0,0,0,0,0,0,0,0,0,0,0,0,0,0,0,0,0,0,0,0,0,0,0,0,0,0,0,0,0,-3.36207899940517,0,0,0,0,0,0,0,0,0,0,0,0,0,0,-5.61719522108151,0,-4.52592648326893,-2.21758819666365,0,-3.84888450508458,0,0,0,0,0,0,0,0,0,0,0,0,0,0,0,0,0,0,0,0,0,0,0,0,0,0,0,0,0,0,0,0,0,0,0,0,0,0,0,0,0,0,0,0,0,0,0,0,0,0,0,0,0,0,0,0,-3.22823805686117,0,-3.74536107805367,0,0,0,0,0,0,0,0,0,0,0,0,0,0,0,0,0,0,0,0,0,0,0,0,0,0,0,0,-2.59501364791279,0,0,0,0,0,0,0,0
0,0,-3.56491345428909,-3.73809873524105,0,0,0,0,0,-2.51169749630269,-3.30397749827168,-3.94266029428,0,0,0,0,0,0,0,0,0,0,0,0,0,0,0,0,0,0,0,0,0,0,0,0,0,0,0,0,0,0,0,0,0,0,0,0,0,0,0,0,0,0,0,0,0,0,0,0,0,0,0,0,0,0,0,0,0,0,0,0,0,0,0,0,0,0,0,0,0,0,0,0,0,0,0,0,0,0,0,0,0,0,0,0,0,0,0,0,0,0,0,0,0,0,0,0,-2.50260765707351,0,-3.8446372096196,0,0,0,0,0,0,0,0,0,0,0,0,0,0,0,0,0,0,0,0,0,0,0,0,0,0,0,0,0,0,0,0,0,0,0,0,0,0,0,0,-2.76716001702121,0,0,0,0,0,0,0,0,-3.3703445740642,0,0,0,-2.6047671992297,0,0,0,0,-3.7150769050077,0,0,0,0,0,0,-3.61567886863201,0,0,0,0,-3.79924104951694,0,0,0,0,0,0,0,0,0,0,0,-2.31077632533549,-3.20204877258849,0,0,0,0,0,-2.2850679704264,0,0,0,0,0,0,0,-2.60706885148329,0,0,0,0,0,0,0,-2.81707951756897,0,0,0,0,0,0,0,0,0,0,0,0,0,0,0
0,0,0,0,0,0,0,0,0,0,0,0,0,0,0,0,0,0,0,0,0,0,0,0,0,0,0,0,0,0,0,0,0,0,0,0,0,0,0,0,0,0,0,0,0,0,0,0,0,0,0,0,0,0,0,0,0,0,0,0,0,0,0,0,0,0,0,0,0,0,0,-3.11742479399892,0,0,0,0,0,0,0,0,0,0,0,0,0,0,0,0,0,0,0,0,0,0,0,0,0,0,0,0,0,0,0,0,0,0,0,0,0,0,0,0,0,0,0,0,0,0,0,0,0,0,0,0,0,0,0,0,0,0,0,0,0,0,0,0,0,0,0,0,0,0,-3.20193681157816,0,0,0,0,0,0,0,0,0,0,0,0,0,0,0,0,0,0,0,0,0,0,0,0,0,0,0,0,0,0,0,0,0,0,0,-3.50340980703873,0,-2.18851476779423,0,0,0,0,0,0,0,0,0,0,0,0,-3.21171123161998,0,0,0,0,0,0,0,0,0,0,0,0,0,0,0,0,0,0,0,0,0,0,0,0,0,0,0,0,-3.06941551679717,0,0,0,0,0,0,0,0,0
0,0,0,0,0,0,0,0,0,0,0,0,0,0,0,0,0,0,0,0,0,0,0,0,0,0,0,-2.98007952777354,0,0,-3.16248195266748,0,0,0,0,0,0,0,0,0,0,0,0,0,0,0,0,0,0,0,0,0,0,0,0,0,0,0,0,0,0,0,0,0,0,0,0,0,0,0,0,0,0,0,0,0,0,0,0,0,0,0,0,0,0,0,0,0,0,0,0,0,0,0,0,0,0,-2.12021485892535,0,0,0,0,0,0,-2.82312877682035,0,0,0,0,-3.39255260435597,0,0,0,0,0,0,0,0,0,0,0,0,0,0,0,0,0,0,0,0,0,-3.22929641970509,-3.08018821549034,0,0,0,0,0,0,0,0,0,0,0,0,0,0,0,0,0,0,0,0,0,0,0,0,0,0,0,0,0,0,0,0,0,0,0,0,0,0,0,0,0,0,0,0,0,0,0,0,0,0,0,0,-2.7520201005955,0,0,0,0,0,0,0,0,-2.74059550451361,0,0,0,0,0,0,0,-3.06682061421392,0,0,0,0,0,-3.90179002895547,0,0,0,0,0,0,0,0,0,0,0,0,0,0,-2.18874455290874,-3.70244951452052,0,0,0,0,0,0,-2.47176192790211
0,0,0,0,0,0,0,0,0,0,0,-2.71428418149715,0,-3.74454156198281,0,-3.69895380707573,0,0,0,0,0,0,0,0,0,0,0,-2.87883200512994,0,0,0,0,0,0,0,0,0,0,0,0,0,0,0,0,0,0,0,0,0,0,0,0,0,0,0,0,0,0,0,0,0,0,0,0,0,0,0,0,0,0,0,0,0,0,0,0,0,0,0,0,0,0,0,0,0,0,0,0,0,0,0,0,0,0,0,0,0,0,0,0,0,0,0,0,0,0,0,0,0,-2.64755758605453,0,0,0,0,0,0,0,0,0,0,0,0,0,0,0,0,0,0,0,0,0,0,0,0,0,0,0,0,0,0,0,0,0,0,0,0,0,0,0,0,0,0,0,0,0,0,0,0,0,0,0,0,0,0,0,0,0,0,0,0,0,0,0,0,0,0,0,0,0,0,0,0,0,0,0,0,0,0,0,0,0,0,0,0,0,0,0,0,0,0,0,0,0,0,0,0,0,0,0,0,0,0,0,0,0,0,0,0,0,0,0,0,0,0,0,0,0,0,0,0,0,0
0,0,0,0,0,0,0,0,0,0,0,0,0,0,0,0,0,0,0,0,0,0,0,0,0,0,0,0,0,0,0,0,0,0,0,0,0,0,0,0,0,0,0,0,0,0,0,0,0,0,0,0,0,0,0,0,-3.17637192712769,0,0,0,0,-3.37428612204036,0,-3.21660183067624,0,0,0,-2.86686033333817,0,0,0,0,0,-2.68393034508618,0,0,0,0,0,0,0,0,0,0,0,0,0,0,0,0,0,0,0,0,0,0,0,0,0,0,0,0,0,0,0,0,0,0,0,0,0,0,0,0,0,0,0,0,0,0,0,0,0,0,0,0,0,0,0,0,0,0,0,0,0,0,0,0,0,0,-3.33790981752352,0,0,0,0,0,-2.60533998240261,0,-3.60402167402821,0,0,-3.238137706468,0,-3.34888761285011,-4.12607762755034,0,0,0,0,0,0,0,0,0,0,-3.03164343937692,0,-3.45724410114815,0,0,0,0,0,0,0,0,0,0,0,0,-2.96187907112883,0,0,0,0,0,0,0,0,0,0,0,0,0,0,0,0,0,0,0,0,0,-3.85736475227321,0,0,0,0,0,0,0,0,0,0,0,0,0,0,0,0,0,-2.6485183595724,0,0,0,0,-3.71042601762112,0,0,0,0,0,0
0,0,0,0,0,0,0,0,0,0,0,0,0,0,0,0,0,0,0,0,0,0,0,0,0,0,0,0,0,0,0,0,0,-2.93540134415233,0,0,0,0,0,0,0,0,0,0,0,0,0,0,0,0,0,0,0,0,0,0,-2.68632030714938,0,0,0,0,0,0,0,0,0,0,0,0,0,0,0,0,0,0,0,0,0,0,0,0,0,0,0,0,0,0,0,0,0,0,0,0,0,0,0,0,0,0,0,0,-2.54893904830835,0,0,-3.29754392589171,0,0,0,0,0,0,0,0,0,0,-2.43548854368534,0,0,0,0,0,0,0,0,0,0,0,0,0,0,0,-3.10960949028426,0,0,0,0,0,0,-3.16381476007068,0,0,0,-2.88222109848559,0,0,0,0,0,-2.53014020434668,0,0,0,0,-2.1162249601379,0,0,0,0,0,0,0,0,0,0,-2.91552326104118,0,0,0,0,-2.26509457223064,0,0,0,0,0,0,0,0,0,0,0,0,0,0,0,0,0,0,0,0,0,0,0,0,0,0,0,0,0,0,0,0,0,0,0,0,0,0,0,0,0,0,0,0,0,0,0,0,0,0,0,0,0,0,0,0,0,0,0,-3.59621741599701,0,0
0,0,0,0,0,0,0,0,0,0,0,0,0,0,0,0,0,0,0,0,0,0,0,0,0,0,0,0,0,0,0,0,0,0,0,0,0,0,0,0,0,0,0,0,0,0,-2.88622777173177,0,0,0,0,0,0,0,0,0,0,0,0,0,0,0,0,0,0,0,0,0,0,0,0,0,0,0,0,0,0,0,0,0,0,0,0,0,0,-3.03450202157876,0,0,-2.91789124989607,0,0,0,0,0,0,0,0,0,0,0,0,0,0,0,0,0,0,0,0,0,0,0,0,0,0,0,0,0,0,0,0,0,0,0,0,0,0,0,0,0,0,0,0,0,0,0,0,0,0,0,0,0,0,0,0,0,0,0,0,0,0,0,0,0,0,0,-2.69686840177493,0,0,0,0,0,0,0,0,0,0,0,0,0,0,0,0,0,0,0,0,0,0,0,0,0,0,0,0,0,0,0,0,-2.94656474149585,0,0,0,0,0,3.02214347004761,-3.25545419282668,0,0,0,0,0,0,0,0,0,0,0,0,0,0,0,0,0,0,0,0,0,0,0,0,0,0,0,0,0,0,0,0,0,0,0
0,0,0,0,0,0,0,0,0,0,-2.76529666899951,0,-3.34283153670155,0,-3.10992320151878,-3.5902757594508,0,0,0,-2.44108684305817,0,0,0,0,-3.23086284381741,-3.96566557326417,0,-5.49990015403023,0,0,0,0,0,0,-2.55030291357074,0,-2.99098258751793,0,0,0,0,0,0,-3.31828774099918,0,-4.47855554135165,0,0,0,0,0,0,0,0,0,0,0,0,0,0,0,0,0,0,0,0,0,0,0,0,0,0,0,0,0,0,0,0,0,0,-2.91147199130382,0,0,0,0,0,0,0,0,0,0,0,0,0,0,0,0,0,0,0,0,0,0,0,0,0,0,0,0,-2.8937459689047,0,-3.45734296663934,0,0,0,0,-3.36310766490832,0,-2.50931819614404,0,0,0,0,-2.78567173860329,-3.21610744244803,0,-3.47535437626397,0,0,0,0,0,0,0,0,0,0,-3.13802102547092,-3.37093937735537,-2.91992555854633,-3.27141616035981,-3.62600612877009,-3.31860798486955,0,-3.35476352024883,0,-3.11579533602893,-3.16943031411339,-2.8652633666875,0,0,0,0,0,0,0,0,0,0,0,0,0,0,0,0,0,0,0,0,0,0,0,0,-2.57583006121872,0,0,0,0,0,0,0,-2.84391064755554,0,0,0,0,0,0,0,0,0,0,0,-2.96991721345228,-3.06839721837277,0,0,0,0,0,-2.75593403463908,-2.36099297408611,0,0,0,0,0,0,0,0,0,0,0,0,0,0,0,0,0,0,0,-2.45087407147443,0,-2.82494128577506,-2.94238006863837,0,0,0,0,0,0,0
0,0,0,0,0,0,0,0,0,0,0,0,-3.50793564582399,0,0,0,0,-2.76369668772589,0,-2.92319797762102,0,0,0,0,0,-4.39248453927119,0,0,0,0,-2.97720738340783,0,0,0,0,0,-2.71064570220262,-3.2694914851543,0,0,0,0,0,0,0,-3.08932271325552,0,0,0,0,-2.74497099547302,0,0,0,0,0,0,0,0,0,0,0,0,0,0,0,0,-2.9722520154641,0,0,0,0,-3.11326093017224,0,0,-3.89302713441552,0,0,0,-2.49440750570885,0,0,0,0,0,0,0,0,0,0,0,0,0,0,0,0,0,0,0,0,0,0,0,0,0,0,0,0,0,-2.17141700226217,0,-2.72022435362627,0,-3.1105770579899,-4.1297725038439,0,-3.6857262383773,0,0,0,0,0,0,0,0,0,0,0,0,0,0,0,0,0,0,0,0,0,-3.31599768176754,-3.55653176345617,0,0,0,0,0,0,0,-2.74077206200846,0,-3.32698079302627,0,0,0,0,0,0,-2.58159743846015,0,0,0,0,0,0,0,0,0,0,0,0,0,0,0,0,0,0,0,0,0,0,0,0,0,0,0,0,0,0,0,0,0,0,0,0,0,0,0,0,0,0,0,0,0,0,0,-2.48034612376489,0,0,0,0,0,0,0,0,0,0,0,0,0,0,0,0,0,0,-2.55291044052151,0,0,0,0,0,0,0,0
0,0,0,0,0,0,0,0,0,0,0,0,0,0,0,0,0,0,0,0,0,0,0,0,0,0,0,0,0,0,0,0,0,0,0,0,0,0,0,0,0,0,0,0,0,0,0,0,0,0,0,0,0,0,0,0,0,0,0,0,0,0,0,0,-3.33743469385074,0,0,0,0,0,0,0,0,0,0,0,0,0,0,0,0,0,0,0,0,0,0,0,0,0,0,0,0,0,0,0,0,0,0,0,0,0,0,0,0,0,0,-2.80060148598657,0,0,0,4.1751298467848,0,0,0,0,0,0,0,0,0,0,0,0,0,0,0,0,0,0,0,0,0,0,0,0,0,0,0,0,0,0,0,0,0,0,0,0,0,0,0,0,0,0,0,0,-2.98916494364262,0,0,0,0,0,0,0,-3.28041850521063,0,0,0,0,0,0,0,0,0,0,0,0,0,0,0,0,0,0,0,0,-2.93967113921734,0,0,0,0,0,0,-4.38213712081777,-3.14119671719272,0,0,0,0,0,0,0,0,0,0,0,0,0,0,0,0,0,0,0,0,0,0,0,0,0,0,0,-3.10102155055763,0,0,0,0,0,0,0,0,0,0
0,0,0,0,0,2.46246159687441,0,0,0,0,0,0,0,0,0,0,0,0,0,0,0,0,0,0,0,0,0,0,0,0,0,0,0,0,0,0,0,0,0,0,0,0,0,0,0,0,0,0,0,0,0,0,0,0,0,0,0,0,0,0,0,0,0,-2.90613330687358,0,0,0,0,0,0,0,0,0,0,0,0,0,0,0,0,0,0,0,0,0,0,0,0,0,0,0,0,0,0,0,0,-2.54893904830835,0,0,0,0,0,0,0,0,0,0,0,0,-2.58114372075472,0,0,0,0,0,0,0,0,0,0,0,0,0,0,0,0,0,0,0,0,0,0,0,0,0,0,0,0,0,0,0,0,0,0,0,0,0,0,0,0,0,0,0,0,0,0,0,0,0,0,0,0,0,0,-3.0881872057663,0,0,0,0,0,0,0,0,0,0,0,0,0,0,0,0,0,0,0,0,0,0,0,0,0,0,0,0,0,0,0,0,0,0,0,0,0,0,0,0,0,0,0,0,0,0,0,0,0,0,0,0,0,0,0,0,0,0,0,0,0,0,0,0,0,0,0
0,0,0,0,0,0,0,0,0,0,0,0,0,0,0,0,0,0,0,0,0,0,0,0,0,0,0,0,0,0,0,0,0,0,0,0,0,0,0,0,0,0,0,0,0,0,0,0,0,0,0,0,0,0,0,0,0,0,0,-3.98410362843263,0,0,0,0,0,0,0,0,0,0,0,0,0,0,0,0,-2.71659110528343,-2.72162754337276,0,0,0,0,0,0,-3.18613677107887,0,0,0,0,0,0,0,0,0,0,0,0,0,0,0,0,0,0,0,0,0,0,0,0,0,0,0,0,0,0,0,0,0,0,0,0,0,0,0,0,0,0,0,0,0,0,0,0,0,0,0,0,0,0,0,0,0,0,0,0,0,0,0,0,0,0,0,0,0,0,0,0,0,0,0,0,0,0,0,0,0,0,0,0,0,0,0,-3.46258790584282,0,0,0,-2.94687764145703,0,0,-2.61656724848257,0,0,0,0,0,0,0,0,-3.99069078963666,-2.74728874989111,0,-2.72015156188417,-2.84763331234268,0,0,0,0,0,0,0,0,0,0,0,0,0,0,0,0,0,0,0,0,0,0,0,0,0,0,0,0,0,0,0,0,0,0,0,0,0,0,0
0,0,0,0,0,0,0,0,-3.36649769730839,0,0,0,0,0,0,0,0,0,0,0,0,0,0,0,0,0,0,0,0,0,0,-2.83276256569806,-3.02128987239726,0,0,0,0,0,0,0,0,0,0,0,0,0,0,0,0,0,0,0,0,0,0,0,0,0,0,0,0,0,0,0,-3.7178791067171,0,0,0,0,0,0,0,0,0,0,0,0,0,0,0,0,0,0,0,0,0,0,0,0,0,0,0,0,0,0,0,0,0,0,0,0,0,0,0,0,0,0,0,0,0,0,0,0,0,0,0,0,0,0,0,0,0,0,0,0,0,0,0,0,0,0,0,0,0,0,0,0,0,0,0,0,0,0,0,0,0,0,0,0,0,0,0,0,0,0,0,0,0,-2.32814003184749,0,0,0,0,0,-2.71747088058429,0,0,0,-2.41478051425458,0,0,0,0,0,0,-2.60124614838989,0,0,-3.31427328579047,0,0,0,0,0,0,0,0,0,0,0,0,0,-2.55454275339012,0,0,0,0,0,0,0,0,0,0,0,0,0,0,0,0,0,0,0,0,-2.70934158155815,0,0,0,0,0,0,0,0,-3.89244497316906,0,0,0,0,0,0,0,0,0
0,0,0,0,0,0,0,0,0,0,0,0,0,0,0,0,0,0,0,0,0,0,0,0,0,0,0,0,0,0,0,0,0,0,0,0,0,0,0,0,0,0,0,0,0,0,0,0,0,0,0,0,0,0,0,0,0,0,0,0,0,-3.7031087601213,0,-3.4142965392215,-2.78125576451631,0,0,0,0,0,0,0,0,0,0,0,0,0,0,0,0,0,0,0,0,0,0,0,0,0,0,0,0,-2.82312877682035,0,0,-3.29754392589171,0,0,0,0,0,0,0,0,0,0,-2.96303248356981,-3.05088665067872,-2.99082809421557,0,0,0,0,0,0,0,0,0,0,0,0,0,0,0,0,0,0,0,0,0,0,0,0,0,0,0,0,0,0,0,0,0,0,0,0,0,0,0,0,0,0,0,0,0,0,0,-3.84879096401883,0,0,0,0,-4.08363697260403,0,-3.77175782921816,0,0,0,-4.59586628409273,0,0,0,0,-2.84264424053495,0,0,0,0,-4.28545292709224,0,0,-3.16728273930488,0,-3.4855104139246,-2.99464761109435,-4.25482978175785,0,0,0,0,0,0,-2.90426579731764,0,-3.7217285415471,0,0,0,0,0,-3.31309260822002,0,0,0,-2.43211134918365,0,0,0,0,0,0,0,0,0,0,0,0,0,0,0,0,0,0,0,0,-2.68762802165673,0,0,0,0,0,0
0,0,0,0,0,0,0,0,0,0,0,0,0,0,0,0,0,0,0,0,0,0,0,0,0,0,0,0,0,0,0,0,0,0,0,0,0,0,0,0,0,0,0,0,0,0,0,0,0,0,0,0,0,0,0,0,0,0,0,0,0,0,0,0,-2.64890536273398,0,0,0,0,0,0,0,0,0,0,0,0,0,0,0,0,0,0,0,0,0,0,0,0,0,0,0,0,0,0,0,0,0,0,0,0,0,0,0,0,0,0,0,0,0,0,2.96331486302952,0,0,0,0,0,0,0,0,0,0,0,0,0,0,0,0,0,0,0,0,0,0,0,0,0,0,0,0,0,0,0,0,0,0,0,0,0,0,0,0,0,0,0,0,0,0,0,0,0,0,0,0,-3.63782224389875,0,0,0,-3.68816087834225,0,0,0,0,0,0,0,0,0,0,0,0,0,0,0,0,0,0,0,0,0,0,0,0,0,0,0,0,0,0,0,-2.86262122568066,0,0,0,0,0,0,0,0,0,0,0,0,0,0,0,0,0,0,0,0,-2.60171989660144,0,0,0,0,0,0,0,0,0,0
0,0,0,0,0,0,0,0,0,0,0,0,0,0,0,0,0,0,0,0,0,0,0,0,-3.4160489931501,0,0,0,0,0,0,0,0,0,0,0,0,0,0,0,0,0,0,0,0,0,0,0,0,0,0,0,0,0,0,0,0,0,-3.06346062724845,-2.94203038959767,0,0,0,-2.54767853129185,0,0,0,0,0,0,0,0,0,0,0,0,0,0,0,0,0,0,0,0,0,0,0,0,0,0,0,0,0,0,0,0,0,0,0,0,0,0,0,0,0,0,0,0,0,0,0,0,0,0,0,0,0,0,0,0,0,0,0,0,-3.68483645383469,0,0,0,0,0,0,0,0,0,0,0,0,0,0,0,0,0,0,0,0,0,0,0,0,0,0,-2.85149730992292,0,0,-2.84044039433091,0,0,0,0,0,0,0,0,0,-3.31261644398966,0,-2.18336409494379,-3.09670428104266,0,0,0,0,0,0,0,-2.55598390626729,0,0,0,0,0,0,0,0,0,-2.4308805725438,0,0,0,0,0,0,-2.94802751571299,-2.32539406362927,0,0,0,0,0,0,0,0,0,0,0,0,0,0,0,0,0,0,0,0,0,0,0,0,0,0,0,0,0,-2.81104971410426,0,0,0,0,0,0,0,0
0,0,0,0,0,0,0,0,0,0,0,0,0,0,0,0,0,0,0,0,0,0,0,0,-4.2668665750079,0,0,0,-2.86989319027693,0,0,-3.72567755877499,0,-3.39561765654126,0,0,0,0,-3.43812006093764,0,0,0,0,0,0,0,-4.27736375634125,0,0,0,0,0,0,0,0,0,0,-3.32351833783328,-4.29895574638102,-3.61674354424673,-3.41325744184794,-4.52345237101373,0,-3.47181006512098,-3.05903814366715,0,0,0,0,0,0,0,0,-2.64430285391837,0,0,0,0,0,0,0,0,0,0,0,0,0,0,0,0,0,0,0,0,0,0,0,0,0,0,-2.80060148598657,0,0,0,-2.96303248356981,0,0,0,0,0,0,0,0,-2.35133053940755,0,0,0,0,0,0,0,0,0,0,0,0,0,0,0,0,0,0,0,0,0,-3.04359596583638,0,0,0,0,-3.42070829713769,0,0,0,0,0,0,0,0,0,0,-3.42370671288898,0,0,-3.0114336756299,0,0,0,-2.39521785850371,0,0,0,0,0,-4.91484571562688,-3.33802963837731,0,0,0,0,-2.39561568573158,-2.30753733857841,-2.81370062261326,0,0,0,0,0,0,-2.35188022518752,0,0,0,0,0,-3.69518186459085,0,0,0,0,0,0,0,0,0,0,0,0,0,0,0,0,0,0,0,0,0,0,0,0,0,0,0,0,0,0,0,0,0,0,0,-3.29658757462865,0,0,0,0,0,0,0,0,0,0
0,0,0,0,0,0,0,0,0,0,0,0,0,0,0,0,0,0,0,0,0,0,0,0,0,0,0,0,0,0,0,0,0,0,0,0,0,0,0,0,0,0,0,0,0,0,0,0,0,0,0,0,0,0,0,0,0,0,0,0,0,0,0,-3.14183741946723,0,0,0,0,0,0,0,0,0,0,0,0,0,0,0,0,0,0,0,0,0,0,0,0,0,0,0,-2.50260765707351,0,0,0,0,0,0,0,0,0,0,0,0,-3.05088665067872,0,0,0,0,0,0,0,0,0,0,0,0,0,0,0,0,0,0,0,0,0,0,0,0,0,0,0,0,0,0,0,0,0,0,0,0,0,0,0,0,0,0,0,0,0,0,0,0,-3.01968148203909,-2.19224757578832,0,0,0,0,0,0,0,0,0,0,0,0,0,-2.90483906176017,0,0,0,-3.32484492287469,0,0,0,0,0,0,0,0,0,0,0,0,0,0,0,0,0,0,0,-2.358914451756,0,0,0,0,0,0,0,0,0,0,0,0,-2.70924077325258,0,0,0,0,0,0,0,0,0,0,0,0,0,0,-2.55828450566197,0,0,0,0,0,0,0,0,0,0,0
0,0,0,0,-3.6575973315456,0,0,0,0,0,0,0,0,0,0,0,0,0,-3.02811323011198,-2.80983919286204,0,0,0,0,-2.98498389656376,0,0,0,-3.94615622091248,-3.26992968550047,0,-4.02337468390526,-2.93983329957291,-3.73349788218031,0,0,-3.28766650506652,0,0,0,0,0,0,0,0,0,-3.87437786236215,0,0,0,-3.14186738088405,-2.71440577458296,0,-3.06568971928849,0,0,-3.86143183283646,-3.37575721449709,-3.63557429985324,-2.99396507181319,0,-3.29618380737576,0,-3.89811638601188,-4.01270541264003,0,0,0,0,0,0,0,0,0,0,-2.81598369481864,0,0,0,0,0,0,0,0,0,0,0,0,0,0,0,0,0,-3.39255260435597,-2.64755758605453,0,0,0,-2.8937459689047,0,0,-2.58114372075472,0,0,-2.99082809421557,0,0,0,0,0,0,0,0,-3.08771958728882,0,0,0,0,0,0,0,-2.35656321556593,0,0,0,0,0,0,0,0,0,0,0,-3.07520953741354,0,0,0,0,0,0,-2.83077573524549,-3.03251675376357,0,0,0,-2.97573734085235,0,0,-2.35906985621534,0,0,0,0,0,-4.45882251989939,0,0,0,0,0,0,0,0,0,-5.15359620682023,0,-4.5189789803515,0,0,0,0,-2.10803307859682,0,0,0,0,0,0,0,0,0,0,0,0,0,0,0,0,0,0,0,0,-3.06655142982282,-2.70421418295513,0,0,0,0,0,0,0,0,0,0,0,-2.78656688897926,-2.46731507144934,0,0,0,0,0,0,-2.89573453824686,0,0,0,0,0,0,0,-4.5439039041679,-3.28447885732523,-2.96355377909134,-3.61135390193169,0,0,0,0,-4.11621369520496,0,0
0,0,0,0,0,0,0,0,0,0,0,0,0,0,0,0,0,0,0,0,0,0,0,0,0,0,0,0,0,0,0,0,0,0,0,0,0,0,0,0,0,0,0,0,0,0,0,0,0,0,0,0,0,0,0,0,0,0,-3.96650404598051,0,0,0,0,-3.33474309455606,0,0,0,0,0,0,0,0,0,0,0,0,0,0,0,0,0,0,0,0,0,0,0,0,0,0,0,-3.8446372096196,0,0,0,0,0,0,0,0,0,0,0,0,0,0,0,0,0,0,0,0,0,0,0,0,0,0,0,0,0,0,0,0,0,0,0,0,0,0,0,0,0,0,0,0,0,0,0,0,0,0,0,0,0,0,0,0,0,0,0,0,0,0,0,0,0,0,0,0,0,0,0,0,0,0,0,0,0,0,0,0,0,0,0,0,0,0,0,0,0,0,0,0,0,0,0,0,0,0,0,0,0,0,0,0,0,0,0,0,0,0,0,0,0,0,0,0,0,0,0,0,0,0,0,0,0,0,0,0,0,-3.1753771586807,0,-2.7843802821094,0,0,0,0,0,0,0,0
0,0,0,0,0,0,0,0,0,0,0,3.5246379544556,0,0,0,0,0,0,0,0,0,0,0,0,0,0,0,0,0,0,0,0,0,0,0,0,0,0,0,0,0,0,0,0,0,0,0,0,0,0,0,0,0,0,0,0,0,0,-3.52850129060045,-2.6293399905675,-3.09767166076761,-2.68435934653671,0,-3.43068327631857,0,0,0,0,0,0,0,0,0,0,0,0,0,0,0,0,0,0,0,0,-3.11380958839845,0,0,0,0,0,0,0,0,0,0,0,0,0,-3.45734296663934,-2.72022435362627,4.1751298467848,0,0,0,0,2.96331486302952,0,0,0,0,0,0,0,0,0,0,0,0,0,0,0,0,0,0,0,0,0,0,0,0,0,0,0,0,0,0,0,0,0,0,0,0,0,0,0,0,0,0,0,0,0,0,0,0,0,0,0,0,0,0,0,0,0,0,-3.89230807868549,0,0,0,0,0,0,0,0,0,0,0,0,0,0,0,0,0,0,0,0,0,0,0,0,0,0,0,0,0,0,0,0,0,0,0,-2.79730124488079,0,0,0,0,0,0,0,0,0,0,0,0,0,0,0,0,0,0,0,0,0,0,0,0,0,0,0,0,0,0,0
0,0,0,0,0,0,0,0,0,0,0,0,0,0,0,0,0,0,0,0,0,0,0,0,0,0,0,0,0,0,0,0,0,0,0,0,0,0,0,0,0,0,0,0,0,0,0,0,0,0,0,0,0,0,0,0,0,0,0,0,0,0,0,0,0,0,0,0,0,0,0,0,0,0,0,0,0,0,0,0,0,0,0,0,0,0,0,0,0,0,0,0,0,0,0,0,0,0,0,0,0,0,0,0,0,0,0,0,0,0,0,0,0,0,0,0,0,0,0,0,0,0,0,0,0,0,0,0,0,0,0,0,0,0,0,0,0,0,0,0,0,0,0,0,0,0,0,0,0,0,0,0,0,0,0,0,0,0,0,0,0,0,0,0,0,0,0,0,0,0,0,0,0,0,0,0,0,0,0,0,0,0,0,0,0,0,0,0,0,0,0,0,0,0,0,0,0,0,0,0,0,0,0,0,0,0,0,0,0,0,0,0,0,0,0,0,0,0,0,0,0,0,0,0,0,0,0,0,0,0,0,0
0,0,0,0,0,0,0,0,0,0,0,0,0,0,0,0,0,0,0,0,0,0,0,0,0,0,0,0,0,0,0,0,0,0,0,0,0,0,0,0,0,0,0,0,0,0,0,0,0,0,0,0,0,0,0,0,0,0,0,0,0,0,0,0,0,0,0,0,0,0,0,0,0,0,0,0,0,0,0,0,0,0,0,0,0,0,0,0,0,0,0,0,0,0,0,0,0,0,0,-3.1105770579899,0,0,0,0,0,0,0,0,0,-3.08771958728882,0,0,0,0,0,0,0,0,0,0,0,0,0,0,0,0,0,0,0,0,0,0,0,0,0,0,0,0,0,0,0,0,0,0,0,0,0,0,0,0,0,0,0,0,0,0,0,0,0,0,0,0,0,0,0,0,0,0,0,0,0,0,0,0,0,0,0,0,0,0,0,0,0,0,0,0,0,0,0,0,0,0,0,0,0,0,0,0,0,0,0,0,0,0,0,0,0,0,0,0,0,0,0,0,0,0,0,0,0,0,0,0,-2.91085609302588,0,0,0,0,0,0,0,0,0
0,0,0,0,0,0,0,0,0,0,0,0,0,0,0,0,0,0,0,0,0,0,0,0,0,0,0,0,0,0,0,0,0,0,0,0,0,0,0,0,0,0,0,0,0,0,0,0,0,0,0,0,0,0,0,0,0,0,0,0,0,0,0,0,0,0,0,0,0,0,0,0,0,0,0,0,0,0,0,0,0,0,0,0,0,0,0,0,0,0,0,0,0,0,0,0,0,0,0,-4.1297725038439,0,0,0,0,0,0,0,0,0,0,0,0,0,0,0,0,0,0,0,0,0,0,0,0,0,0,0,0,0,0,0,0,0,0,0,0,0,0,-4.53842930732957,0,0,0,0,0,0,0,0,0,0,0,0,0,0,0,0,0,0,0,0,0,0,0,0,0,0,0,0,0,0,0,0,0,0,0,0,0,0,0,0,0,0,0,0,0,0,0,0,0,0,0,0,0,0,-3.11660607926315,0,0,-3.46393772135824,0,0,0,0,0,0,0,0,0,0,0,0,0,0,0,0,0,0,0,0,0,0,0,0,-3.16931754700013,0,0,0,0,0,0,0,0,0,0
0,0,0,0,0,0,0,0,0,0,0,0,0,0,0,0,0,0,0,0,-4.98692982500097,-3.24573025953561,0,0,0,-2.86339285930492,0,0,0,0,0,0,0,0,0,0,0,0,0,0,0,0,0,0,0,0,0,0,0,0,0,0,0,0,0,0,0,0,0,0,0,-3.61791977996736,0,0,-2.63101767016953,0,0,0,0,-3.23303301519522,0,0,0,-3.58184595360491,0,0,-3.41421522205647,0,0,0,0,0,0,0,0,0,0,0,0,0,-3.36207899940517,0,0,0,0,0,-2.43548854368534,0,0,0,0,0,0,0,0,0,0,0,0,0,0,0,0,0,0,0,0,0,0,0,0,0,0,-3.71405788067169,-4.19497373707745,0,0,0,0,0,0,0,0,0,0,-3.1299051595099,-3.0945292718868,-2.52295146720137,0,0,-4.71827101609118,-3.9598000791669,-3.70378788559867,0,0,-4.75718707428529,0,0,0,0,0,0,0,0,-3.36275991715338,0,0,0,0,0,0,0,0,0,-4.06863421260707,0,0,0,0,0,0,0,0,0,0,0,0,0,-3.7202443928283,0,0,0,-3.29781037289223,0,0,-3.23319962566271,0,0,0,-2.85793763688024,0,0,-3.55258790298037,0,0,0,0,0,0,0,0,-3.73733795956451,0,0,0,0,0,0,0,0,0,0,0,0,0,0,0,0,0,0,0,0,0,0,0,0,0,0,0,0,0,0
0,0,0,0,0,0,0,0,0,0,0,0,0,0,0,0,0,0,0,0,0,0,0,0,-3.09297370018572,0,0,0,0,0,0,0,0,0,0,0,0,0,0,0,0,0,0,0,0,0,0,0,0,0,0,0,0,0,0,0,0,0,0,0,0,0,0,0,0,0,0,0,0,0,0,0,0,0,0,0,0,0,0,0,0,0,0,0,-2.87739503480176,-3.41814124525576,-2.87831143368301,0,0,0,0,0,0,0,0,0,0,0,-3.36310766490832,-3.6857262383773,0,0,0,0,0,0,0,0,0,0,0,0,0,0,0,0,0,0,0,0,0,0,0,0,-4.15302133680035,0,0,0,0,0,0,0,0,0,0,0,0,0,0,0,0,0,0,0,0,0,0,0,0,0,0,0,0,0,0,0,0,0,0,0,0,0,0,0,0,0,0,0,0,0,0,0,0,0,0,0,0,0,0,0,0,0,0,0,0,0,0,0,0,0,0,0,-4.05316044393559,0,0,0,-3.50898814553495,0,0,0,0,0,0,0,0,0,0,0,0,0,0,0,0,0,0,0,0,0,0,0,0,0,0,0,0,0,0,0,0,0,0,0
0,0,0,0,0,0,0,0,0,0,0,0,0,0,0,0,0,0,0,0,0,0,0,0,0,0,0,0,0,0,0,0,0,0,0,0,0,0,0,0,0,0,0,0,0,0,0,0,0,0,0,0,0,0,0,0,0,0,0,0,0,-3.99028018074512,0,0,-3.34901397725554,0,0,0,0,0,0,0,0,-3.53077077770799,0,0,0,0,0,0,0,0,0,0,0,0,0,0,0,0,0,0,0,0,0,0,0,0,0,0,0,0,0,0,0,0,0,0,0,0,0,0,0,0,0,0,0,0,0,0,0,0,0,0,0,0,0,0,0,0,0,0,0,0,0,0,0,0,0,0,-3.64415278014008,0,0,0,0,-2.28312847529215,0,0,0,0,0,0,0,0,-2.33082352904722,0,0,0,0,0,0,0,0,0,0,0,0,0,0,0,0,0,0,0,0,0,0,0,0,0,0,0,0,0,0,-3.2302537157186,0,0,0,0,0,0,-3.26091148699776,-3.12103024889052,0,0,0,0,0,0,-2.26980184053,0,0,0,0,0,0,0,0,0,0,0,0,0,0,0,0,0,0,0,0,0,0,0,0,0,0,0,0,0,0,0
0,0,0,0,0,0,0,0,0,0,0,0,0,0,0,0,0,0,0,0,-2.70491936040881,0,0,0,-3.63143817193588,0,0,0,0,0,0,0,0,0,0,0,0,0,0,0,0,0,0,0,0,0,0,0,0,0,0,0,0,0,0,0,0,0,0,0,0,0,0,0,0,0,0,0,0,0,0,0,0,0,0,0,0,0,0,0,0,0,0,0,0,0,0,0,0,0,0,0,0,0,0,0,0,0,-2.50931819614404,0,0,0,0,0,0,0,0,0,0,0,0,0,0,0,0,0,0,0,0,0,0,0,0,0,0,0,0,0,0,0,0,0,0,0,0,0,0,0,0,0,0,0,0,0,0,0,0,0,0,0,0,0,0,0,0,0,0,0,0,0,0,0,0,0,0,0,0,0,0,0,0,0,0,0,0,0,0,0,0,0,0,0,0,0,0,0,0,0,0,0,0,0,-2.31656774049714,0,0,0,0,0,0,0,0,0,0,0,0,0,0,0,0,0,0,0,0,0,0,0,0,0,0,0,0,0,0,0,0,0,0,0,0,0,0,0
0,0,0,0,0,0,0,0,0,0,0,0,0,0,0,0,0,0,0,0,0,0,0,0,0,0,0,0,0,0,0,0,0,0,0,0,0,0,0,0,0,0,0,0,0,0,0,0,0,0,0,0,0,0,0,0,0,0,0,0,0,0,0,0,0,0,0,0,0,0,0,0,0,0,0,0,0,0,0,0,0,0,0,0,0,0,0,0,0,0,0,0,0,0,0,0,0,0,0,0,0,0,0,0,0,0,0,0,0,0,0,0,0,0,0,0,0,0,0,0,0,0,0,0,0,0,0,0,0,0,0,0,0,0,0,0,0,0,0,0,0,0,0,0,0,0,0,0,0,0,0,0,0,0,0,0,0,0,0,0,0,0,0,0,0,0,0,0,0,0,0,0,0,0,0,0,0,0,0,0,0,0,0,0,0,0,0,0,0,0,0,0,0,0,0,0,0,0,0,0,0,0,0,0,0,0,0,0,0,0,0,0,0,0,0,0,0,0,0,-4.41103246028032,0,0,0,0,-3.30923010646682,0,0,0,0,0,0,0
0,0,0,0,0,0,0,0,0,0,0,0,0,0,0,0,0,0,0,0,0,0,0,0,0,0,0,0,0,0,0,0,0,0,0,0,0,0,0,-3.001880585654,0,0,0,0,-3.0574480952547,0,0,0,0,0,0,0,0,0,0,0,0,0,0,0,0,0,0,0,0,0,0,0,0,0,0,0,0,0,0,0,0,0,0,0,0,0,0,0,0,0,0,0,0,0,0,0,0,0,0,0,0,0,0,0,0,0,0,0,0,0,0,0,0,0,0,0,0,0,0,0,0,0,0,0,0,0,0,0,0,0,0,0,0,0,0,0,0,0,0,0,0,0,0,0,0,0,0,0,0,0,0,0,0,0,0,0,0,0,0,0,0,0,0,0,0,0,0,0,0,0,0,0,0,0,0,0,0,0,0,0,0,0,0,0,0,0,0,0,0,0,0,0,0,0,0,0,0,0,0,0,0,0,0,0,0,0,0,0,0,0,0,0,0,0,0,0,0,0,0,0,0,0,0,0,0,0,0,0,0,0,0,0,0,0,0,0
0,0,0,0,0,0,0,0,0,0,0,0,0,0,0,0,0,0,0,0,0,0,0,0,-3.71333128176128,0,0,0,0,0,0,0,0,0,0,0,0,0,0,0,0,0,0,0,-2.52181905082589,-2.85318571222491,-2.75920201605081,0,0,0,0,0,0,0,0,0,0,0,0,0,0,0,0,0,0,0,0,0,0,0,0,0,0,0,0,0,0,0,0,0,0,0,0,0,0,0,0,0,0,0,0,0,0,0,0,0,0,0,0,0,0,0,0,0,0,0,0,0,0,0,0,0,0,0,0,0,0,0,0,0,0,0,0,0,0,0,0,0,0,0,0,0,0,0,0,0,0,0,-2.70497696898837,0,-2.59048138749184,-2.8090576028254,0,0,0,-3.08466646778747,-3.20830142251058,0,0,-2.48426551553034,0,0,0,0,-3.57905390342105,0,0,0,0,0,0,0,0,0,0,0,0,-2.25267494312745,-2.37300313573569,0,0,0,0,0,0,0,-2.88770780733603,0,0,-4.00331824481583,0,-2.81181035765177,0,0,0,-2.98679867412245,0,0,0,0,0,0,0,-3.0287906328415,0,0,0,0,0,0,0,0,0,0,0,0,0,0,0,0,0,0,0,0,0,0,0,0,0,0,0,-2.72881529074376,0,0,-2.89610616029651,0,0,0,0,0,0,0
0,0,0,0,0,0,0,0,0,0,0,0,0,0,0,0,0,0,0,0,0,0,0,0,0,0,0,0,0,0,0,0,0,0,0,0,0,0,0,0,0,0,0,0,0,0,0,0,0,0,0,0,0,0,0,0,0,0,0,0,0,0,0,0,0,0,0,0,0,0,0,0,0,0,0,0,0,0,0,0,0,0,0,0,0,0,0,0,0,0,0,0,0,0,0,0,0,0,0,0,0,0,0,0,0,0,0,0,0,0,0,0,0,0,0,0,0,0,0,0,0,0,0,0,0,0,0,0,0,0,0,0,0,0,0,0,0,0,0,0,0,0,0,0,0,0,0,0,0,0,0,0,0,0,0,0,0,0,0,0,0,0,0,0,0,0,0,0,0,0,0,0,0,-2.34821062676903,0,0,0,0,0,0,0,0,0,0,0,0,0,0,0,0,0,0,0,0,0,0,0,0,0,0,0,0,0,0,0,0,0,0,0,0,0,0,0,0,0,0,0,0,0,0,0,0,0,0,0,0,0,0,0,0,0,0
0,0,0,0,0,0,0,0,0,0,0,0,0,0,0,0,0,0,0,0,0,0,0,0,0,0,0,0,0,0,0,-2.98242431392748,0,0,0,0,0,0,0,0,0,0,0,0,0,0,0,0,0,0,0,0,0,0,0,0,0,0,0,0,0,0,0,0,0,0,0,0,0,0,0,0,0,0,0,0,0,0,0,0,0,0,0,0,0,0,0,0,0,0,0,0,0,0,0,0,0,0,-2.78567173860329,0,0,0,0,0,0,0,0,0,0,0,0,0,0,0,0,-3.71405788067169,0,0,0,0,0,0,0,0,0,0,0,0,0,0,0,0,0,0,0,0,0,0,-2.66207518907014,0,0,0,0,0,0,0,0,0,0,0,0,0,0,0,0,0,0,0,0,0,0,0,0,0,0,0,0,0,0,0,0,0,0,0,0,0,0,0,0,0,0,0,0,0,0,0,0,0,0,0,0,0,0,-2.44328605701165,0,0,0,0,0,0,0,0,0,0,0,0,0,0,0,0,0,0,0,0,0,0,0,0,0,0,0,-3.08163744085077,0,0,0,0,0,0,0,0,0,0
0,0,0,0,0,0,0,0,0,0,0,0,0,0,0,-2.62115834724558,-2.69349943697092,0,0,0,0,0,0,0,0,0,0,0,0,0,0,0,0,0,-3.46838307198816,0,-3.51032779858085,0,0,0,0,0,0,0,0,0,0,0,0,0,0,0,0,0,0,0,0,0,0,0,0,0,0,0,0,0,0,0,0,0,0,0,0,0,0,0,0,0,0,0,0,0,0,0,0,-2.75176655501918,0,0,0,0,0,0,0,0,0,0,0,0,-3.21610744244803,0,0,0,0,0,0,0,-3.68483645383469,0,0,0,0,0,0,0,0,-4.19497373707745,-4.15302133680035,0,0,0,0,0,0,0,0,0,0,0,0,0,0,0,0,0,0,0,0,0,0,0,0,0,0,0,0,0,0,0,0,0,0,0,0,0,0,0,0,0,0,0,0,0,0,0,0,0,0,0,0,0,0,0,0,0,0,0,0,0,0,0,0,0,0,0,0,0,0,0,0,0,0,0,0,0,0,0,0,0,0,0,-3.17611686942273,-2.31169660705664,0,0,0,0,0,0,0,0,0,0,0,0,0,0,0,0,0,0,0,-3.67310858907616,0,0,0,0,0,0,0,0,0,0
0,0,0,0,0,0,0,0,0,0,0,0,0,0,0,0,0,0,0,0,0,0,0,0,0,0,0,0,0,0,0,0,0,0,0,0,0,0,0,0,0,0,0,0,0,0,0,0,0,0,0,0,0,0,0,0,0,0,0,0,0,-3.60274592034989,0,0,0,0,0,0,0,0,0,0,0,0,0,0,0,0,0,0,0,0,0,0,0,0,0,0,0,0,0,0,0,0,0,0,0,0,0,0,0,0,0,0,0,0,0,0,0,0,0,0,0,0,0,0,0,0,0,0,0,0,0,0,0,0,0,0,0,0,0,0,0,0,0,0,0,0,0,0,0,0,0,0,0,0,0,0,0,0,0,0,0,0,-3.64203389948173,0,0,0,0,0,0,0,0,0,0,0,0,0,0,0,0,0,0,-2.43224329223531,0,0,-2.89821950660546,0,-4.42544164531825,0,0,0,0,0,0,0,0,0,0,0,0,0,0,0,0,0,0,0,0,0,0,0,0,0,0,0,0,0,0,0,2.8035547485163,0,0,0,0,0,0,0,0,0,0,-2.64670957325952,0,0,0,0,0,0,0,0,0,0
0,0,0,0,0,0,0,0,0,0,0,0,0,0,0,0,0,0,0,0,0,0,0,0,0,0,0,0,0,0,0,0,0,0,0,0,0,0,0,0,0,0,0,0,0,0,0,0,0,0,0,0,0,0,0,0,0,0,0,0,0,0,0,0,0,0,0,0,0,0,0,0,0,0,0,0,0,0,0,0,0,0,0,0,0,0,0,0,0,0,0,0,0,0,0,0,0,0,-3.47535437626397,0,0,0,0,0,0,0,0,0,0,0,0,0,0,0,0,0,0,0,0,0,0,0,0,0,0,0,0,0,0,0,0,0,0,0,0,0,0,0,-3.42744133926687,0,0,0,0,0,0,0,0,0,0,0,0,-3.47471479246075,0,0,0,0,0,0,0,0,0,0,0,0,0,0,0,0,0,0,0,0,0,-2.27895015902513,0,0,0,0,-3.25466215336478,0,0,0,0,0,0,0,0,0,0,0,0,0,-3.86881817801739,0,0,0,0,0,0,0,0,0,0,0,0,0,0,0,0,0,0,0,0,0,0,0,0,0,0,0,0,0,0,0,0,0,0,0,0,0,0,0
0,0,0,0,0,0,0,0,0,0,0,0,0,0,0,0,0,0,0,0,0,0,0,0,0,0,0,0,0,0,0,0,0,0,0,0,0,0,0,0,0,0,0,0,0,0,0,0,0,0,0,0,0,0,0,0,0,0,0,0,0,0,0,0,0,0,0,0,0,0,0,0,0,0,0,0,0,0,0,0,0,0,0,0,0,0,0,0,0,0,0,0,0,0,0,0,0,0,0,0,0,0,0,0,0,0,0,0,0,0,0,0,0,0,0,0,0,0,0,0,0,0,0,0,0,0,0,0,0,0,0,0,0,0,0,0,0,0,0,0,0,0,0,0,0,0,0,0,0,0,0,0,0,0,0,0,0,0,0,0,0,0,0,0,-2.17786276366525,0,0,0,0,0,0,0,0,0,0,0,0,0,0,0,0,0,0,0,0,0,0,0,0,0,0,0,0,-4.09551854294649,0,0,0,0,0,0,0,0,0,0,0,0,-2.54601602711269,0,0,0,0,0,0,0,0,0,0,0,0,0,0,0,-2.61166504988576,0,0,0,0,0,0,0,0,0
0,0,0,0,0,0,0,0,0,0,0,0,0,0,0,0,0,0,0,0,0,0,0,0,0,0,0,0,0,0,0,0,0,0,0,0,0,0,0,0,0,0,0,0,0,0,0,0,0,0,0,0,0,0,0,0,0,0,0,0,0,0,0,0,0,0,0,0,0,0,0,0,0,0,0,0,0,0,0,0,0,0,0,0,0,0,0,0,0,0,0,0,0,0,0,0,0,0,0,0,0,0,0,0,0,0,0,0,0,0,0,0,0,0,0,0,0,0,0,0,0,0,0,0,0,0,0,0,0,0,0,0,0,0,0,0,0,0,-2.93147625994752,0,0,0,0,0,0,0,0,0,0,0,0,-3.65478637286907,0,0,-3.52283257078934,0,0,0,0,0,0,0,0,0,0,0,0,0,-2.53421436222505,0,0,0,0,0,0,0,0,0,0,0,0,0,0,0,0,0,0,0,0,0,0,0,0,-2.98200053607671,0,0,0,0,0,0,0,0,0,0,0,0,0,0,0,0,0,0,0,0,0,0,0,0,0,0,0,-3.00510214890243,0,0,0,0,0,0,0,0,0,0
0,0,0,0,0,0,0,0,0,0,0,0,0,0,0,0,0,0,0,0,0,0,0,0,0,0,0,0,0,0,0,0,0,0,0,0,0,0,0,0,0,-2.46480898103753,0,0,0,0,0,0,0,0,0,0,0,0,0,0,0,0,0,0,0,0,0,0,0,0,0,0,0,0,0,0,0,0,0,0,0,0,0,0,0,0,0,0,0,0,0,0,0,0,0,0,0,0,0,0,0,0,0,0,0,0,0,0,0,0,0,0,0,0,0,0,0,0,0,0,0,0,0,0,0,0,0,0,0,0,0,0,0,0,0,0,0,0,0,0,0,0,0,0,0,0,0,0,0,0,0,0,0,0,0,0,0,0,0,0,0,0,0,0,0,0,0,0,0,0,0,0,0,0,0,0,0,0,0,0,0,0,-3.41126401851796,0,0,0,0,0,0,0,0,0,0,0,0,0,0,0,0,0,0,0,0,0,0,0,0,0,0,0,0,0,0,0,0,0,0,0,0,0,0,0,0,0,0,0,0,0,0,0,0,0,0,0,0,0
0,0,0,0,0,0,0,0,0,0,0,0,0,0,0,0,0,0,0,0,0,0,0,0,0,0,0,0,0,0,0,0,0,0,0,0,0,0,0,0,0,0,0,0,0,0,0,0,0,0,0,-2.43350887226132,0,0,0,0,0,0,0,0,0,0,0,0,0,0,0,0,0,0,0,0,0,0,0,0,0,0,0,0,0,0,0,0,0,0,0,0,0,0,-5.61719522108151,0,0,0,0,0,0,0,0,0,0,0,0,0,0,0,0,0,0,0,0,0,0,0,0,0,0,0,0,0,0,0,0,0,0,0,0,0,0,0,0,0,0,0,0,0,0,0,0,0,0,0,0,0,0,0,0,0,0,0,0,0,0,0,0,0,0,0,0,0,0,0,0,0,0,0,0,0,0,0,0,0,0,0,0,0,0,0,0,0,0,0,0,0,0,0,0,0,0,0,0,0,0,0,0,0,0,0,0,0,0,0,0,0,0,0,0,0,0,0,0,0,0,0,0,0,0,0,0,0,0,0,0,0,0,0,0,0,0,0,0,0
0,0,0,0,0,0,0,0,0,0,0,0,0,0,0,0,0,0,0,0,0,0,0,0,0,0,0,0,0,0,0,0,0,-2.57522274714603,-2.79890259201687,0,0,0,0,0,0,0,0,0,0,0,0,0,0,0,-3.08846439426587,-2.54101466483206,0,0,0,0,0,0,-4.18944719405785,0,0,-2.82311063570251,0,-4.72587569440757,0,0,0,0,0,0,0,0,0,-3.65307786691322,0,0,0,0,0,0,0,0,0,0,0,0,0,0,0,0,0,0,0,-3.22929641970509,0,0,-3.10960949028426,0,0,0,0,0,0,0,0,0,0,0,0,0,0,0,0,0,0,0,0,0,0,0,0,0,0,0,0,0,0,0,0,0,0,0,0,0,0,0,0,0,0,0,0,0,0,0,0,0,0,0,0,0,0,-3.44768853451564,0,0,0,0,0,0,0,-3.82663334625419,0,0,0,0,0,0,0,-3.41077661579548,-2.98289817943208,0,0,0,-2.69072371590223,-3.5070435323276,0,-2.52754422324049,-2.89138976952999,0,0,-2.74924760966686,0,0,0,0,0,0,0,0,0,0,0,0,0,0,0,0,0,0,0,0,0,0,0,0,0,0,0,-2.35092107243933,0,0,0,0,0,0,0,0,0,0,0,0,0,-2.70621391328355,0,-3.76183881445718,0,-3.43606732024143,0,0,0,0,0,0
0,0,0,0,0,0,0,0,0,0,0,0,0,0,0,0,0,0,0,-2.62078905771057,0,0,0,0,0,0,0,0,0,0,0,0,0,0,0,0,0,0,0,0,0,0,0,0,0,0,0,0,0,0,0,0,0,0,0,0,0,0,0,-2.63783625866745,0,0,0,-3.69761043412252,0,0,0,0,0,0,0,0,0,0,0,0,0,0,0,0,0,0,0,0,0,0,0,0,0,0,-4.52592648326893,0,0,-3.08018821549034,0,0,0,0,0,0,0,0,0,0,0,0,0,0,0,0,0,0,0,0,0,0,0,0,0,0,0,0,0,0,0,0,0,0,0,0,0,0,0,0,0,0,0,0,0,0,0,0,0,0,0,0,0,0,0,0,0,0,0,0,0,0,0,0,0,0,0,0,0,0,-2.54787245806902,0,0,0,0,0,0,0,0,0,0,0,0,0,0,0,0,0,0,0,0,-3.48146217761561,0,0,0,0,0,0,0,0,0,0,0,0,0,0,0,0,0,0,0,0,0,0,0,0,0,2.4000899999273,0,0,0,0,0,0,0,0,0,0,0,0,-2.58285827184669,0,0,0,0,0,0,0
0,0,0,0,0,0,0,0,0,0,0,0,0,0,0,0,0,0,0,0,0,0,0,0,0,0,0,0,0,0,0,0,0,0,0,0,0,0,0,0,0,0,0,0,0,0,-5.25268779809797,0,0,0,0,0,0,0,0,0,0,0,0,0,0,0,0,0,0,0,0,0,0,0,0,0,0,0,0,0,0,0,0,0,0,0,0,0,0,0,0,0,0,0,0,0,0,0,0,0,0,0,0,0,0,0,0,0,0,0,0,0,0,-3.07520953741354,0,0,0,0,0,0,0,0,0,0,0,0,0,0,0,0,0,0,0,0,0,0,0,0,0,0,0,0,0,0,0,0,0,0,0,0,0,0,0,0,0,0,0,0,0,0,0,0,0,0,-2.79156414867254,0,0,0,0,0,0,0,0,-3.46482496603816,0,0,0,0,0,0,-2.92696011509836,0,0,0,0,0,0,0,0,0,0,0,0,0,0,0,0,0,0,0,0,0,0,0,0,0,0,0,0,0,0,-3.1705454678339,0,0,0,0,0,0,0,0,0,0,-3.30819130347535,0,0,0,0,0,-2.58518402900193,0,0,0,0,0,0,0
0,0,0,0,0,0,0,0,0,0,0,0,0,0,0,0,0,0,0,0,0,0,0,0,0,0,0,0,0,0,0,0,0,0,0,0,0,0,0,0,0,0,0,0,0,0,0,0,0,0,0,0,0,0,-3.63003069881341,0,0,0,0,0,0,0,0,0,0,0,0,0,0,0,0,0,0,0,0,0,0,0,0,0,0,0,0,0,0,0,0,0,0,0,0,0,0,0,0,0,0,0,0,0,0,0,0,0,0,0,0,0,0,0,0,0,0,0,0,0,0,0,0,0,0,0,0,0,0,0,0,0,0,0,0,0,0,0,0,0,0,0,0,0,0,0,0,0,0,0,0,0,0,0,0,0,0,0,0,0,0,0,0,0,0,0,0,0,0,0,0,0,0,0,0,0,0,0,0,0,0,0,0,0,0,0,0,0,0,0,0,0,0,0,0,0,-2.43331748521169,-3.79281413412768,0,0,0,0,0,0,-3.91544993785723,0,0,0,0,0,0,0,0,0,0,3.3123163582559,0,0,0,0,0,0,0,0,0,0,0,0,0,0,0,0,0,0,0,0
0,0,0,0,0,0,0,0,0,0,0,0,0,0,0,0,0,0,0,0,0,0,0,0,0,0,0,0,0,0,0,0,0,0,0,0,0,0,0,0,0,0,0,0,0,0,-4.4305916730583,0,0,0,0,-2.78177272379549,0,0,0,0,0,0,0,0,0,0,0,-3.99023226264419,0,0,0,0,0,0,0,0,0,0,0,0,0,0,0,0,0,0,0,0,0,0,0,0,0,0,-3.84888450508458,0,0,0,0,0,0,0,0,0,0,0,0,0,0,0,0,-3.04359596583638,0,0,0,0,0,0,0,-3.1299051595099,0,0,0,0,0,0,0,0,0,0,0,0,0,0,0,0,0,0,0,0,0,0,0,0,0,0,0,0,0,0,0,0,0,0,0,0,0,0,-3.08535652624524,0,0,0,0,0,0,0,0,0,-3.21328405163853,0,0,0,0,0,0,0,0,0,0,0,0,0,0,0,0,0,0,0,0,0,0,0,0,0,0,0,-3.42050831768302,0,0,0,0,0,0,0,0,0,0,0,0,0,0,-2.81013611268569,0,0,0,0,0,0,0,0,0,0,0,0,0,0,0,0,0,-3.36138008681311,0,0,0,0,0,0
0,0,0,0,0,0,0,0,0,0,0,0,0,0,0,0,0,0,0,-3.59840405257318,0,0,0,0,0,0,0,0,0,0,0,0,0,0,0,0,0,0,0,0,0,0,0,0,0,0,0,0,0,0,0,0,0,0,0,0,0,0,0,0,0,0,0,0,0,0,0,0,0,0,0,0,0,0,0,0,0,0,0,0,0,0,0,0,0,0,0,0,0,0,0,0,0,0,0,0,0,0,0,0,0,0,0,0,0,0,0,0,0,0,0,0,0,0,0,-3.0945292718868,0,0,0,0,0,0,0,0,0,0,0,0,0,0,0,0,0,0,0,0,0,0,0,0,0,0,0,0,0,0,0,0,0,0,0,0,0,0,0,0,0,0,0,0,0,0,0,0,0,0,0,0,0,0,0,0,0,0,0,0,0,0,0,0,0,0,0,0,0,0,0,0,0,0,-2.89893933587885,0,0,-2.79265375181972,0,0,0,0,0,0,0,0,0,0,0,0,0,0,0,0,0,0,0,0,0,0,0,0,0,0,0,0,0,0,0,0,0,0,0,0,0,0
0,0,0,0,0,0,0,0,0,0,0,0,0,0,0,0,0,0,0,-3.5023637545214,0,0,0,0,-2.87293836414976,0,0,0,0,0,0,0,0,0,0,0,0,0,0,0,0,0,0,0,0,0,0,0,0,0,0,0,0,0,0,0,0,0,0,0,0,0,0,0,0,0,0,0,0,0,0,0,0,-3.08239686359619,0,0,0,0,0,0,0,0,0,0,0,0,0,0,0,0,0,0,0,0,0,0,0,0,-3.13802102547092,0,0,0,0,0,0,0,0,0,0,0,0,0,0,0,0,-2.52295146720137,0,0,0,0,0,0,0,0,0,0,0,0,0,0,0,0,0,0,0,0,0,0,0,0,0,0,0,0,0,0,0,0,0,0,0,0,0,0,0,0,0,0,0,0,0,0,0,0,0,0,0,0,0,0,0,0,0,0,0,0,0,0,0,0,0,0,0,0,0,0,0,0,0,0,0,0,0,0,0,0,0,0,0,0,0,0,0,0,0,0,0,0,0,0,0,0,0,0,0,0,0,0,0,0,0,0,0,0,0,0,0,0,0,0,0,0
0,0,0,0,0,0,0,0,0,0,0,0,-2.98115239795277,0,-2.84941143827035,0,0,0,-2.74839416801562,0,-3.09570057576201,-3.04885798472122,-3.05017954685141,-5.63323507694806,-2.81710475501632,-3.89910589290957,0,0,0,0,0,-3.17860610762968,0,0,-3.51710703065707,0,0,0,0,-3.97271643348783,0,-3.24209134961119,-4.1199019802253,0,0,0,-5.03656303131976,0,-3.20875208770002,0,-3.3115202618541,0,0,0,0,0,0,0,-5.42992363921801,-3.5991992925837,0,-4.71519623995697,0,-3.62681797850051,0,0,-2.50315957438722,0,0,0,0,0,0,0,0,0,0,-3.01743958273127,0,0,0,0,0,0,0,-2.45657243755835,0,0,0,0,0,0,0,0,0,0,-3.16381476007068,0,-3.37093937735537,-3.31599768176754,0,0,0,0,0,0,0,0,0,0,0,0,0,0,-4.53842930732957,0,0,0,0,0,0,-2.70497696898837,0,-2.66207518907014,0,0,-3.42744133926687,0,-2.93147625994752,0,0,0,0,0,0,0,0,0,0,0,0,0,0,0,0,0,0,-2.64408919481909,0,0,0,0,-2.99981098061249,-3.07519726451774,-4.66486813024864,0,-3.37703528460274,-2.85919661196591,0,0,-2.53712218439297,0,-2.80139837121336,0,-4.24119864097506,-2.63607473498045,-2.26548552131793,0,0,0,-3.02864401328582,0,-3.65523786285922,-3.21895743503084,0,0,-3.86011871533858,0,0,0,0,0,0,0,0,-3.2813135822434,0,0,0,0,0,0,0,-3.15111455549107,-3.55295887647455,0,-2.61201847768907,0,-2.5366714848991,0,-3.04145777631947,0,0,0,0,0,0,-2.64189677162239,0,0,0,0,0,0,0,0,0,0,0,0,0,0,0,-3.40135223236798,0,-3.16524720804967,0,0,0,-3.31297803929382,0,0
0,0,0,0,0,0,0,0,0,0,0,0,0,0,0,0,0,0,0,0,0,0,0,0,0,0,0,0,0,0,0,0,0,0,0,0,0,0,0,0,0,0,0,0,0,0,-2.62775780350203,0,0,0,0,0,0,0,0,0,0,0,0,0,0,0,0,0,0,0,0,0,0,0,0,0,0,0,0,0,0,0,0,0,0,0,0,0,0,0,0,0,0,0,0,0,0,0,0,0,0,0,-2.91992555854633,-3.55653176345617,0,0,0,0,0,0,0,0,0,0,0,0,0,0,0,0,0,0,0,0,0,0,0,0,0,0,0,0,0,0,0,0,0,0,0,0,0,0,0,0,0,0,0,0,0,0,0,0,0,0,-3.05615004468677,0,0,0,0,0,0,0,0,0,0,0,0,0,0,0,0,0,0,0,0,0,0,0,0,0,0,0,0,0,0,0,0,0,0,0,0,0,0,0,0,0,0,0,0,0,0,0,0,0,0,0,0,0,0,0,0,0,0,0,0,0,0,0,0,0,0,0,0,0,0,0,0,0,0,0,0,0,0,0,0,0
0,0,0,0,0,0,0,0,0,0,0,0,0,0,-4.88111519712522,0,0,0,-2.5079794497055,0,0,0,0,0,0,0,0,0,-4.15190746616617,0,0,-4.62625746003149,-4.54486791167948,0,0,0,0,0,0,0,0,0,0,0,0,0,0,0,0,0,0,0,0,0,0,0,0,0,-4.49397200176116,-2.9379272270192,-3.40952222544093,-3.7280062463674,0,-4.51705610702082,0,0,-3.09778900326303,-2.63796265807087,0,0,0,0,0,0,0,0,0,0,0,0,0,0,0,0,0,0,0,0,0,0,0,0,0,0,0,-3.33790981752352,0,0,-3.27141616035981,0,0,0,0,0,0,0,0,-3.42070829713769,0,-2.83077573524549,0,0,0,0,0,-4.71827101609118,0,-3.64415278014008,0,0,0,-2.59048138749184,0,0,0,0,0,0,0,0,0,0,0,0,0,0,0,0,0,0,0,0,0,0,0,0,0,0,0,0,0,0,0,0,0,0,-2.7554076375001,0,0,0,0,0,0,0,-3.93911982450123,0,0,0,-3.17169844948021,0,0,0,0,0,0,0,0,0,0,0,0,0,0,0,0,0,0,0,0,0,-3.05429183628923,0,-2.99990211510857,-4.09210864351387,0,0,0,0,0,0,0,0,-2.34103317240484,-3.00591007776567,0,-2.85573396050643,0,0,0,0,0,0,0,0,0,0,0,0,0,-3.22597606474242,-3.35645620757216,-2.56181191874164,0,0,0,0,0,0,0,0,0,0
0,0,0,0,0,0,0,0,0,0,0,0,0,0,-2.73022513808676,0,0,0,0,0,0,0,0,0,0,0,0,0,0,0,0,0,0,0,0,0,0,0,0,0,0,0,0,0,0,0,0,0,0,0,0,0,0,0,0,0,0,0,0,0,0,0,0,0,0,0,0,0,0,0,0,0,0,0,0,0,0,0,0,0,0,0,0,0,0,0,0,0,0,0,0,0,0,0,0,0,0,0,-3.62600612877009,0,0,0,0,0,0,0,0,0,0,-3.03251675376357,0,0,0,0,0,-3.9598000791669,0,0,0,0,0,-2.8090576028254,0,0,0,0,0,0,0,0,0,0,0,0,0,0,0,0,0,0,0,0,0,0,0,0,0,0,0,0,0,0,0,0,0,0,0,0,0,0,0,0,0,0,0,0,0,0,0,0,0,0,0,0,0,0,0,0,0,0,0,0,0,0,0,0,0,0,0,0,0,0,0,-3.85908092030256,0,0,-2.35815742346224,0,0,0,0,0,0,0,-3.92344178192307,0,-4.1073271530549,0,0,0,0,0,0,0,0,0,0,0,0,0,0,0,-2.72135593294405,0,0,0,0,0,0,0,0,0
0,0,0,0,0,0,0,0,0,0,0,0,0,0,0,0,0,0,0,0,-2.84849368917844,0,0,0,-3.02204813635359,0,0,0,0,0,0,0,0,0,0,0,0,0,0,0,0,0,0,0,0,0,-3.93634476025003,0,0,0,0,0,0,0,0,0,0,-2.61609410915625,0,0,0,-2.90146477903264,0,0,0,0,-3.50624154922461,0,-2.59702900292819,0,0,0,0,0,0,0,0,0,0,0,0,0,0,0,0,0,0,0,0,0,0,0,-3.20193681157816,0,0,0,-2.88222109848559,0,-3.31860798486955,0,0,0,0,0,0,0,0,0,0,0,0,0,0,0,0,-3.70378788559867,0,0,0,0,0,0,0,0,0,0,0,0,0,0,0,0,0,0,0,0,0,0,0,0,0,0,0,0,0,0,0,0,0,0,0,0,0,0,0,0,0,0,0,-2.80648225135184,0,0,-3.59865120169905,0,0,0,0,0,0,0,0,0,-2.75235374479555,0,0,-3.61844595571767,-3.64447754426547,0,0,-2.7312508175411,0,0,0,0,0,0,0,0,-2.44728672741953,0,0,0,-2.96583658909466,-3.19015397467511,-3.38489049156363,0,0,0,0,0,-2.92443357478441,0,-2.55543553123812,0,0,0,0,0,0,0,0,0,0,0,0,0,0,0,0,0,0,0,0,0,-3.6794338290012,0,0,0,0,0,0,0
0,0,0,0,0,0,0,0,0,0,0,0,0,0,0,0,0,0,0,0,0,0,0,0,0,0,0,0,0,0,0,-6.89453589741855,0,0,0,0,0,0,0,0,0,0,0,0,0,0,0,0,0,0,0,0,0,0,0,0,0,0,0,0,0,0,0,0,0,0,0,0,0,0,0,0,0,0,0,0,0,0,0,0,0,0,0,0,0,0,0,0,0,0,0,0,0,0,0,0,0,0,0,0,0,0,0,0,0,0,0,0,0,0,0,0,0,0,0,0,0,0,0,0,0,0,0,0,0,0,0,0,0,0,0,0,0,0,0,0,0,0,0,0,0,0,0,0,0,0,0,0,0,0,0,-4.46759696967855,0,0,0,0,0,0,0,0,0,0,0,0,0,0,0,-3.62184940860997,0,0,0,0,0,0,0,0,0,0,0,0,0,0,0,0,0,0,0,0,0,0,0,0,0,0,0,0,0,0,0,0,0,0,0,0,0,0,0,0,0,0,3.25754377400917,0,0,0,0,0,0,0,0,0,0,0,0,0,0,0,0,0,0,0,0,0
0,0,0,0,0,0,0,0,0,0,0,0,0,0,0,0,0,0,0,0,0,0,0,0,-2.96286326252842,0,0,0,0,0,0,0,0,0,0,0,0,0,0,0,0,0,0,0,0,0,0,0,0,0,0,0,0,0,0,0,0,0,0,0,0,0,0,0,0,0,0,0,0,0,0,0,0,0,0,0,0,0,0,0,0,0,0,0,0,0,0,0,0,0,0,0,0,0,0,0,0,0,-3.35476352024883,0,0,0,0,0,0,0,0,0,0,0,0,0,0,0,0,0,0,0,0,0,0,0,0,0,0,0,0,0,0,0,0,0,0,0,0,0,0,0,0,0,0,0,0,0,0,0,0,0,0,0,0,-2.92032852614995,0,0,0,0,0,0,0,0,0,0,0,0,0,0,0,-3.44981188194678,-3.1757228016777,0,0,0,0,0,0,0,0,0,0,0,0,0,0,0,0,0,0,0,0,0,0,0,-6.79676097017845,-3.37239622126311,0,0,0,0,0,0,0,0,0,0,0,0,0,0,0,0,0,0,0,0,0,0,0,0,0,0,0,0,0,0,0,0,2.49435630192897,0,0,0,0,0
0,0,0,0,0,0,0,0,0,0,0,0,0,0,0,-3.59494757507242,0,0,0,-3.43206710024999,0,0,-3.81146762363056,0,0,0,0,0,0,0,0,-2.96570671814311,0,0,0,0,0,0,0,0,0,0,0,0,0,0,0,0,0,0,0,0,0,0,0,0,0,0,0,0,0,0,0,0,0,0,0,0,0,0,0,0,0,0,0,0,0,0,0,0,0,0,0,0,0,0,0,0,0,0,0,0,0,0,0,0,0,0,0,0,0,0,0,0,0,0,0,0,0,-2.97573734085235,0,0,0,0,0,-4.75718707428529,0,0,0,0,0,-3.08466646778747,0,0,0,0,0,0,0,0,0,0,0,0,0,0,0,0,0,0,0,0,0,0,0,0,0,0,0,0,0,0,0,0,0,0,0,0,0,0,0,0,0,0,0,0,-2.6907020417355,0,-2.83358879344948,0,0,0,0,0,0,0,-2.80736344098963,0,0,0,0,0,0,0,0,0,0,0,0,0,0,0,-4.56763386849725,-3.89097817121095,0,0,0,0,0,0,0,0,0,0,0,0,0,0,0,0,0,0,0,0,0,0,0,0,0,0,0,0,0,-3.23477812650271,0,0,0,0,0,0,0,0
0,0,0,0,0,0,0,0,0,0,0,0,0,0,-3.72461651452788,-3.09479023138193,0,0,-3.58893048293206,0,0,0,-2.46061474376334,0,0,0,0,0,0,0,0,0,0,0,0,0,0,0,0,0,0,0,0,0,0,0,0,0,0,0,0,0,0,0,0,0,0,0,0,0,0,0,0,0,0,0,0,0,0,0,0,0,0,0,0,0,0,0,0,0,0,0,0,0,0,0,0,0,0,0,0,0,0,0,0,-2.60533998240261,0,0,-3.11579533602893,0,0,0,0,0,0,0,0,0,0,0,0,0,0,0,0,0,0,0,0,0,0,-3.20830142251058,0,0,0,0,0,0,0,0,0,0,0,0,0,0,0,0,0,0,0,0,0,0,0,0,0,0,0,0,0,0,0,0,0,0,0,0,0,0,0,0,0,0,0,0,0,0,-2.69684610300814,0,0,0,0,0,0,0,-2.87911315025398,0,0,0,0,0,0,0,0,0,0,0,0,0,0,0,-3.84057498797685,-4.0129912916197,0,0,0,0,0,0,0,0,0,0,0,0,-2.72319771268634,0,0,0,0,0,0,0,0,0,0,0,0,0,0,-3.00912814372761,0,0,0,0,0,0,0,0,0,0
0,0,0,0,0,0,0,0,0,0,0,0,0,0,0,0,0,0,0,0,-2.6510016267661,0,0,0,-2.68217805294936,0,0,0,0,0,0,0,0,0,0,0,0,0,0,0,0,0,0,0,0,0,0,0,0,0,0,0,0,0,0,0,0,0,0,0,-2.95149931324692,0,0,0,0,0,0,0,0,0,0,0,0,0,0,0,0,0,0,0,0,0,0,0,0,0,0,0,0,0,0,0,0,0,0,0,0,0,-3.16943031411339,-2.74077206200846,0,0,0,0,0,0,0,0,0,0,0,0,0,0,0,0,0,0,0,0,0,0,0,0,0,0,0,0,0,0,0,0,0,0,0,0,0,0,-2.64408919481909,0,0,0,0,0,0,0,0,0,0,0,0,-3.8528138760039,0,0,-2.49965450029779,0,0,0,0,0,0,0,0,0,-2.75591960761918,0,-2.54015253645711,0,-2.68635373309039,0,0,0,0,-2.73326868715472,0,0,0,0,0,0,0,-2.65595814195676,0,0,0,0,0,0,0,0,0,0,0,-2.99833063507579,0,0,0,0,0,0,0,0,0,0,0,0,0,0,0,0,0,0,0,0,0,0,0,0,0,0,0,-2.60435272728927,-3.30500371642038,-3.1991741149411,0,0,0,0,0,0,0,0
0,0,0,0,0,0,0,0,0,0,0,0,0,0,0,0,0,0,0,0,0,0,0,0,0,0,0,0,0,0,0,-2.46802472461883,-2.85466003804781,0,0,0,0,0,0,0,0,0,-3.41263595856664,0,0,0,0,0,0,0,0,0,0,0,0,0,0,0,0,0,0,-3.0078081469308,0,-3.20433482942451,0,0,0,0,0,0,0,0,0,0,0,0,0,0,0,0,0,0,0,0,0,0,0,0,0,0,0,0,0,0,0,-3.60402167402821,-2.53014020434668,0,-2.8652633666875,0,0,0,0,0,0,0,0,0,0,0,0,0,0,0,0,0,0,0,0,0,0,0,0,0,0,0,0,0,0,0,0,0,0,0,0,0,0,0,0,0,0,0,0,0,0,0,0,0,0,0,0,0,0,0,0,0,0,0,0,0,0,0,0,0,-3.10948316259809,0,0,0,0,0,0,0,-2.62387500158914,0,0,0,0,-2.1671604609137,0,0,0,-3.0878938907774,0,0,0,0,0,0,0,0,0,0,0,-4.38381476586842,0,0,0,0,0,0,-2.49456194366084,0,0,0,0,0,-2.21583454175668,0,0,0,0,0,0,0,0,0,0,0,0,0,0,-2.69405126585782,0,0,0,0,0,0,0,0,0,0
0,0,0,0,0,0,0,0,0,0,0,0,0,0,0,0,0,0,0,0,0,0,-3.07458137018276,0,0,0,0,0,0,0,0,0,0,0,0,0,0,0,0,0,0,0,0,0,0,0,0,0,0,0,0,0,0,0,0,0,0,0,0,0,0,0,0,0,0,0,0,0,0,0,0,0,0,0,0,0,0,0,0,0,0,0,0,0,0,0,0,0,0,0,0,0,0,0,0,0,0,0,0,-3.32698079302627,0,0,0,0,0,0,0,0,0,0,0,0,0,0,0,0,0,0,0,0,0,-2.48426551553034,0,0,0,0,0,0,0,0,0,0,0,0,0,0,0,0,0,0,0,0,0,0,0,0,0,0,0,0,0,0,0,0,0,0,0,0,0,0,0,0,0,0,0,0,0,0,-3.30620266876668,0,0,0,0,0,0,0,0,0,0,0,0,0,0,0,0,0,0,0,0,0,-2.46503617101888,0,0,-3.66307512915383,0,0,0,0,0,0,0,0,0,0,0,0,0,0,0,0,0,0,0,0,-3.1855435614902,0,0,0,0,0,0,0,0,-3.55991485526052,0,0,0,0,0,0,0,0
0,0,-2.74443081584921,0,0,0,0,0,0,0,0,0,0,0,0,0,0,0,0,0,0,0,0,0,0,-2.52891420337581,0,0,0,0,0,-5.08405682512618,0,0,0,0,0,0,0,0,0,0,0,0,0,0,0,0,0,0,0,0,0,0,0,0,0,0,0,0,0,0,0,0,0,0,0,0,0,0,0,0,0,0,0,0,0,0,0,0,0,0,0,0,0,0,0,0,0,0,0,0,0,0,0,0,0,0,0,0,0,0,0,0,0,0,0,0,0,0,0,0,0,0,0,0,0,0,0,0,0,0,0,0,0,0,0,0,0,0,0,0,0,0,0,0,0,0,0,-3.05615004468677,0,0,0,0,0,0,0,0,0,0,0,0,0,0,0,0,0,0,0,0,0,0,0,0,0,0,0,0,0,0,0,0,0,0,0,0,0,0,0,0,-2.80239206401494,-2.98429105224722,0,0,0,0,0,0,0,0,0,0,0,-3.8844551757236,0,0,0,0,0,0,0,0,0,0,0,0,0,0,0,0,0,0,0,0,0,0,0,0,0,0,0,0,0,0,0,0,0,0,0,0,0,0
0,0,0,0,0,-3.04472137167679,0,0,0,0,0,0,-4.51739473225894,0,0,0,0,0,0,0,0,0,-4.01111243597558,0,0,-4.46972463043639,0,0,0,0,0,-3.24559435934026,-2.84665989263414,0,0,0,0,0,0,0,-3.15747870891728,-3.92587875376843,0,0,0,0,0,0,0,0,0,0,0,0,0,0,0,0,0,0,-2.75652760991648,0,0,0,0,0,0,0,0,0,0,-3.2083829376574,0,-3.24234892145889,0,0,0,0,0,0,0,0,0,0,0,0,0,0,0,0,0,-2.76716001702121,0,0,0,-3.238137706468,0,0,0,0,0,0,0,0,0,0,-2.85149730992292,-3.42370671288898,0,0,0,0,0,0,0,0,0,0,0,0,0,0,0,0,0,0,-3.47471479246075,0,-3.65478637286907,0,0,-3.44768853451564,0,0,0,0,0,0,0,0,0,0,0,-4.46759696967855,-2.92032852614995,0,0,-3.8528138760039,0,0,0,0,0,0,0,0,0,-2.89388669781271,0,0,0,0,0,0,0,0,0,0,0,0,0,0,0,0,0,0,0,0,0,0,-3.77495583902753,0,0,0,0,0,0,0,0,0,0,0,0,-4.21041255742456,0,0,-3.5987964189848,0,0,0,0,0,0,0,0,-2.9295090567834,0,-3.3522445556844,0,0,0,0,0,0,0,0,0,0,0,0,0,-3.18397275139934,-3.29176239122491,0,-3.46509319758877,0,0,0,0,0,0,0
0,0,0,0,0,0,0,0,0,0,0,0,0,0,-3.31272164875685,0,0,0,0,0,0,0,0,0,0,-2.78211873829403,0,0,0,0,0,-2.80444829831902,-2.69256635415317,-2.50241829673814,0,0,0,0,0,0,0,0,-2.90511454726992,0,-2.88471781609518,0,0,0,0,0,0,0,0,0,0,0,0,0,0,0,0,-2.97399079598902,0,0,0,0,0,0,0,0,0,0,-3.47870050641462,0,0,0,0,0,0,0,0,0,0,0,0,0,0,0,0,0,0,0,0,0,0,0,0,0,0,0,0,0,0,0,0,0,0,0,0,0,0,0,0,0,0,0,0,0,0,0,0,0,0,0,0,0,0,0,0,0,0,0,0,0,0,0,0,0,-2.99981098061249,0,0,0,0,0,0,0,0,0,0,0,0,0,0,0,0,0,0,0,0,0,-3.1352642817628,0,0,0,0,0,0,0,0,0,0,0,0,0,0,0,0,0,0,0,-2.79027892190931,-2.10554950758377,0,0,-3.20512143372456,0,0,-2.66839640220289,-3.76929177051702,0,0,0,0,0,0,0,0,0,0,0,0,0,0,0,0,0,-3.09764709862084,-3.12718231605878,-3.29430929590855,0,0,0,0,0,0,0,0,0,0,0,0,-2.46104502102063,-3.32135040333734,0,-2.95678111284105,-2.94700343268644,0,0,0,0,0,0
0,0,0,-3.58452684402799,0,0,0,0,0,0,0,0,0,0,0,0,0,0,0,0,0,0,0,0,0,0,0,0,0,0,0,-4.02563115879629,0,0,0,0,0,0,0,0,0,0,0,0,0,0,0,0,0,0,0,0,0,0,0,0,0,0,0,0,0,0,0,0,0,0,0,0,0,0,0,0,0,0,0,0,0,0,0,0,0,0,0,0,0,0,0,0,0,0,0,0,0,0,0,-3.34888761285011,0,0,0,0,0,0,0,0,0,0,0,0,-3.01968148203909,0,0,0,0,0,0,0,0,0,0,0,0,0,0,0,0,0,0,0,0,0,0,0,0,0,0,0,0,0,-3.07519726451774,0,0,0,0,0,0,0,0,0,0,0,0,0,0,0,0,0,0,0,0,0,-3.53118662189288,0,0,0,-2.72526613534508,0,-2.13020957847921,0,0,0,0,0,0,0,0,0,0,0,0,0,0,0,0,0,0,0,0,0,0,0,0,0,0,0,0,0,0,0,0,0,-2.68633926234083,0,0,0,0,0,0,0,0,0,0,0,0,0,0,0,0,0,0,0,0,0,0,0,0,0,0,0,0,0,0,0
0,0,0,0,0,0,0,-3.60334161627737,-2.65401681071189,0,0,0,0,0,-3.85336535868211,0,-2.5785171586376,0,0,-3.12591976921046,0,0,-3.7512483568379,0,0,-3.46101740881835,0,0,0,0,0,-4.65073174115771,-3.91513305418506,0,0,0,0,0,0,0,0,0,0,0,0,0,0,0,0,0,0,0,0,0,0,0,0,0,-2.67297636771576,0,0,-2.66953931275772,0,-2.95240346401073,0,0,0,0,0,0,0,0,0,0,0,0,0,0,0,0,0,0,0,0,0,0,0,0,0,0,0,0,0,0,0,-4.12607762755034,0,0,0,0,0,0,0,0,0,0,-2.84044039433091,-3.0114336756299,0,-4.45882251989939,0,0,0,0,0,-3.36275991715338,0,0,0,0,0,-3.57905390342105,0,0,0,-3.64203389948173,0,0,-3.52283257078934,0,0,0,0,0,0,-3.08535652624524,0,0,-4.66486813024864,0,0,0,0,0,0,0,0,-2.49965450029779,0,0,0,0,0,0,0,0,0,-2.26089955611667,0,0,-3.91476256965587,0,0,0,0,0,-2.37862198474821,0,-2.44008677364845,0,0,0,0,0,0,0,-2.83859082714636,0,0,0,-2.28727423414919,0,0,0,0,0,0,0,0,0,0,0,-2.87500632478352,-4.14104236024763,0,0,0,0,0,0,0,0,-2.57776464742861,0,0,0,0,-2.85215262545113,0,0,0,0,0,0,0,0,0,0,0,-2.19063571686838,0,0,0,-3.08696586144781,0,0,0,0,0,0,0,0
0,0,0,0,0,0,0,0,0,0,0,0,0,0,0,0,0,0,0,0,0,0,0,0,0,0,0,0,0,0,0,-3.03885950988554,0,0,0,0,0,0,0,0,0,0,0,0,0,0,0,0,0,0,0,0,0,0,0,0,0,0,0,0,0,0,0,0,0,0,0,0,0,0,0,0,0,0,0,0,0,0,0,0,0,0,0,0,0,0,0,0,0,0,0,0,0,0,0,0,0,0,0,0,0,0,0,0,0,0,0,0,0,0,0,0,0,0,0,0,0,0,0,0,0,0,0,0,0,0,0,0,0,0,0,0,0,0,0,0,0,0,0,0,0,0,0,0,0,0,0,0,0,0,0,0,0,0,0,0,0,0,0,0,-2.91323389713775,0,0,0,0,0,0,0,0,0,0,0,0,0,0,0,0,0,0,0,0,0,0,0,0,0,0,0,0,0,0,0,0,-2.81304184876162,0,0,0,0,0,0,0,0,0,0,-2.21802736308812,0,0,0,0,0,0,0,0,0,0,0,0,0,0,0,0,0,0,0,0,0,0,0,0,0,0,0
0,0,0,0,0,-2.93547423510632,0,0,0,-2.61518110388642,0,0,0,0,0,0,0,0,0,0,0,0,0,0,0,0,0,0,0,0,0,0,0,0,0,0,0,0,0,0,0,0,0,0,0,0,0,0,0,0,0,0,0,0,0,0,0,0,0,0,0,0,0,0,0,0,0,0,0,0,0,0,0,0,0,0,0,0,0,0,0,0,0,0,0,0,0,0,0,0,0,0,0,0,0,0,0,-2.69686840177493,0,-2.58159743846015,-2.98916494364262,0,0,0,0,0,0,0,0,0,0,0,0,0,0,0,0,0,0,0,0,0,0,0,0,0,0,0,0,0,0,0,0,0,0,0,0,0,-3.37703528460274,0,-2.7554076375001,0,0,0,0,0,0,0,0,0,0,0,0,0,0,0,0,0,0,0,0,0,0,0,0,0,0,0,0,0,0,0,0,0,0,0,0,0,0,0,0,0,0,0,0,0,0,0,0,0,0,0,0,-3.05443627002011,0,-3.66121241669632,0,0,0,0,0,0,0,0,0,0,0,-2.66425520129438,0,0,0,0,0,0,0,0,0,0,0,0,0,0,-3.87294100308943,-2.77465225477348,0,0,0,0,0,0,0,0
0,0,0,-3.63420576311536,-2.76062318013366,0,0,0,0,0,-2.9534250818783,0,0,0,0,0,0,0,0,-2.56629718424585,0,0,0,0,0,0,0,0,0,0,0,0,0,0,0,0,-2.95271957595999,0,0,0,0,0,0,0,0,0,0,0,0,0,0,0,0,0,0,0,0,0,0,0,0,0,0,0,0,0,0,0,0,0,0,0,0,0,0,0,0,0,0,0,0,0,0,0,0,0,0,0,0,0,0,0,0,0,0,0,0,0,0,0,0,0,0,0,-3.84879096401883,0,0,0,0,0,0,0,0,0,0,0,0,0,0,0,0,0,0,0,0,0,0,0,0,0,0,0,0,0,0,0,0,0,-2.85919661196591,0,0,0,0,0,0,0,0,0,0,0,0,-2.89388669781271,0,0,0,0,0,0,0,0,0,0,0,0,0,0,0,-3.10919572596776,0,0,0,0,0,-2.21242138622068,0,0,-3.0468445075032,0,0,-3.39766467301367,0,0,0,0,-4.52049834378722,0,0,0,0,0,0,0,0,-5.41490506452353,0,0,0,0,0,0,0,0,-3.24233953974971,0,-3.36818170994733,0,0,0,0,0,0,0,-2.20827546893036,0,-2.58701198090196,-2.71832784903367,0,0,0,0,0,0,0,0,-4.23276611180794,0,0,0,-4.07921752224954,0,-3.97248444122743,-4.10522871756566
0,0,0,0,0,0,0,0,0,0,0,0,0,0,0,0,0,0,0,0,0,0,0,0,0,0,0,0,0,0,0,0,0,0,0,0,0,0,0,0,0,0,0,0,0,0,0,0,0,0,0,0,0,0,0,0,0,0,0,0,0,0,0,0,0,0,0,0,0,0,0,0,0,0,0,0,0,0,0,0,0,0,0,0,0,0,0,0,0,0,0,0,0,0,0,0,0,0,0,0,0,0,0,0,0,0,0,0,0,0,0,0,0,0,0,0,0,0,0,0,0,0,0,0,0,0,0,0,0,0,0,0,0,0,0,0,0,0,0,0,0,0,0,0,0,0,0,0,0,0,0,0,0,0,0,0,0,0,0,0,0,0,0,0,0,0,0,0,0,0,0,0,0,0,0,0,0,0,0,0,0,0,0,0,0,0,0,0,0,0,0,0,0,0,0,0,0,0,0,0,0,0,0,0,0,0,0,0,-2.42622150452778,0,0,0,0,0,0,0,2.49860390602709,0,0,0,0,0,0,-4.41045515677954,-3.83983372509451,0,0,0,0,0,0,0
0,0,0,-2.68462577898754,0,0,0,0,0,0,0,0,0,0,0,0,0,0,0,0,0,0,0,0,0,0,0,0,0,0,0,-3.03705252360176,0,0,0,0,0,0,0,0,0,0,0,0,0,0,0,0,-2.8346145922212,0,0,0,0,0,0,0,0,0,0,0,0,-2.93683851446181,0,0,0,0,0,0,0,0,0,0,0,0,0,0,0,0,0,0,0,0,0,0,0,0,0,0,0,0,0,0,0,0,0,0,0,0,0,0,0,0,0,0,0,0,0,0,0,0,0,0,0,0,0,0,0,0,0,0,0,0,0,0,0,0,0,0,0,0,0,-3.82663334625419,0,0,0,0,0,0,0,0,0,0,-2.80648225135184,0,0,0,0,0,0,0,0,0,0,0,0,0,0,0,0,0,0,0,0,0,0,0,0,0,0,-3.05720020552275,0,0,-3.27989843481115,0,0,0,0,0,0,0,0,0,0,0,0,0,0,0,0,0,0,0,0,0,0,0,0,0,0,0,0,0,-3.16466879767806,0,0,0,0,0,0,0,0,0,0,-2.95077434454868,0,-2.71610748614853,0,0,0,0,0,-2.42082173199497,0,-3.47509525149581,0,0,0,0,0,0,0,-2.77218168428444
0,0,0,0,0,0,0,0,0,0,0,0,0,0,0,0,0,0,0,0,0,0,0,0,0,0,0,0,0,0,0,0,0,0,0,0,0,0,0,0,0,0,0,0,0,0,0,0,0,0,0,0,0,0,0,0,0,0,0,0,0,-3.62897126911756,0,0,0,0,0,0,0,0,0,0,0,0,0,0,0,0,0,0,0,0,0,0,0,0,0,0,0,0,0,-3.3703445740642,0,0,0,0,0,0,0,0,0,0,0,0,0,0,0,0,0,0,0,0,0,0,0,0,0,0,0,0,0,0,0,0,0,0,0,0,0,0,0,0,0,-2.79156414867254,0,0,0,0,-2.53712218439297,0,0,0,0,0,0,0,0,0,0,0,0,0,-3.1352642817628,-3.53118662189288,-3.91476256965587,-2.91323389713775,0,0,0,0,0,0,0,0,-2.805510350467,0,-4.55263862125157,-3.43191401993472,0,0,0,0,0,0,-2.98394645948545,-2.71127719019497,0,0,-3.22950200229628,0,0,0,0,0,0,0,0,0,0,0,0,0,-3.51462306358952,0,0,0,0,0,0,0,0,0,0,0,0,0,0,0,0,0,0,0,0,0,0,0,0,0,0,0,0,0,0,0,0,0,0,0,0,0,0,0
0,0,0,0,0,0,0,0,0,0,0,0,3.09177449496164,0,0,0,0,0,0,0,0,0,0,0,0,0,0,0,0,0,0,0,0,0,0,0,0,0,0,0,0,0,0,0,0,0,0,0,0,0,0,0,0,0,0,0,0,0,0,0,0,0,0,0,0,0,0,0,0,0,0,0,0,0,0,0,0,0,0,0,0,0,0,0,0,0,0,0,0,0,0,0,0,0,0,0,0,0,0,0,0,0,0,0,0,0,0,0,0,0,0,0,0,0,0,0,0,0,0,0,0,0,0,0,0,0,0,0,0,0,0,0,0,0,0,0,0,0,0,0,0,0,0,0,0,0,0,0,0,0,0,0,0,0,0,0,0,0,0,0,0,0,0,0,0,0,0,0,0,0,0,0,0,-4.77345860289242,0,0,0,0,0,0,-3.24329744825475,0,0,0,0,0,0,0,0,0,0,0,0,0,0,0,0,0,0,0,0,0,0,0,0,0,0,0,0,0,0,0,0,0,0,0,0,0,0,0,0,0,0,0,0,0,0,0,0,0,0,0
0,0,0,0,0,0,0,0,0,0,0,0,0,0,0,0,0,0,0,0,0,0,0,0,0,0,0,0,0,0,0,-6.03724115395414,0,0,0,0,0,0,0,0,0,-2.65547096275895,0,0,0,0,0,0,0,0,0,0,0,0,0,0,0,0,0,0,0,0,0,0,-3.34192975422915,0,0,0,0,0,0,0,0,0,0,0,0,0,0,0,0,0,0,0,0,0,0,0,0,0,0,0,0,0,0,0,0,0,0,0,0,0,0,0,-4.08363697260403,0,0,0,0,0,0,0,0,0,0,0,0,0,0,0,0,0,0,0,0,0,0,0,0,0,0,0,0,0,0,0,0,0,-2.80139837121336,0,0,0,-3.59865120169905,0,0,0,0,0,0,0,0,0,0,0,0,0,0,0,0,0,0,0,0,0,0,0,0,0,0,0,0,0,0,0,0,0,0,0,0,0,0,0,0,0,0,0,0,0,0,0,0,0,0,0,0,0,0,0,0,0,0,0,0,0,0,0,0,0,0,0,0,0,0,0,0,0,0,0,-3.07498003058415,0,0,0,0,0,0,0,0,0,0,0,0,0
0,0,0,0,0,0,0,0,0,0,0,0,0,0,0,0,0,0,0,0,0,0,0,0,0,0,0,0,0,0,0,0,0,0,0,0,0,0,0,0,0,0,0,0,0,0,0,0,0,0,0,0,0,0,0,0,0,0,0,0,0,-2.92801588034551,0,-2.8967585563818,0,0,0,0,0,0,0,0,0,0,0,0,0,0,0,0,0,0,0,0,0,0,0,0,0,0,0,0,0,0,0,0,0,0,0,0,0,0,0,0,0,0,0,0,0,0,0,0,0,0,0,0,0,0,0,0,0,0,0,0,0,0,0,0,0,0,0,0,0,0,0,0,0,0,0,0,0,0,0,0,0,0,0,0,0,0,0,0,0,0,0,0,0,0,0,0,0,0,0,0,-3.04377916510704,0,0,0,-2.39665585472296,0,0,0,0,0,0,0,0,0,-4.03226649739115,0,0,-3.09659336237808,0,0,0,0,0,0,0,0,0,0,0,0,0,0,0,0,0,0,0,0,0,0,0,0,0,0,0,0,0,0,0,0,0,0,0,0,0,0,0,0,0,0,0,0,0,0,0,0,0,0
0,-3.0651569831901,0,-3.44440530583966,-3.85425420117258,-4.23051559684283,-3.25367408346904,0,0,-3.54608372034869,0,-3.16353012129703,0,0,-3.61672698864808,0,0,0,0,0,0,-3.56532477769018,0,0,0,0,0,0,0,-3.12480303527511,-3.18093300698863,-2.97813743965333,0,-3.01822337316482,0,0,0,0,0,0,0,0,0,-2.7982018556163,0,0,0,0,0,0,-4.31823815537792,0,0,0,0,0,0,0,0,0,0,0,0,0,0,0,0,0,0,0,0,0,0,0,0,0,0,0,0,0,0,0,0,0,0,0,0,0,0,0,0,-2.6047671992297,0,0,0,0,-2.91552326104118,0,0,0,-3.28041850521063,-3.0881872057663,0,-2.71747088058429,-3.77175782921816,-3.63782224389875,-3.31261644398966,-4.91484571562688,0,-5.15359620682023,0,-3.89230807868549,0,0,0,-4.06863421260707,0,0,0,0,0,0,0,0,0,0,0,0,0,0,0,0,-2.54787245806902,0,0,-3.21328405163853,0,0,-4.24119864097506,0,-3.93911982450123,0,0,0,0,0,0,-2.75591960761918,-3.10948316259809,0,0,0,0,-2.72526613534508,0,0,0,0,0,0,-2.805510350467,0,0,-3.04377916510704,0,0,0,0,0,-4.40134358034685,0,0,0,0,0,0,0,0,0,0,-3.30786435089398,0,0,0,0,0,0,0,0,0,0,0,-4.73933504338059,-2.65088245170056,0,-3.86993590107545,0,0,0,0,0,0,-3.28189089483026,0,-4.74275523384816,-3.42527103147275,0,-2.34924998856566,0,0,0,0,0,0,0,0,0,0,0,0,0,0,0,-2.51387382395951,0,0,0,0,0,0,0,0
0,0,0,0,0,0,0,0,0,0,0,0,0,0,0,0,-2.59882149710013,0,0,0,0,0,0,0,0,0,0,0,0,0,0,0,0,0,0,-2.6366565786203,0,0,0,0,0,0,-2.75034279993759,0,0,0,0,0,0,0,0,0,0,0,0,0,0,0,0,0,0,0,0,0,0,0,0,0,0,0,0,0,0,0,0,0,0,0,0,0,0,0,0,0,0,0,0,0,0,0,0,0,0,0,0,-3.03164343937692,0,0,0,0,0,0,0,0,0,0,0,-3.33802963837731,0,0,0,0,0,0,0,0,0,0,0,0,0,0,0,0,0,0,0,0,0,0,0,0,0,0,0,0,0,0,-2.63607473498045,0,0,0,0,0,0,0,0,0,0,0,0,0,0,0,0,0,0,0,0,0,0,0,0,0,0,0,0,0,0,0,0,0,0,0,0,0,0,0,0,0,0,0,0,0,0,0,0,0,0,0,0,0,0,-4.35582732492009,0,0,0,0,0,0,0,0,0,0,0,-2.77530615853787,0,0,0,0,0,0,0,0,0,0,0,0,0,0,0,0,0,0,0,0,0,0,0,0,0,0
0,0,0,-3.56532088892111,0,0,0,0,0,0,0,-2.70444334313889,0,0,0,0,0,0,0,0,0,0,0,0,0,-3.10056569085416,0,0,-3.15391811146234,0,0,-3.21232534844468,0,0,0,0,0,0,0,0,0,0,-3.07088873204009,-3.111132388072,0,0,-4.3351535425307,0,0,0,0,0,0,0,0,0,-3.14086346206766,0,-2.90108393412936,0,0,0,0,0,0,0,-3.07389662757116,0,0,0,0,0,0,0,0,0,0,0,0,0,0,0,0,0,0,0,0,0,0,0,0,0,0,0,0,0,0,0,0,0,0,0,0,0,0,0,0,0,0,-4.5189789803515,0,0,0,0,0,0,0,0,0,0,0,0,0,0,0,0,0,0,0,0,0,0,0,0,0,0,0,0,0,0,0,0,0,0,0,-2.6907020417355,0,-2.54015253645711,0,0,0,0,0,0,0,0,0,0,0,0,-4.55263862125157,0,0,0,0,0,0,0,0,0,0,0,0,0,0,0,0,0,0,0,0,-2.65008467419258,0,0,-2.19710789275247,0,0,0,0,0,0,0,-2.86135297786581,-4.39884811780377,0,0,-2.93185935246625,0,0,0,0,0,0,0,0,0,0,-3.04016579914878,0,0,0,0,0,-2.5984704533893,0,0,0,0,0,0,0,0,0,0,-4.28647147732254,0,0,0,0,0,0,0
0,0,0,0,-3.40778975323876,0,0,0,0,-2.79285109196134,0,0,0,0,-3.64188607944779,0,0,0,0,0,-4.01367730153316,0,0,0,0,0,0,0,0,0,0,-4.30088568172547,-4.24890370905581,0,0,0,0,0,0,0,-3.3507990291068,0,0,0,0,0,0,0,0,0,0,0,0,0,0,0,-3.10401594920604,0,0,0,0,0,0,0,0,0,0,0,0,0,0,0,0,0,0,0,0,0,0,0,0,0,0,0,0,0,0,0,0,0,0,0,0,0,0,-3.45724410114815,0,0,0,0,0,0,0,0,0,0,-3.09670428104266,0,0,0,0,0,0,0,0,0,0,0,0,0,0,0,0,0,0,0,0,0,0,0,0,-3.41077661579548,0,0,0,0,0,0,0,0,0,0,0,-3.62184940860997,-3.44981188194678,0,0,0,0,0,0,0,0,0,0,0,0,-3.10919572596776,0,0,-3.43191401993472,0,0,0,0,0,0,0,0,0,0,0,0,0,0,0,-2.45231489864279,0,0,0,0,0,0,0,0,0,0,0,0,0,0,0,-4.16594402346918,-3.42204845428766,0,0,0,0,0,0,0,0,0,0,0,0,0,0,0,0,0,0,0,0,0,0,0,0,0,0,0,0,0,0,0,0,0,0,0,0,0,0
-3.84422915647638,0,0,0,-5.26066974193003,-3.23702760279008,0,-3.30950288188978,0,-2.63948476161549,0,0,0,0,0,0,0,0,0,0,-3.65195550447598,-3.04459544190368,0,-2.46468114968593,0,0,0,0,0,0,0,-3.69873143932024,-4.86568472746419,0,0,0,0,0,0,0,-3.46399467683697,-2.64461895875999,0,-2.44901624808047,0,0,0,0,-2.92600797400682,0,0,0,0,0,-3.12239272340475,0,-2.65214438587938,0,0,0,0,0,0,-3.00082409295501,0,0,0,0,0,0,0,0,0,0,0,0,0,0,0,0,0,0,0,0,0,0,0,0,0,0,0,0,0,0,0,0,0,0,0,0,0,0,0,0,-4.59586628409273,-3.68816087834225,0,0,-2.90483906176017,0,0,0,0,0,0,0,0,0,0,0,0,0,0,0,0,0,0,0,-2.53421436222505,0,0,-2.98289817943208,0,0,0,0,0,0,0,0,-3.17169844948021,0,0,0,-3.1757228016777,-2.83358879344948,-2.69684610300814,-2.68635373309039,0,-3.30620266876668,0,0,0,0,-2.44008677364845,0,0,0,0,0,0,0,0,0,0,0,0,0,0,0,0,0,0,0,0,0,0,0,0,0,0,0,0,0,0,0,0,0,0,0,0,0,-3.02716434933098,0,0,0,0,0,0,0,-2.14197789063957,0,-2.45979794640442,0,-2.65141571361598,0,0,0,0,0,0,0,0,-2.55087473558349,0,0,0,0,-3.34471039581643,-2.21038585729512,0,0,0,0,0,0,0,0,0,-3.57490833808285,0,0
0,0,0,0,0,0,0,0,0,0,-3.39087672278527,0,0,0,0,0,0,0,0,0,0,0,0,0,0,-3.32252211828257,0,0,0,0,0,0,0,0,0,0,0,0,0,0,0,0,0,0,0,0,0,0,0,-2.57012302716548,0,0,0,0,0,0,0,-2.81279709344021,0,0,0,0,0,0,0,0,-2.57993624767231,-4.19197008338365,-2.79023932916689,0,-4.5409683785857,0,0,-2.63410347956026,-2.75210105515988,0,0,-3.38993510885151,-2.51691742639029,0,0,-2.46142475543534,-3.75158736515947,-3.41163330455411,0,0,-3.55827376130472,-2.61540522695201,0,0,0,-3.7150769050077,0,0,0,0,0,0,0,0,0,0,0,0,0,0,0,0,0,0,0,0,0,0,0,0,0,0,0,0,0,0,0,0,0,0,0,0,0,0,0,0,0,-3.46482496603816,0,0,0,0,0,0,0,0,0,0,0,0,0,0,0,0,0,0,0,0,0,0,0,0,0,-3.05720020552275,0,0,0,0,-4.40134358034685,0,0,0,0,0,0,0,-3.56984467492092,0,0,0,-2.86863869638786,0,-2.43083099647814,-2.72290077390175,-2.59169889839904,0,0,-3.27063135039689,-3.09657341933408,-2.65747022646133,0,-2.99776560379009,-3.5965658486439,0,0,0,-4.05811548709541,-4.00045992676058,-2.96552831470099,0,0,0,0,0,-3.3952497074012,0,-3.19254899758185,0,0,0,0,0,0,0,0,0,0,0,0,-3.01075183648899,-2.37279764582713,0,0,0,0,-3.18974083924653,0,-3.71656066862464,0,-2.72753563834599,0,0,0,0,-2.57425327613562,0
0,0,0,0,0,0,0,0,0,0,0,0,0,0,0,0,0,0,0,0,0,0,0,0,0,0,0,0,0,0,0,0,0,0,0,0,0,0,0,0,0,0,0,0,0,0,0,0,0,0,0,0,0,0,0,0,0,0,0,0,0,0,0,0,0,0,0,0,0,0,0,0,0,0,0,0,0,0,0,0,0,0,0,0,0,0,0,0,0,0,0,0,0,0,0,0,0,0,0,0,0,0,0,0,0,0,0,0,0,0,0,0,0,0,0,0,0,0,0,0,0,0,0,0,0,0,0,0,0,0,0,0,0,0,0,0,0,0,-3.02864401328582,0,0,0,0,0,0,0,0,0,0,0,0,0,0,0,0,0,0,0,0,0,0,0,0,0,0,0,0,0,0,0,0,0,0,0,0,0,0,0,0,0,0,0,0,0,0,0,0,0,0,0,0,0,0,0,0,0,0,0,0,0,0,0,-2.95369663450003,0,0,0,0,0,0,0,0,0,0,0,0,0,0,0,0,0,0,0,0,0,0,0,0,0,0,0,0,0
0,0,0,0,0,0,0,0,0,0,0,0,0,0,0,0,0,0,0,0,0,0,0,0,0,0,0,0,0,0,0,0,0,0,0,0,0,0,0,0,0,0,0,-3.00671888002296,0,0,0,0,0,0,0,0,0,0,0,0,0,0,0,0,0,0,0,0,0,0,0,0,0,0,0,0,0,0,0,0,0,0,0,0,0,0,0,0,0,0,0,0,0,0,0,0,0,0,0,0,0,0,0,0,0,0,0,0,0,0,0,0,0,0,0,0,0,0,0,0,0,0,0,0,0,0,0,0,0,0,0,0,0,0,0,0,0,0,0,0,0,0,0,0,0,0,0,0,0,0,0,0,0,0,0,0,0,0,0,0,0,0,0,0,0,0,0,0,0,0,0,0,0,0,0,0,0,-2.84955191911956,0,0,0,0,0,0,0,0,0,0,0,0,0,0,0,0,0,0,-3.04171126688711,0,0,-3.54446888880164,0,0,0,0,0,0,0,0,0,0,0,0,0,0,0,0,0,0,0,0,0,0,0,0,0,0,0,0,0,0,0,0,0,0,0,0
0,0,-3.1124824512104,0,0,0,0,0,-3.74070656215723,-3.10713858460276,0,0,0,0,0,0,0,0,0,0,0,0,0,0,0,0,0,0,0,0,0,0,0,0,0,0,0,0,0,0,0,0,0,-3.25352226588705,0,0,0,0,0,0,0,-3.66069184788985,0,0,0,0,0,0,0,0,0,0,0,0,0,0,0,0,0,0,0,0,0,0,0,0,0,0,0,0,0,0,0,0,0,0,0,0,0,0,0,0,0,0,0,0,0,0,0,0,0,0,-3.46258790584282,0,0,0,0,-2.81370062261326,-3.32484492287469,0,0,0,0,0,0,0,0,0,0,0,0,0,0,0,0,0,0,0,0,0,0,-2.69072371590223,0,0,0,0,0,0,-3.65523786285922,0,0,0,-2.75235374479555,0,0,0,0,0,-2.62387500158914,0,0,0,0,0,0,0,0,0,0,-3.27989843481115,0,0,0,0,0,0,0,0,0,-3.56984467492092,0,0,0,0,0,0,0,0,0,0,-4.29226698144173,-2.19213842256355,0,0,0,0,0,0,0,0,0,0,0,-2.78730662477006,-4.05639934834078,0,0,0,0,0,0,0,0,0,-2.9002142601286,0,0,0,0,0,0,0,0,0,0,0,0,0,0,0,-2.66204306341617,0,0,-2.64712955579534,-2.72988215192063,0,0,0,0,0,0,0
0,0,0,0,0,0,0,0,0,0,0,0,0,0,-3.15689361145859,0,0,0,0,0,0,0,-2.44299181744504,0,0,0,0,0,0,0,0,-3.10541400782842,0,0,0,0,0,0,0,0,0,0,0,0,0,0,0,0,0,0,0,0,0,0,0,0,0,0,0,-3.72739383006461,0,0,0,0,0,0,0,0,0,0,0,0,0,0,0,0,0,0,0,0,0,0,0,0,0,0,0,0,0,0,0,0,0,0,0,0,0,0,-2.57583006121872,0,0,0,0,0,-2.84264424053495,0,0,0,0,0,0,0,0,0,0,0,0,0,0,0,0,0,0,0,0,0,0,0,0,0,0,-3.5070435323276,0,0,0,0,0,0,-3.21895743503084,0,0,0,0,0,0,0,0,-2.73326868715472,0,0,0,0,0,0,0,0,0,0,0,0,0,-4.77345860289242,0,0,0,0,0,0,0,0,0,-2.84955191911956,0,0,0,0,0,0,0,-3.03000392402601,0,-3.4691622314172,0,-3.60197192175685,-3.91456733659332,0,0,0,0,-3.71604212660165,0,0,0,-5.04945652429678,0,0,-3.19698766112094,0,0,0,0,-3.10947780573765,0,0,-3.34598036514519,-2.86021126961377,0,-3.57524452618537,0,0,0,0,0,0,0,0,0,0,0,0,0,0,0,0,0,0,0,0,0,0,0,0
0,0,0,0,0,0,0,0,0,0,0,0,0,0,0,0,0,0,0,0,0,0,0,0,0,0,0,0,0,0,0,-2.89187243787051,0,0,0,0,0,0,0,0,0,0,0,0,0,0,0,0,0,0,0,0,0,0,0,0,0,0,0,0,0,0,0,0,0,0,0,0,0,0,0,0,0,0,0,0,0,0,0,0,0,0,0,0,-2.8064047704539,0,0,0,0,0,0,0,0,0,0,0,0,0,0,0,0,0,0,0,0,0,0,0,0,0,0,0,0,0,0,0,0,0,0,0,0,0,0,0,0,0,0,0,0,0,0,0,0,0,0,0,0,0,0,0,0,0,0,0,0,0,0,0,0,0,0,0,0,0,0,0,0,0,0,0,-2.98394645948545,0,0,0,0,0,0,0,0,0,0,0,0,0,0,0,0,0,0,0,0,0,0,0,0,0,0,0,0,0,0,0,0,-2.33680072741681,0,0,0,0,0,0,0,0,0,0,0,-3.14064399079354,0,0,0,0,0,0,0,0,0,0,0,0,0,0,0,0,0,0,0,0,0,0,0,0,0,0
0,0,0,0,0,0,0,0,0,0,0,0,0,0,0,0,0,0,0,0,0,0,0,0,0,0,0,0,0,0,0,-3.32381728041971,0,0,0,0,0,0,0,0,0,0,0,0,0,0,-3.25127155476711,0,0,0,0,0,0,0,0,0,0,0,-2.91902505259023,-3.99992494220446,0,0,0,-3.53688703992924,0,0,0,0,0,0,0,0,0,0,0,0,0,0,0,0,0,0,0,0,-2.84279876233056,0,0,0,0,0,0,0,0,0,0,0,0,0,0,0,0,0,0,-2.60124614838989,0,0,-2.55598390626729,0,0,0,0,0,0,0,0,0,0,0,0,0,0,0,0,0,0,0,0,0,0,0,0,-2.52754422324049,0,0,0,0,0,0,0,0,0,0,-3.61844595571767,0,0,0,0,0,0,0,0,0,0,0,0,0,0,0,0,0,-2.71127719019497,0,0,0,0,0,0,0,0,0,0,0,0,0,0,0,0,0,0,0,0,0,0,0,0,0,0,0,0,0,0,0,0,0,0,0,0,0,0,0,0,0,0,0,0,0,0,0,0,0,0,0,0,0,0,0,0,0,0,0,0,0,0,0,-2.62314894433774,0,0,0,0,0,0,0
0,0,0,0,0,0,0,0,0,0,0,0,0,0,0,0,0,0,0,0,0,-3.06830505841731,0,0,0,0,0,0,0,0,0,0,0,0,0,0,0,0,0,0,0,0,0,0,0,0,0,0,0,0,0,0,0,0,0,0,0,0,0,0,0,0,0,0,0,0,0,0,0,0,0,0,0,0,0,0,0,0,0,0,0,0,0,0,0,0,0,0,0,0,0,-3.61567886863201,0,0,0,0,0,0,0,0,0,0,-2.94687764145703,0,0,0,0,0,0,0,0,0,0,0,0,0,0,0,0,0,0,-2.88770780733603,0,0,0,-2.89821950660546,0,0,0,0,0,-2.89138976952999,0,-2.92696011509836,0,0,0,0,-3.86011871533858,0,0,0,-3.64447754426547,0,0,-2.80736344098963,-2.87911315025398,0,0,0,0,0,0,0,-2.83859082714636,0,0,-3.0468445075032,0,0,0,0,0,0,0,0,0,-2.45231489864279,0,-2.86863869638786,0,0,0,0,0,0,0,0,-5.76557864110058,0,0,-3.69330976895984,0,0,-3.0660672217285,0,0,0,0,0,0,0,-2.92588361517138,0,0,0,0,0,0,0,0,0,0,0,0,0,-2.83034459504001,-3.06889144135006,0,0,0,0,0,-3.12495622152194,0,0,0,0,0,0,0,-4.3469871461666,0,-2.63919289335408,0,0,0,0,0,0,-2.51955728218698,0
0,0,0,0,0,0,0,0,0,0,0,0,0,0,0,0,0,0,0,0,0,0,0,0,0,0,0,0,0,0,0,-2.43627179105366,0,0,0,0,0,0,0,0,0,0,0,0,0,0,0,0,0,0,0,0,0,0,0,0,0,0,0,0,0,0,0,0,0,0,0,0,0,0,0,0,0,0,0,0,0,0,0,0,0,0,0,0,0,0,0,0,0,0,0,0,0,0,0,0,0,0,0,0,0,0,0,0,0,0,0,0,0,0,0,0,0,0,0,0,0,0,0,0,0,0,0,0,0,0,0,0,0,0,0,0,0,0,0,0,0,0,0,0,0,0,0,0,0,0,0,0,0,0,0,0,0,0,0,0,0,0,0,0,0,0,0,0,0,0,0,0,0,0,0,0,0,0,0,0,0,0,0,0,0,0,0,0,0,0,0,0,0,0,0,0,0,0,0,0,0,0,0,0,0,0,0,0,0,0,0,0,0,0,0,0,0,0,0,0,0,0,0,0,0,0,0,0,0,0,0,0,0,0,0,0
0,0,0,-3.54875296702105,-3.49606463780869,0,0,0,0,0,0,0,0,0,0,0,0,0,0,0,0,0,0,0,0,0,0,0,0,0,0,0,0,0,-3.49459292972434,0,0,0,0,0,0,-4.56889253634547,-2.75142982524307,0,-2.81317174660777,0,0,0,0,0,0,0,0,0,0,0,0,0,-3.44502570676318,0,0,0,0,0,0,0,0,0,0,0,0,0,0,0,0,0,0,0,0,0,0,0,0,0,-2.85362538522371,0,0,0,0,0,0,0,-3.50340980703873,0,0,0,0,0,0,0,0,0,0,-3.31427328579047,-4.28545292709224,0,0,0,0,0,0,0,0,0,0,-3.7202443928283,0,0,0,0,0,0,0,0,0,-4.42544164531825,-3.25466215336478,0,0,-3.41126401851796,0,0,0,0,0,0,0,0,0,0,0,0,0,0,0,0,0,0,0,0,0,0,0,0,0,0,0,0,0,0,-3.22950200229628,0,0,-4.03226649739115,0,0,0,0,0,0,0,0,0,0,0,0,-5.76557864110058,0,0,0,0,0,0,0,0,0,0,0,0,0,0,0,0,-3.25896311927923,0,0,0,0,0,0,0,-3.39518803076329,0,0,0,-2.89308532792167,-2.77460645846758,0,0,0,0,0,0,-2.95177043435258,0,0,0,0,-2.81842668848241,0,0,0,0,0,-3.2431481932487,0,0,0,0,0,0,0
0,0,0,0,0,0,0,0,0,0,0,0,0,0,0,0,0,0,0,0,0,0,0,0,0,0,0,0,0,0,0,-3.12636265420971,0,0,0,0,0,0,0,0,0,0,0,0,0,0,0,0,0,0,-3.60666183363875,0,0,0,0,-3.04294913822286,0,0,0,0,0,0,0,0,0,0,0,0,0,0,0,0,0,0,0,0,0,0,0,0,0,0,-3.15182096252976,0,-5.14157111200506,0,0,0,0,0,0,0,0,0,0,0,0,0,0,0,0,0,-2.61656724848257,0,0,0,0,0,0,0,0,0,0,0,0,0,0,0,0,0,0,-4.00331824481583,0,0,0,0,0,0,0,0,0,-2.74924760966686,0,0,0,0,0,0,0,0,0,0,-2.7312508175411,0,0,0,0,0,0,0,0,0,0,0,0,0,0,-3.39766467301367,0,0,0,0,0,0,0,0,0,0,0,-2.72290077390175,0,0,0,-3.03000392402601,0,0,0,0,0,0,0,0,0,0,0,0,0,0,0,0,0,0,-4.59251925542037,0,0,0,0,0,0,0,-2.51917027795423,0,-3.54132169928087,0,-3.27351317636805,0,0,0,-2.98414489622071,0,0,0,0,0,0,0,0,0,0,0,0,0,0,-3.61096203147594,-4.65898884991307,0,0,0,0,0,0,0
0,0,0,0,0,0,0,0,0,0,0,0,0,0,0,0,0,0,0,0,0,0,0,0,0,0,0,0,0,0,0,0,0,0,0,0,0,0,0,0,0,0,0,0,0,0,0,0,0,0,0,-3.21738532097119,0,0,0,0,0,0,0,0,0,0,0,0,0,0,0,0,0,0,0,0,0,0,0,0,0,0,0,0,0,0,0,0,0,0,0,0,0,0,0,0,0,0,0,-2.96187907112883,0,0,0,0,0,0,0,0,0,0,0,0,0,0,0,0,0,0,0,0,0,0,0,0,0,0,0,0,0,0,0,0,0,0,0,0,0,0,0,0,0,0,0,0,0,0,0,0,0,0,0,0,0,0,-2.80239206401494,-3.77495583902753,-2.79027892190931,0,0,0,0,0,0,0,0,-3.24329744825475,0,0,-3.30786435089398,0,0,0,0,-2.59169889839904,0,0,-4.29226698144173,0,0,0,0,0,0,0,0,0,0,0,0,0,0,0,0,0,0,0,0,-3.34178653552843,0,0,0,0,0,0,0,0,0,0,0,0,0,0,0,0,0,0,0,0,0,0,0,0,0,0,0,0,0,0,0,0,0,0,0,0,0,0
0,0,0,-3.09885857486665,0,0,0,0,0,0,0,0,0,0,0,0,-2.769078539181,0,0,0,0,0,0,0,0,0,0,0,-3.54694218363832,0,0,-2.70895016417295,0,0,-2.64001994580176,0,0,0,0,0,0,0,0,-3.57663669033024,0,0,-5.18888613770867,0,0,0,0,0,0,0,0,0,-3.34957627262216,0,0,0,0,0,0,-2.82059660582623,-2.9397935265631,0,0,0,0,0,0,0,0,0,0,0,0,0,0,0,0,0,0,0,-3.72829478291097,0,0,0,0,0,0,-3.79924104951694,0,0,0,0,0,0,-2.84391064755554,0,0,0,0,0,-3.16728273930488,0,0,0,0,0,0,0,0,0,0,0,0,0,0,0,0,-2.81181035765177,0,0,0,0,0,0,0,0,0,0,0,0,0,0,0,0,0,0,0,0,0,0,0,0,0,-2.65595814195676,-3.0878938907774,0,-2.98429105224722,0,0,0,0,0,0,0,0,0,0,0,0,-3.09659336237808,0,0,-2.65008467419258,0,0,0,0,0,0,-3.4691622314172,0,0,-3.69330976895984,0,0,0,0,0,0,0,0,0,0,0,0,0,0,0,-4.52472680316991,0,0,0,-3.200641211031,0,0,0,0,0,-5.21065686571227,0,0,0,0,0,0,0,0,0,-2.90531250777527,-4.03388848907188,0,0,0,0,-3.82043139244775,0,0,0,0,0,0,0,0,0,-3.51808204389563,-3.55763892081013,0,0
0,0,0,0,0,0,0,0,0,0,0,0,0,0,0,0,0,0,0,0,0,0,0,0,0,0,0,0,0,0,0,0,-3.58345713494266,0,0,0,0,0,0,0,0,0,0,0,0,0,0,0,0,0,0,0,0,0,0,0,0,0,0,0,0,0,0,0,0,0,0,0,0,0,0,0,0,0,0,0,0,0,0,0,0,0,0,0,0,0,0,0,0,0,0,0,0,0,0,0,0,0,0,0,0,0,0,0,0,0,0,0,0,0,0,0,0,0,0,-3.29781037289223,0,0,0,0,0,0,0,0,0,0,0,0,0,0,0,0,0,0,0,0,0,0,0,0,0,0,0,0,0,0,0,0,0,0,0,0,0,0,0,0,0,0,0,0,0,0,0,0,0,0,0,0,0,0,0,0,0,0,0,0,0,0,0,0,0,0,0,0,0,0,0,0,0,0,0,0,0,-4.06706875971632,0,0,0,0,0,0,0,0,0,0,0,0,0,-3.21105398905459,0,0,0,0,0,0,0,0,0,0,0,0,0,0,0,-3.12284206147486,0,0,0,0,0,0,0,0
0,-3.06226779127586,0,0,0,0,0,0,0,0,0,0,0,0,0,0,0,0,0,0,0,0,0,0,0,0,0,0,0,0,0,0,0,0,0,0,0,0,0,0,0,0,0,0,0,0,0,0,0,0,0,0,0,0,0,0,0,0,0,0,0,0,0,0,0,0,0,0,0,0,0,0,0,0,0,0,0,0,0,0,0,0,0,0,0,0,0,0,0,0,0,0,0,0,0,0,0,0,0,0,0,0,0,0,-3.4855104139246,0,0,0,0,0,0,0,0,0,0,0,0,0,0,0,0,0,0,0,0,0,0,0,0,0,0,0,0,0,0,0,0,0,0,0,0,0,0,0,0,0,0,0,0,0,0,0,0,0,0,0,0,0,0,0,0,0,0,0,0,0,0,0,0,-3.27063135039689,0,0,0,-3.60197192175685,0,0,0,0,0,0,0,0,0,0,0,0,0,0,0,0,0,0,0,0,0,0,0,0,0,0,-2.36334044521589,0,0,0,0,0,0,0,0,0,0,0,0,0,0,0,0,0,0,0,0,0,0,-2.48742412461172,0,0,0,0,0,0,0,0
0,0,0,0,0,0,0,0,0,0,0,0,0,0,0,0,0,0,0,0,0,0,0,0,0,0,0,0,0,0,0,0,0,0,0,0,0,0,0,0,0,0,0,0,0,0,0,0,0,0,-3.24309781536728,0,0,0,0,0,0,0,0,-4.05661667818005,0,0,0,0,0,0,0,0,0,0,0,0,0,0,0,0,0,0,0,0,0,0,0,0,0,0,0,0,0,0,0,0,0,0,0,0,0,0,0,0,0,0,0,0,-2.99464761109435,0,0,0,0,0,0,0,0,0,0,0,0,0,0,0,0,0,0,0,0,0,0,0,0,0,0,0,0,0,0,0,0,0,0,0,0,0,0,0,0,0,0,0,0,0,0,0,-3.20512143372456,0,0,0,0,-4.52049834378722,0,0,0,0,0,0,0,0,0,0,0,-3.09657341933408,0,0,0,-3.91456733659332,0,0,-3.0660672217285,0,0,0,0,0,0,0,0,0,0,0,0,0,0,0,0,0,0,0,0,0,0,0,0,0,0,0,0,0,0,0,0,0,0,3.0898846719297,0,0,0,0,0,0,0,0,0,0,0,0,-3.93501875479967,0,0,0,0,0,0,0
0,0,0,0,0,0,0,0,-2.43634319926262,0,0,0,0,0,0,0,0,0,0,0,0,0,0,0,0,0,0,0,0,0,0,0,0,0,0,0,0,0,0,0,0,0,0,0,0,0,0,0,0,0,0,0,0,0,0,0,0,0,0,0,0,0,0,0,0,0,0,0,0,0,0,0,0,0,0,0,0,0,0,0,0,0,0,0,0,0,0,0,0,0,0,0,0,-2.7520201005955,0,0,0,0,0,0,-2.93967113921734,0,0,0,-4.25482978175785,0,0,-3.69518186459085,0,0,0,0,0,0,0,-3.23319962566271,0,-3.2302537157186,0,0,0,-2.98679867412245,0,0,0,0,0,0,0,0,0,0,-3.48146217761561,0,0,0,0,0,-3.2813135822434,0,0,0,0,0,0,0,0,0,0,0,0,0,0,0,0,0,0,0,0,0,0,0,0,0,0,0,0,0,0,-2.65747022646133,0,0,0,0,0,0,0,0,0,0,0,0,0,0,0,0,0,0,0,0,0,0,0,0,-2.93067731879512,0,0,0,0,0,0,0,0,0,0,0,0,0,0,0,0,0,0,0,0,0,0,0,0,0,0,0,0,-3.39959410959652,0,0,0,0,0,0,0,-2.50998772880152
0,0,0,-2.6625138611402,0,0,0,0,0,0,0,0,0,0,0,0,0,0,0,0,0,0,0,0,0,0,0,0,0,0,0,0,0,0,0,0,0,0,0,0,0,0,0,0,0,0,0,0,0,0,0,0,0,0,0,0,0,0,0,0,0,0,0,0,0,0,0,0,0,0,0,0,0,0,0,0,0,0,0,0,0,0,0,0,0,0,0,0,0,0,0,0,0,0,0,0,0,0,0,0,0,0,0,0,0,0,0,0,0,0,0,0,0,0,0,0,0,0,0,0,0,0,0,0,0,0,0,0,0,0,0,0,0,0,0,0,0,0,0,0,0,0,0,0,0,0,0,0,0,0,0,0,0,0,0,0,0,0,0,0,0,0,0,0,0,0,0,0,0,0,0,0,0,0,0,0,0,0,0,0,0,0,0,0,0,0,0,0,0,0,0,0,0,0,0,0,0,0,0,0,0,0,0,0,0,0,0,0,0,0,0,0,-2.28649855165555,0,0,0,0,0,0,0,0,0,0,0,0,0,0,0,0,0,0,0
0,0,0,0,0,0,0,0,0,0,0,0,0,0,0,0,0,0,0,0,0,0,0,0,0,0,0,0,0,0,0,0,0,0,0,0,0,0,0,0,0,0,0,0,0,0,0,0,0,0,0,0,0,0,0,0,0,0,0,0,0,-2.83713450357161,0,0,0,0,0,0,0,0,0,0,0,0,0,0,0,0,0,0,0,0,0,0,0,0,0,0,0,0,0,0,0,0,0,0,0,0,0,0,0,0,0,0,0,0,0,0,0,0,0,0,0,0,0,0,0,0,0,0,0,0,0,0,0,0,0,0,0,0,0,0,0,0,0,0,0,0,0,0,0,0,0,0,0,0,0,0,0,0,0,0,-2.66839640220289,0,0,0,0,0,0,0,0,0,0,0,0,0,0,0,0,-2.99776560379009,0,0,0,0,0,0,0,0,0,0,0,0,0,0,0,0,0,0,0,0,0,0,-2.58421083276555,0,0,0,0,0,0,0,0,0,0,0,0,0,0,0,0,0,0,0,0,0,0,0,0,0,0,0,0,0,0,0,-3.02907127840066,0,0,0,0,0,0,0
0,0,-3.04503251562755,0,0,0,0,0,0,0,0,0,0,0,0,0,0,0,0,0,0,0,0,0,0,0,0,0,0,0,0,-2.91611156897966,0,0,0,0,0,0,0,0,0,0,0,0,0,0,0,0,0,0,0,-4.563797044935,0,0,0,0,0,0,-2.44526417487469,-4.66689946188447,0,0,0,0,0,0,0,0,0,0,0,0,0,0,0,0,0,0,0,0,0,0,0,0,0,0,0,0,0,0,0,0,0,0,0,0,0,0,0,0,0,0,-3.99069078963666,0,0,0,0,0,0,0,0,0,0,0,0,0,0,0,0,0,0,0,0,0,0,0,0,0,0,0,0,0,0,0,0,0,0,0,0,0,0,0,-2.44728672741953,0,0,0,0,0,0,0,0,0,-3.76929177051702,0,0,0,0,0,0,0,0,0,0,0,0,0,0,0,0,-3.5965658486439,0,0,0,0,0,0,0,0,0,0,0,0,0,0,0,0,0,0,0,0,0,0,0,0,0,0,0,0,0,0,0,0,0,0,0,0,0,0,-2.96889521533593,0,0,0,0,-2.52994951211458,0,0,0,0,0,0,0,0,0,-3.35111091671603,-3.89945361988838,0,0,0,0,0,0,-3.92349387626038
0,0,0,0,0,0,0,0,0,0,0,0,0,0,0,0,0,0,0,0,0,0,0,0,0,0,0,0,0,0,0,0,0,0,0,0,0,0,0,0,0,0,0,0,0,0,0,0,0,0,0,0,0,0,0,0,0,0,0,0,0,0,0,0,0,0,0,0,0,0,0,0,0,0,0,0,0,0,0,0,0,0,0,0,0,0,0,0,0,0,0,0,0,0,0,0,0,-2.94656474149585,0,0,0,0,-2.74728874989111,0,0,0,0,0,0,0,0,0,0,0,0,-2.85793763688024,0,0,0,0,0,0,0,0,0,0,0,0,0,0,0,0,0,0,0,0,0,0,0,0,0,0,0,0,0,0,0,0,0,0,0,0,0,0,0,0,0,0,0,0,0,0,0,0,0,0,0,0,0,0,0,0,0,-3.71604212660165,0,0,0,0,0,0,0,0,0,0,0,0,0,0,0,0,0,0,0,0,0,0,0,0,0,0,-2.88288858276855,0,-4.2761979866195,0,0,0,0,0,0,0,0,0,0,-3.29502316329596,0,0,0,0,-3.56228278067478,0,0,0,0,-2.98802572779608,-3.05245572727177,0,0,0,0,0,0,0
0,0,0,0,0,0,0,0,0,0,0,0,0,0,0,0,0,0,0,0,0,0,0,0,0,0,0,-2.56807183121219,0,0,0,0,0,0,-3.36077656662499,0,0,0,0,0,0,0,0,0,0,0,-3.10048161267919,0,0,0,0,0,0,0,0,0,0,0,0,0,0,0,0,-4.51855819306357,0,0,0,-2.99130711697267,0,0,0,0,0,0,0,0,0,0,0,0,0,0,0,0,0,0,0,0,0,0,0,0,0,0,0,0,0,0,0,0,0,0,0,0,0,0,0,0,0,0,0,0,0,0,0,0,0,0,0,0,0,0,0,0,0,0,0,0,0,0,0,0,0,0,0,0,-2.89893933587885,0,0,0,-3.05429183628923,0,0,0,0,0,0,0,0,-2.46503617101888,0,0,0,0,0,0,0,0,0,0,0,0,0,0,0,0,0,0,0,0,0,0,0,0,0,0,0,0,0,0,0,0,0,0,0,0,0,0,0,0,0,0,0,0,0,0,0,0,0,0,0,0,0,0,0,-2.13251762223504,0,0,0,0,0,0,0,0,0,0,0,0,0,0,0,-2.2731826673594,0,0,0,0,0,0,0,0,0,0
0,0,0,-2.96710440257925,0,0,0,0,0,0,0,0,0,0,0,0,0,0,0,0,0,0,0,0,0,0,0,0,0,0,0,0,0,0,0,0,0,0,0,0,0,0,0,0,0,0,0,0,0,0,0,0,0,0,0,0,0,0,0,0,0,0,0,0,0,0,0,0,0,0,0,0,0,0,0,0,0,0,0,0,0,0,0,0,0,0,0,0,0,0,0,0,0,0,0,0,0,0,0,0,0,0,-2.72015156188417,0,0,0,0,0,0,0,0,0,0,0,0,0,0,0,0,0,0,0,0,0,0,0,0,0,0,0,0,0,0,0,0,0,0,0,0,0,0,0,0,0,0,0,0,0,0,0,0,0,0,0,0,0,0,0,0,0,0,0,0,0,0,0,0,0,0,0,0,0,0,0,0,0,0,0,0,0,0,0,0,0,0,0,0,0,0,0,0,0,0,0,0,0,0,0,0,0,0,0,0,0,0,0,0,0,0,0,0,0,0,0,0,0,0,0,0,0,0,0,0,0,0,0,0,0,0,0,0,0
0,0,0,0,-3.45378919769353,-2.87219033539173,-3.56256653476823,0,0,0,0,-4.07247046314062,-3.45351701667304,-4.24037035736532,-4.18426197919585,-3.08863912541843,0,0,0,0,-4.50386969843152,0,0,0,0,0,0,0,-3.1597660520602,0,0,-5.51311354338625,-2.82175936215933,-3.06138918393386,-4.55881132295208,0,0,0,0,-3.62194123044512,-6.46979820012346,-4.90238377514884,-4.64164626706898,-3.84726156576213,-4.08955107998704,0,0,0,-3.42265289209988,0,0,0,0,0,0,0,0,0,-2.85593971807189,-4.09363548848316,0,-3.44221123237746,0,-3.15054973945959,0,-3.50808534351489,0,0,0,0,0,0,0,0,0,0,0,0,0,0,0,0,0,0,0,0,0,0,0,0,-3.22823805686117,0,0,0,0,0,0,0,0,0,-4.38213712081777,0,-2.84763331234268,-2.55454275339012,-2.90426579731764,0,-2.94802751571299,0,0,-3.06655142982282,0,0,0,0,0,-3.55258790298037,-4.05316044393559,-3.26091148699776,0,0,0,0,0,0,0,0,-3.86881817801739,0,0,0,0,0,0,0,0,-3.42050831768302,0,0,0,0,-2.99990211510857,0,-2.96583658909466,0,-6.79676097017845,-4.56763386849725,-3.84057498797685,0,0,0,0,0,0,0,-2.87500632478352,0,0,0,0,0,-3.51462306358952,0,0,0,-4.73933504338059,0,-2.86135297786581,-4.16594402346918,-3.02716434933098,-4.05811548709541,0,-3.04171126688711,0,0,0,0,-2.92588361517138,0,0,-4.59251925542037,0,-4.52472680316991,0,0,0,0,0,-2.58421083276555,0,0,0,0,0,-3.14909203792892,-3.04466847260259,0,0,0,0,0,0,0,-3.24376606362492,0,0,0,-4.11266344945623,-3.11267479041563,-2.87592704040717,0,0,0,0,-3.787284273376,-3.00564595020603,-4.143087080999,0,0,-3.16310661936508,-2.71483618533924,0,0,-3.74163807351023,-3.10533400703963,-3.73469764013284,0,0,0,0,0,0,-2.95792397115604
0,0,0,0,0,0,-2.56024986443867,0,0,0,0,0,0,0,0,0,0,0,0,0,-3.01209678228949,0,-2.63689448088795,-3.81254790010247,0,-2.83434711753379,0,0,0,0,0,0,0,-3.48263960040415,0,0,-2.97403713484914,0,0,-3.71443443520906,-4.0102694912851,-6.43213476066095,-3.86084293159785,-3.56583799317209,-2.92846850572245,-3.42175582138038,-3.17553137638836,0,-2.49559108411756,0,0,0,0,0,0,0,0,0,-3.45036472588554,-4.19451038737574,0,-3.86062030031349,0,-3.1977383413545,0,0,0,0,0,0,0,0,0,-3.33262936551112,0,0,0,0,0,0,0,0,0,0,-3.37070158049388,0,0,0,0,0,0,0,-3.21171123161998,0,0,0,0,0,-2.96991721345228,0,-3.14119671719272,0,0,0,0,0,0,0,0,-2.70421418295513,0,0,0,0,-3.11660607926315,0,0,-3.12103024889052,0,0,0,-3.0287906328415,0,-2.44328605701165,0,0,0,-4.09551854294649,-2.98200053607671,0,0,0,0,0,-3.79281413412768,0,-2.79265375181972,0,-3.15111455549107,0,-4.09210864351387,-3.85908092030256,-3.19015397467511,0,-3.37239622126311,-3.89097817121095,-4.0129912916197,-2.99833063507579,-4.38381476586842,-3.66307512915383,-3.8844551757236,-4.21041255742456,0,0,-4.14104236024763,-2.81304184876162,-3.05443627002011,-5.41490506452353,0,0,0,0,0,0,-2.65088245170056,-4.35582732492009,-4.39884811780377,-3.42204845428766,0,-4.00045992676058,0,0,-2.78730662477006,-5.04945652429678,0,0,0,0,-3.25896311927923,0,-3.34178653552843,0,-4.06706875971632,0,0,0,0,0,0,0,0,0,-3.14909203792892,0,0,0,-3.32971071469045,-2.81495343920087,0,0,0,0,-3.24953178477234,0,0,0,-3.42758896164914,0,0,0,0,0,0,0,0,0,0,0,-3.20858720818848,0,0,0,0,0,-2.2139431784018,0,0,-4.21397788542935,0,0,0,0
0,0,0,0,0,0,0,0,0,0,0,0,0,0,0,0,0,0,0,0,0,0,0,0,0,0,0,0,0,0,0,0,0,0,0,0,0,0,0,0,0,0,0,0,0,0,0,0,0,0,0,0,0,0,0,0,-3.21745144071921,0,0,0,0,0,0,0,0,0,0,0,0,0,0,0,0,-2.78101703026181,0,0,0,0,0,0,0,0,0,0,0,0,0,0,0,0,-3.74536107805367,-3.20204877258849,0,-2.74059550451361,0,0,0,0,-3.06839721837277,0,0,0,0,0,-3.7217285415471,0,0,0,0,0,0,0,0,0,0,0,0,0,0,0,0,0,0,0,0,0,0,0,0,0,0,0,0,0,0,0,0,0,-3.55295887647455,0,0,0,-3.38489049156363,0,0,0,0,0,0,0,0,0,0,0,0,0,0,0,0,0,0,0,0,0,0,0,0,0,0,-2.96552831470099,0,0,-4.05639934834078,0,0,0,0,0,0,0,0,0,0,0,0,-2.93067731879512,0,0,0,0,0,0,-3.04466847260259,0,0,0,0,0,0,0,0,0,0,0,0,0,0,0,0,0,0,0,0,-2.39675418477191,0,0,0,0,0,0,0,0,0,0,0,0,0,0,0,-2.9914823984729,0,-2.94606922701304
0,0,0,0,0,0,0,0,0,0,0,0,0,0,0,0,0,0,0,0,0,0,0,0,0,0,0,0,0,0,0,0,0,0,0,0,0,0,0,0,0,0,0,0,0,0,0,0,0,0,0,0,0,0,0,0,0,0,0,0,0,0,0,0,0,0,0,0,0,0,0,0,0,0,0,0,0,0,0,0,0,0,0,0,0,0,0,0,0,0,0,0,0,0,0,0,0,3.02214347004761,0,0,0,0,0,0,0,0,0,0,0,0,0,0,0,0,0,0,0,0,0,0,0,0,0,0,0,0,0,0,0,0,0,0,0,0,0,0,0,0,0,0,0,0,0,0,0,0,0,0,0,0,0,0,0,0,0,0,-3.66121241669632,0,0,0,0,0,0,0,-3.86993590107545,0,0,0,0,0,0,-3.54446888880164,0,0,0,0,0,0,0,0,0,0,0,0,0,0,0,0,0,0,0,0,0,0,0,0,0,0,0,0,0,0,0,0,0,0,0,0,0,0,0,0,0,0,0,0,0,0,0,0,0,0,0,0,0,0,0,0,0,0,0,0
0,-3.15765046878637,0,0,0,0,0,0,0,0,0,0,-2.93927978386486,0,0,0,0,-4.34957440060535,0,0,0,0,0,-3.16139229358291,0,0,0,-3.72954172505292,0,0,0,0,0,0,-2.95448854156424,-2.65712482862915,-2.77960789782163,0,-2.54131045893913,0,0,0,0,-2.91485651862235,-2.94157106010441,-3.89000074820615,-2.99244582024104,0,0,0,0,0,0,0,0,0,0,0,0,0,0,0,0,-2.98097192454331,0,-2.85696752011638,0,-2.51938171318229,0,0,0,0,0,0,0,0,0,0,0,0,0,0,0,0,0,0,0,0,0,0,0,0,0,0,0,0,0,-3.25545419282668,0,0,0,0,0,0,0,0,0,0,0,0,0,0,0,0,-3.46393772135824,0,-3.50898814553495,0,0,0,0,0,0,0,0,0,0,0,0,0,0,0,0,0,0,0,0,0,-2.61201847768907,0,0,0,0,0,0,0,0,0,0,0,0,-3.5987964189848,0,0,0,0,0,0,0,0,0,0,0,0,0,0,-2.93185935246625,0,0,0,0,0,0,-3.19698766112094,0,0,0,0,0,0,0,-3.200641211031,0,0,0,0,0,0,0,0,0,0,0,-3.32971071469045,0,0,0,0,0,0,0,0,0,0,0,0,0,0,0,0,0,0,0,0,0,0,0,0,0,0,0,-2.57523283714348,0,-3.68155955884024,0,0,0,0,-3.63460778282433,0,0,0
0,0,0,0,0,0,0,0,0,0,0,0,0,0,0,0,0,0,0,0,0,0,0,0,0,0,0,0,0,0,0,0,0,0,0,0,-2.77161444488262,0,0,0,0,0,0,0,0,0,0,0,0,0,0,0,0,0,0,0,0,0,0,0,0,0,0,0,0,0,0,0,0,0,0,0,0,0,0,0,0,0,0,0,0,0,0,0,0,0,0,0,0,0,0,0,0,0,0,0,0,0,0,0,0,0,0,0,0,0,0,0,0,0,0,0,0,0,0,0,0,0,0,0,0,0,0,0,0,0,0,0,0,0,0,0,0,0,0,0,0,0,0,0,0,0,0,0,0,0,0,0,0,0,0,0,0,0,0,0,0,0,0,0,0,0,0,0,0,0,0,0,0,0,0,0,0,0,0,0,0,0,0,0,0,0,0,0,0,0,0,0,0,0,0,0,0,-2.81495343920087,0,0,0,0,0,0,0,0,0,0,0,0,0,0,0,0,0,0,0,0,0,0,0,0,0,0,0,0,0,0,0,0,0,0,0,0,0,0
0,0,0,0,0,0,0,0,0,0,0,0,0,0,-3.42963018002882,-3.86270607471208,0,-3.01256546673349,0,0,0,0,0,0,0,-2.6761254756014,0,0,0,0,0,-3.59957373736269,0,0,0,0,-2.99137808187762,0,0,0,0,0,0,0,0,0,0,0,0,0,0,0,0,0,0,0,0,0,0,0,0,0,0,-3.85677702902599,0,0,0,0,0,0,0,0,0,0,0,0,0,0,0,0,0,0,0,0,0,0,0,0,0,0,0,0,0,0,0,0,0,0,0,0,0,0,0,0,0,0,0,0,0,0,0,0,0,0,0,0,0,0,0,0,0,0,0,0,0,0,0,0,0,0,0,0,0,0,0,0,0,0,-2.5366714848991,0,0,0,0,0,0,0,0,0,0,0,0,0,0,0,0,0,0,0,0,0,0,0,0,0,0,0,0,0,0,0,0,0,0,0,0,0,0,0,0,0,0,0,0,0,0,0,0,0,0,0,0,0,0,0,0,0,0,0,0,0,0,0,0,0,-2.41203409194805,0,0,0,-3.07386689100448,-2.80595283155293,0,0,0,0,0,0,0,0,0,0,0,0,0,0,-3.84650730144913,0,0,0,0,0,0,0
0,0,0,0,0,0,0,0,0,0,0,0,0,0,0,0,0,0,0,0,0,0,0,0,0,0,0,0,0,0,0,0,0,0,0,0,0,0,0,0,0,0,0,0,0,0,0,0,0,0,0,0,0,0,0,0,0,0,0,0,0,0,0,0,0,0,0,0,0,0,0,0,0,0,0,0,0,0,0,0,0,0,0,0,0,0,0,0,0,0,0,0,0,0,0,0,0,0,0,0,0,0,0,0,0,0,0,0,0,0,0,0,0,0,0,0,0,0,0,0,0,0,0,0,0,0,0,0,0,0,0,0,0,0,0,0,0,0,0,0,0,0,0,0,0,0,0,0,0,0,0,0,0,0,0,0,0,0,0,0,0,0,0,0,0,0,0,0,0,0,0,0,0,0,0,0,0,0,0,0,0,0,0,0,0,0,0,0,0,0,0,0,0,0,0,0,0,0,0,0,0,0,0,0,0,0,0,0,0,0,0,2.93633537660149,0,0,0,0,0,0,0,0,0,0,0,0,0,0,0,0,0,0,0,0
0,-2.70843631229985,0,0,0,-3.61929370219276,0,0,0,0,0,0,0,0,0,0,0,-3.07699746282475,0,0,0,0,0,0,-3.67412660478517,0,0,0,0,0,0,-3.35428482191544,0,-3.0705167600216,0,0,-2.55081709297838,0,0,0,0,-2.68355328665202,0,0,0,0,0,0,0,0,0,0,0,0,0,0,-4.12356032901069,0,0,0,0,-3.18991609815063,0,0,0,0,0,-2.63570152731394,0,0,0,0,0,0,0,0,0,0,0,0,0,0,0,0,0,-2.81241918510648,0,0,0,0,0,0,0,0,0,0,0,0,-2.75593403463908,0,0,0,0,0,-3.31309260822002,-2.86262122568066,0,0,0,0,0,-2.79730124488079,0,0,0,0,0,0,0,0,0,0,0,0,-3.17611686942273,0,0,0,0,0,0,0,0,0,-3.91544993785723,0,0,0,-3.04145777631947,0,0,0,-2.92443357478441,0,0,0,0,0,-2.49456194366084,0,0,0,0,-2.68633926234083,0,0,0,0,0,0,0,0,0,0,0,0,0,0,0,-3.3952497074012,0,0,0,0,0,0,0,0,0,-2.51917027795423,0,0,0,0,0,0,0,0,0,-2.88288858276855,0,0,0,0,0,0,0,0,0,0,0,0,0,0,0,0,0,0,0,0,0,0,0,0,0,0,0,0,0,0,0,0,0,0,0,0,0,0,0,0,0,0
0,0,0,0,0,0,0,0,0,0,0,0,0,0,0,0,0,0,0,0,0,0,0,0,0,0,0,0,0,0,0,-3.32512016415655,0,0,0,0,0,0,0,0,0,0,0,0,0,0,-2.74881985091986,0,0,0,0,0,0,0,0,0,0,0,0,0,0,-3.26791005615291,0,0,0,0,0,0,0,0,0,0,0,0,0,0,0,0,0,0,0,0,0,0,0,0,0,0,0,0,0,0,0,0,0,0,0,0,0,0,0,0,0,0,0,0,0,0,0,0,0,0,0,0,0,-3.73733795956451,0,0,0,0,0,0,0,0,0,0,0,0,0,0,0,0,0,0,0,0,0,0,0,0,0,0,0,0,0,0,0,0,0,0,0,0,0,0,0,0,0,0,0,0,0,0,0,0,0,0,0,0,0,0,0,0,0,-3.10947780573765,0,0,0,0,-3.39518803076329,0,0,0,0,0,0,0,0,0,0,0,0,0,0,0,0,0,0,0,0,0,0,0,0,0,0,0,0,0,0,0,0,0,0,0,0,0,0,0,0,0,0,0,0,0,0,0,0,0,0,0,0,0
0,0,0,0,0,0,0,0,0,0,0,0,0,0,0,0,0,0,0,0,0,0,0,0,0,0,0,0,0,0,0,0,0,0,0,0,0,0,0,0,0,0,-2.74138701229503,0,0,0,0,0,0,0,0,0,0,0,0,0,0,-3.53802866883167,0,0,-3.40220409363705,0,0,0,0,0,0,-4.64611118723109,-2.58644031382471,0,0,-3.53353214774077,0,0,0,-3.28496071260055,0,0,-2.92520553894041,0,0,0,0,0,0,0,-3.98061385962178,0,-3.51661992621342,0,0,0,0,-3.06682061421392,0,-3.85736475227321,0,0,0,0,0,0,0,0,0,0,0,0,0,0,0,0,0,0,0,0,0,0,0,0,0,0,0,0,0,0,0,0,0,0,0,0,0,0,0,0,0,0,0,0,0,0,-2.55543553123812,0,0,0,0,0,0,0,0,0,0,0,-2.57776464742861,0,0,-3.24233953974971,0,-3.16466879767806,0,0,0,0,-3.28189089483026,0,0,0,-2.45979794640442,-3.19254899758185,-2.95369663450003,0,0,0,0,0,0,0,0,-3.54132169928087,0,-5.21065686571227,0,0,0,0,0,0,0,-4.2761979866195,0,0,-3.24376606362492,-3.24953178477234,0,0,0,0,0,0,0,0,0,0,0,0,0,0,0,0,0,0,0,0,0,0,0,0,0,0,0,0,0,0,0,0,0,0,0,0,0,0
0,0,0,0,0,0,0,0,0,0,0,0,0,0,0,0,0,0,0,0,0,0,0,0,-2.96175604970247,0,0,0,0,0,0,0,0,0,0,0,0,0,0,0,0,0,0,0,0,0,0,0,0,0,0,0,0,0,0,0,0,0,0,0,0,0,0,0,0,0,0,0,0,0,0,0,0,0,0,0,0,0,0,0,0,0,0,0,0,0,0,0,0,0,0,0,0,0,0,0,0,0,0,0,0,0,0,0,0,0,0,0,0,0,0,0,0,0,0,0,0,0,0,0,0,0,0,0,0,0,0,0,0,0,0,0,0,0,0,0,0,0,0,0,-3.00591007776567,0,0,0,0,0,0,0,0,0,0,0,0,0,0,0,0,0,0,0,0,0,0,0,0,0,0,0,0,0,0,0,0,0,0,0,0,0,0,0,0,0,0,0,0,0,0,0,0,0,0,0,0,0,0,0,0,0,0,0,0,0,0,0,0,0,0,0,0,0,0,0,0,0,0,0,0,0,0,0,0,0,0,0,0,0,0,0,0,0,0,0
0,0,0,0,0,0,0,0,0,0,0,0,0,0,0,0,0,0,0,0,0,0,0,0,0,0,0,0,0,0,0,0,0,0,0,0,0,0,0,0,0,0,0,0,0,0,0,0,0,0,0,0,0,0,0,0,0,0,0,0,-4.34667055441532,0,0,-3.96555381313645,0,0,0,0,0,0,0,0,0,0,0,0,0,0,0,0,0,0,0,0,-3.14358137490445,-3.2890607637386,0,0,0,0,0,0,0,0,0,0,0,0,0,-2.48034612376489,0,0,0,0,0,0,0,0,0,0,0,0,0,0,0,0,0,0,0,0,0,0,0,0,0,0,0,0,0,0,0,0,0,0,0,0,0,0,0,0,0,-3.92344178192307,0,0,0,0,0,0,0,0,0,0,0,0,0,0,0,-3.36818170994733,0,0,0,0,0,0,-4.74275523384816,0,0,0,-2.65141571361598,0,0,0,-2.9002142601286,-3.34598036514519,0,0,0,0,0,-3.27351317636805,0,0,0,0,0,0,0,0,0,0,0,0,0,0,0,0,0,0,0,0,0,0,0,0,0,0,0,0,0,0,0,0,0,0,0,0,0,0,0,0,0,0,-2.52107878524714,0,0,0,0,0,0,0,0,0
0,0,0,0,0,0,0,0,0,0,0,0,0,0,0,0,0,0,0,0,0,-3.46639627810648,0,0,0,0,0,0,0,0,0,0,0,0,0,0,0,0,0,0,0,0,0,0,0,0,0,0,0,0,0,0,0,0,0,0,0,0,0,-3.14759579955528,0,0,0,0,0,0,0,0,0,0,0,0,0,0,0,0,0,0,0,0,0,0,0,0,0,0,0,0,0,0,0,0,0,0,0,0,0,0,0,0,0,0,0,0,0,0,0,0,-2.70924077325258,-2.78656688897926,0,0,0,0,0,0,0,0,0,0,0,0,0,0,0,0,0,0,0,0,0,0,0,0,0,0,0,0,0,0,-2.85573396050643,0,0,0,0,0,0,0,0,0,0,-2.9295090567834,0,0,0,0,0,0,0,0,0,0,0,0,-3.42527103147275,-2.77530615853787,0,0,0,0,0,0,0,-2.86021126961377,-3.14064399079354,0,0,0,-2.89308532792167,0,0,0,0,0,0,0,0,0,0,0,0,0,0,0,0,0,0,0,0,0,0,0,0,0,0,0,0,0,0,0,0,0,0,0,0,0,0,0,0,0,0,0,0,0,0,0,0,0,0,0,0,0
0,0,-3.95689010339639,0,0,0,0,0,0,0,0,0,0,0,0,0,0,0,0,0,0,0,-3.08826134467325,0,0,0,0,0,-3.6916561653707,0,0,0,0,0,0,0,0,0,0,0,0,0,0,0,0,0,0,0,0,0,0,0,0,0,0,0,0,0,0,0,0,0,0,0,0,0,0,0,0,0,0,0,0,0,0,0,0,0,0,0,0,0,0,0,0,0,0,0,0,0,0,0,0,0,0,0,0,0,0,0,0,0,0,0,0,0,0,0,0,-2.46731507144934,0,0,0,0,0,0,0,0,0,0,0,0,0,0,0,0,0,-2.54601602711269,0,0,0,0,0,0,0,0,0,0,0,0,0,-4.1073271530549,0,0,0,0,-2.72319771268634,0,0,0,0,0,-3.09764709862084,0,0,0,0,0,0,0,0,0,0,0,0,0,0,0,0,0,0,0,0,0,0,0,-2.83034459504001,0,-2.77460645846758,0,0,0,0,0,0,0,0,0,0,0,0,0,-4.11266344945623,-3.42758896164914,0,0,0,0,0,0,0,0,0,0,0,0,0,0,0,-2.51939586671603,0,0,0,0,0,0,0,0,0,0,0,0,0,0,0,0,0,0,0,0,0,0
0,0,0,0,0,0,-2.43787662237415,0,0,0,0,0,0,0,0,0,0,0,0,0,0,0,0,0,0,0,0,0,0,0,0,-2.60263720583335,0,0,0,0,0,0,0,0,0,0,0,0,0,0,-3.35618878378101,0,0,0,0,0,0,0,0,0,0,0,0,0,0,0,0,0,0,0,0,0,0,0,0,0,0,0,0,0,0,0,0,0,0,0,0,0,0,0,0,0,0,0,0,0,0,0,0,0,0,0,0,0,0,0,0,0,0,0,0,0,0,0,0,0,0,0,0,0,0,0,0,0,0,0,0,0,0,0,0,0,0,0,0,0,0,-3.1705454678339,0,-2.81013611268569,0,0,-2.64189677162239,0,0,0,0,0,0,0,0,0,0,0,0,-3.3522445556844,-3.12718231605878,0,-2.85215262545113,0,-2.66425520129438,0,0,0,0,0,0,0,0,0,-3.04016579914878,0,0,0,0,0,0,-3.57524452618537,0,0,-3.06889144135006,0,0,0,0,0,-3.21105398905459,0,0,0,0,0,0,0,0,0,-3.11267479041563,0,0,0,0,0,0,0,0,0,0,0,0,0,0,0,0,0,0,0,0,0,0,0,0,0,-2.57448742502491,0,0,0,0,0,0,0,0,0,0,0,0,0
0,0,0,0,0,0,0,0,0,-2.78279168627391,0,0,0,0,0,0,0,0,0,0,0,0,0,0,0,0,0,0,0,0,0,0,0,0,0,0,0,0,0,0,0,0,0,0,0,0,0,0,0,0,0,0,0,-3.23939299138722,0,0,0,0,0,0,0,0,0,0,0,0,0,0,-3.29933124414681,0,0,0,0,0,0,-2.77419661332195,0,0,0,-4.02924694525137,0,0,0,0,-3.05692627117377,0,0,0,-2.70071219055028,0,0,-2.60706885148329,0,-3.90179002895547,0,0,0,0,0,0,0,0,0,0,0,0,0,0,0,0,0,0,0,0,0,0,0,0,0,0,0,0,0,0,0,0,0,0,0,0,0,0,0,0,0,0,0,0,0,0,0,0,0,0,0,0,0,0,0,0,0,0,-3.29430929590855,0,0,0,0,0,0,0,0,0,0,0,0,0,0,0,0,0,0,0,0,0,0,0,0,0,0,-2.98414489622071,0,0,0,0,0,0,0,0,-2.96889521533593,0,0,0,-2.87592704040717,0,0,0,0,0,-3.07386689100448,0,0,0,0,0,0,0,0,0,0,0,0,0,0,0,0,0,0,0,0,0,0,0,0,0,0,0,0,0,0,0,0,0
0,0,0,0,0,0,0,0,0,0,0,0,0,0,0,0,0,0,0,0,0,0,0,0,0,0,0,0,0,0,0,0,0,0,0,0,0,0,0,0,0,0,0,0,0,0,0,0,0,0,0,0,0,0,0,0,0,0,0,0,0,0,0,0,0,0,0,0,0,0,0,0,0,0,0,0,0,0,0,0,0,0,0,0,0,0,0,0,0,0,0,0,0,0,0,0,0,0,0,0,0,0,0,0,0,0,0,0,0,0,0,0,0,0,0,0,0,0,0,0,0,0,0,0,0,0,0,0,0,0,0,0,0,0,0,0,0,0,0,0,0,0,0,0,0,0,0,0,0,0,0,0,0,0,0,0,0,0,0,0,0,0,0,0,0,0,0,0,0,0,0,0,0,0,0,0,0,0,0,0,0,0,0,0,0,0,0,0,0,0,0,0,0,0,0,0,0,0,-2.80595283155293,0,0,0,0,0,0,0,-2.51939586671603,0,0,0,0,0,0,0,0,0,0,0,0,0,0,0,0,0,0,0,0,0,0,0,0,0
0,0,0,0,0,0,0,0,0,0,0,0,0,0,0,0,0,0,0,0,0,0,0,0,0,0,0,0,0,0,0,0,0,0,0,0,0,0,0,0,0,0,0,0,0,0,0,0,0,0,0,0,0,0,0,0,0,0,0,0,0,0,0,0,0,0,0,0,0,0,0,0,0,0,0,0,0,0,0,0,0,0,0,0,0,0,0,0,0,0,0,0,0,0,0,0,0,0,0,0,0,0,0,0,0,0,0,0,0,0,0,0,0,0,0,0,0,0,0,0,0,0,0,0,0,2.8035547485163,0,0,0,0,0,0,0,0,0,0,0,0,0,0,0,0,0,3.25754377400917,0,0,0,0,0,0,0,0,0,0,0,0,0,0,0,0,0,0,0,0,0,0,0,0,0,0,0,0,0,0,0,0,0,0,0,0,0,0,0,0,0,0,0,0,0,0,0,0,0,0,0,0,0,0,0,0,0,0,0,0,0,0,0,0,0,0,0,2.15064878032088,0,0,0,0,0,0,0,0,0,0,0,0,0,0,0,0,0,0,0,0
0,0,0,0,0,0,0,0,0,0,0,0,0,0,0,0,0,0,0,0,0,0,0,0,0,0,0,0,0,0,0,0,0,0,0,0,0,0,0,0,0,2.7633000052039,0,0,3.19275571337376,0,0,0,4.10741161360319,0,0,0,0,0,0,0,0,0,0,0,0,0,0,0,0,0,0,0,0,0,0,0,0,0,0,0,0,0,0,0,0,0,0,0,0,0,0,0,0,0,0,0,0,0,0,0,0,0,0,0,0,0,0,0,0,0,0,0,0,0,0,0,0,0,0,0,0,0,0,0,0,0,0,0,0,0,0,0,0,0,0,0,0,0,3.3123163582559,0,0,0,0,0,0,0,0,0,0,0,0,0,0,0,0,0,0,0,0,0,0,0,0,0,0,0,0,0,0,0,0,0,0,0,0,0,0,0,0,0,0,0,0,0,0,0,0,0,3.0898846719297,0,0,0,0,0,0,0,0,0,0,0,0,0,0,2.93633537660149,0,0,0,0,0,0,0,0,0,0,0,0,0,0,0,0,0,0,0,0,0,0,0,0,0,0,0,0,0,0,0,0
0,0,0,0,0,0,0,0,0,0,0,0,0,0,0,0,0,0,0,0,0,0,0,0,0,0,0,0,0,0,0,0,0,0,0,0,0,0,0,0,0,-4.03708248833297,0,0,0,0,0,0,0,0,0,0,0,0,0,0,0,0,0,0,0,0,0,0,0,0,0,0,0,0,0,0,0,0,0,0,0,0,0,0,0,0,0,0,0,0,0,0,0,0,0,0,0,0,0,0,0,0,0,0,0,0,0,0,0,0,0,0,0,0,0,0,0,0,0,0,0,0,0,0,0,0,0,0,0,0,0,0,0,0,0,0,0,0,0,0,0,0,0,0,0,0,0,0,0,0,0,0,0,0,0,0,0,0,0,0,0,0,0,0,0,0,0,0,0,0,0,0,0,0,0,0,0,0,0,0,0,0,0,0,0,-2.90531250777527,0,0,0,0,0,0,0,0,0,0,0,0,0,0,0,0,0,0,0,0,0,0,0,0,0,0,0,0,0,0,0,0,0,0,0,0,0,0,0,0,0,0,0,0,0,0,0,0,0,0
0,0,0,-2.55519225171956,0,0,-2.79001807770384,0,0,0,0,0,0,0,0,0,0,0,0,0,0,0,0,0,0,0,0,0,0,0,0,0,-2.9719063991243,0,0,0,0,0,0,0,0,0,0,0,0,0,0,0,0,0,0,0,0,0,0,0,0,0,0,0,0,0,0,0,0,0,0,0,0,0,0,0,0,0,0,0,0,0,0,0,0,0,0,0,0,0,0,0,-3.3134860719348,0,0,0,0,0,0,0,0,0,0,0,0,0,0,-2.70934158155815,0,0,0,0,0,-2.89573453824686,0,0,0,0,0,0,0,0,0,0,0,0,0,0,0,0,0,0,0,0,0,0,0,0,0,0,0,0,0,0,0,0,0,0,0,0,0,0,0,0,0,0,0,0,0,0,0,0,0,-2.95077434454868,0,0,0,0,0,0,-2.5984704533893,0,-2.55087473558349,0,0,0,0,0,0,0,-3.12495622152194,0,-2.95177043435258,0,0,-4.03388848907188,0,0,0,0,0,0,-2.52994951211458,-3.29502316329596,0,0,-3.787284273376,0,0,0,0,0,0,0,0,0,0,0,0,0,0,0,0,0,0,0,0,0,0,0,0,0,0,0,0,0,0,-3.02629256887727,0,0,0,0,0,0,0,0
0,0,0,0,0,0,0,0,0,0,0,0,0,0,0,0,0,0,0,0,0,0,0,0,0,0,0,0,0,0,0,0,0,0,0,0,0,0,0,0,0,0,0,0,0,0,0,0,0,0,0,0,0,0,0,0,0,0,0,0,0,-2.7286436886938,0,0,0,0,0,0,0,0,0,0,0,0,0,0,0,0,0,0,0,0,0,0,0,0,0,0,0,0,0,0,0,0,0,0,0,0,0,0,0,0,0,0,0,0,0,0,0,0,0,0,0,0,0,0,0,0,0,0,0,0,0,0,0,0,0,0,0,0,0,0,0,0,0,0,0,0,0,0,0,0,0,0,0,0,0,0,0,-3.1855435614902,0,0,0,0,0,0,0,-2.58701198090196,0,0,0,0,0,0,0,0,0,0,0,0,0,0,0,0,0,0,0,0,0,0,0,0,0,0,0,0,0,0,0,0,0,0,-3.00564595020603,0,0,0,0,0,0,0,0,0,0,0,0,0,0,0,0,0,0,0,0,0,0,0,0,0,0,0,0,0,0,0,0,0,0,0,0,0,0,0
0,0,0,0,0,0,0,0,0,0,0,0,0,0,0,0,0,0,0,0,0,0,0,0,0,0,0,0,0,0,0,0,0,0,0,0,0,0,0,0,0,0,0,0,0,0,0,0,0,0,0,0,0,0,0,0,0,0,0,0,0,0,0,0,0,0,0,0,0,0,0,0,0,0,0,0,0,0,0,0,0,0,0,0,0,0,0,0,0,0,0,0,0,0,0,0,0,0,0,0,0,0,0,0,0,0,0,0,0,0,0,0,0,0,0,0,0,0,0,0,0,0,0,0,0,0,0,0,0,0,0,0,0,0,0,0,0,0,0,0,0,0,0,0,0,0,0,0,0,0,0,0,0,0,0,0,0,-2.71832784903367,0,-2.71610748614853,0,0,0,0,0,0,0,0,0,-3.01075183648899,0,0,0,0,0,0,0,0,0,0,0,0,0,0,0,0,0,0,0,0,0,0,-4.143087080999,0,0,0,0,0,0,0,0,0,0,0,0,0,0,0,0,0,0,0,0,0,0,0,0,0,0,0,0,0,0,0,0,0,0,0,0,0,0,0
0,0,0,0,0,0,0,0,0,0,0,0,0,0,0,0,0,0,0,0,0,0,0,0,0,0,0,0,0,0,0,0,0,0,0,0,0,0,0,0,0,0,0,0,0,0,0,0,0,0,0,0,0,0,0,0,0,0,0,0,0,0,0,0,0,0,0,0,0,0,0,0,0,0,0,0,0,0,0,2.77294813402929,0,0,0,0,0,0,0,0,0,0,0,-2.81707951756897,0,0,0,0,0,0,0,0,0,0,0,0,0,0,0,0,0,0,0,0,0,0,0,0,0,0,0,0,0,0,0,0,0,0,0,0,0,0,0,0,0,0,0,0,0,0,0,0,0,0,0,0,0,0,0,0,0,0,0,0,0,0,0,0,0,0,2.49860390602709,0,0,0,0,0,0,0,0,0,0,0,0,0,0,0,0,0,0,0,0,0,0,0,0,0,0,0,0,0,0,0,0,0,0,0,0,0,0,0,0,0,0,0,0,0,0,0,0,0,0,0,0,0,0,0,0,0,0,0,0,0,0,0,0,0,0,0,0,0,0,0,0,0
0,0,0,0,0,0,0,0,0,0,0,-3.06284749906209,0,0,0,0,0,0,0,0,0,0,0,0,0,0,0,0,0,0,0,0,0,0,0,0,0,0,0,0,0,0,0,0,0,0,0,0,0,0,0,0,0,0,0,0,0,0,0,0,0,0,0,0,0,0,0,0,0,0,0,0,0,0,0,0,0,0,0,0,0,0,0,0,0,0,0,0,0,0,0,0,0,0,0,0,0,0,0,0,0,0,0,0,0,0,0,0,0,0,0,0,0,0,0,0,0,0,0,0,0,0,0,0,0,0,0,0,0,0,0,0,0,0,0,0,0,0,0,0,0,0,0,0,0,0,0,0,0,0,0,0,0,0,0,0,0,0,0,0,0,0,0,0,0,0,0,0,0,0,0,0,0,0,0,0,0,0,0,0,0,0,0,0,0,0,0,0,0,0,0,0,0,0,0,0,0,0,0,0,0,0,0,0,0,0,0,0,0,0,0,0,0,0,0,0,0,0,0,0,0,0,0,0,0,0,0,0,0,0,0,0
0,0,0,0,0,0,0,0,0,0,0,0,0,0,0,0,0,0,0,0,0,0,0,0,0,0,0,0,0,0,0,0,0,0,0,0,0,0,0,0,0,0,0,0,0,0,0,0,0,0,0,0,0,0,0,0,0,0,0,0,0,0,0,0,0,0,0,0,0,0,0,0,0,-5.3259584061699,0,-3.00358729854225,0,0,0,0,0,0,0,0,0,0,0,0,0,0,0,0,0,0,0,0,0,0,0,0,0,0,0,0,0,0,0,0,0,0,0,0,0,0,0,0,0,0,0,0,0,0,0,0,0,0,0,0,0,0,0,0,0,-3.30819130347535,0,0,0,0,0,0,0,0,0,0,0,0,0,0,0,0,0,0,0,0,0,0,0,0,0,0,0,0,-3.07498003058415,0,0,0,0,0,-3.34471039581643,0,0,0,0,0,0,0,0,0,-2.81842668848241,0,0,-3.82043139244775,0,0,0,0,0,0,0,-3.56228278067478,0,0,-3.16310661936508,-3.20858720818848,0,0,0,0,0,0,0,0,0,0,0,0,0,-2.57448742502491,0,0,0,0,0,0,0,0,0,0,0,0,0,0,0,0,0,0,0,0,0,0,0,0
0,0,0,0,0,0,0,0,0,0,0,0,0,0,0,0,0,0,0,0,0,0,0,0,0,0,0,0,0,0,0,0,0,0,0,0,0,0,0,0,0,-3.17938787429268,0,0,0,0,0,0,0,0,0,0,0,0,0,0,0,0,0,0,0,0,0,0,0,0,0,-2.82593493734387,0,0,0,0,0,0,0,0,0,0,0,0,0,0,0,0,0,0,0,0,0,0,0,0,0,0,0,0,0,0,0,0,0,0,0,0,0,0,0,0,0,0,0,0,0,0,0,0,0,0,0,-4.41103246028032,0,0,0,0,0,0,0,0,0,0,0,0,0,0,0,0,0,0,0,0,-3.22597606474242,0,0,0,0,0,0,0,0,0,0,0,0,0,0,0,0,0,0,0,0,0,0,0,0,0,0,0,0,0,0,0,0,0,0,0,0,0,0,0,0,0,0,0,0,0,0,0,0,0,0,0,-2.71483618533924,0,0,0,0,0,0,0,0,0,0,0,0,0,0,0,0,0,0,0,0,0,0,0,0,0,0,0,0,0,0,0,0,0,0,-2.80843520032381,0,0,0,0
0,0,-3.3503718088689,0,0,0,0,-2.90460479516218,0,0,0,0,0,0,0,0,0,0,0,0,0,0,0,0,0,0,0,0,0,0,0,0,0,0,-2.54335846389296,0,0,0,0,0,0,0,0,0,0,0,0,0,0,0,0,0,0,0,0,0,0,0,0,0,0,0,0,0,0,0,0,0,0,0,0,0,0,0,0,0,0,0,0,0,0,0,0,0,0,0,0,0,0,0,0,0,0,0,0,-2.6485183595724,0,0,0,0,0,0,0,0,0,0,0,0,-2.55828450566197,0,0,0,0,0,0,0,0,0,0,0,0,0,0,0,0,0,0,0,0,0,0,0,0,0,0,0,0,0,0,0,-3.35645620757216,0,0,0,0,0,0,0,0,0,0,0,0,0,0,0,0,0,0,0,0,0,0,0,0,0,0,0,0,0,0,0,-2.66204306341617,0,0,0,0,0,0,0,0,0,0,0,0,0,0,0,0,0,0,0,0,0,0,0,0,0,0,0,0,0,0,0,0,0,0,0,0,0,0,0,0,0,0,0,0,0,0,0,0,0,0,0,0,0,0,0,0,0,0,0
0,0,0,0,0,0,0,0,0,-3.42781341652345,0,0,0,0,-5.59817879521794,0,0,0,0,-3.19971798272611,0,-4.42871188100333,0,0,0,-3.00520387557522,0,0,0,0,0,0,-3.03157898506942,0,0,0,0,0,-2.93209788435602,0,0,0,0,0,0,0,0,0,0,0,0,0,0,0,0,0,0,0,0,0,0,0,0,0,0,0,0,0,0,0,0,0,0,0,0,0,0,0,0,0,0,0,0,0,0,0,0,0,0,0,0,0,0,0,0,0,0,0,-2.45087407147443,0,-3.10102155055763,0,0,0,0,-2.60171989660144,0,-3.29658757462865,0,-4.5439039041679,-3.1753771586807,0,0,0,-3.16931754700013,0,0,0,0,0,0,-2.72881529074376,0,-3.08163744085077,-3.67310858907616,-2.64670957325952,0,0,-3.00510214890243,0,0,-2.70621391328355,0,0,0,0,0,0,0,0,-2.56181191874164,0,0,0,0,0,-3.00912814372761,-2.60435272728927,-2.69405126585782,0,0,-3.18397275139934,-2.46104502102063,0,0,0,0,0,0,0,0,0,0,0,0,0,0,0,0,-3.18974083924653,0,0,0,0,0,0,-4.3469871461666,0,0,0,0,0,0,0,0,0,0,0,0,0,0,0,0,0,0,0,-2.57523283714348,0,0,0,0,0,0,0,0,0,0,0,0,0,0,0,0,0,0,0,0,0,0,0,0,0,0,0,0,0,0,0,0,0,0,0
0,0,0,0,0,0,0,0,0,0,0,0,0,0,0,0,0,0,0,0,0,0,0,-2.43590889660831,0,0,0,0,0,0,0,0,0,0,0,0,0,0,0,0,0,0,0,0,0,0,0,0,0,0,-2.95575019304492,0,0,0,0,0,0,0,0,0,0,0,0,0,-2.50315840753074,0,0,0,0,0,0,0,-2.95639638428077,0,0,0,0,0,0,0,0,0,0,0,-2.55925609662454,0,0,0,0,0,0,0,-3.06941551679717,0,0,0,0,0,0,0,0,0,0,-3.89244497316906,0,0,0,0,0,-3.28447885732523,0,0,0,-2.91085609302588,0,0,0,0,0,0,0,0,0,0,0,0,0,-2.61166504988576,0,0,0,0,0,0,0,0,0,0,0,0,0,-2.72135593294405,0,0,0,0,0,-3.30500371642038,0,0,0,-3.29176239122491,-3.32135040333734,0,0,0,-3.87294100308943,0,0,0,0,0,0,0,0,0,0,0,0,0,0,0,0,0,0,0,0,0,0,0,0,0,0,0,0,0,0,0,0,0,0,0,-3.74163807351023,0,0,0,0,0,0,0,0,0,0,0,-2.52107878524714,0,0,0,0,0,0,0,0,0,0,0,0,0,0,0,0,0,0,0,-2.97204113074717,0,0,0,0,0,0,0
0,0,0,0,0,0,-2.98718953190338,0,0,0,0,0,0,0,-3.87667970818543,0,0,0,0,0,0,0,-2.5091196826157,0,-2.74117524278794,0,0,0,0,0,-2.6837245816775,-2.67436200276597,-2.69261406558197,0,-2.65841275661697,0,-2.99981646247084,0,0,0,0,0,0,0,-3.17243123474739,0,-2.78185798655681,0,0,0,0,-3.86205699854894,0,-3.10848560195003,0,0,0,0,-2.49775330116951,0,0,0,0,0,0,0,0,0,0,0,0,0,0,-2.75062181327283,0,0,0,0,0,0,0,0,0,-3.20015469760367,-3.10802715794794,-2.45603048837246,0,0,0,-2.69476160388082,-2.59501364791279,0,0,0,0,0,0,0,-2.82494128577506,-2.55291044052151,0,0,0,0,0,0,-2.81104971410426,0,0,-2.96355377909134,-2.7843802821094,0,0,0,0,0,0,0,0,0,0,0,0,0,0,0,0,0,0,0,0,-3.76183881445718,0,0,0,0,0,0,-3.40135223236798,0,0,0,0,0,0,-3.23477812650271,0,-3.1991741149411,0,-3.55991485526052,0,0,0,0,-3.08696586144781,0,-2.77465225477348,0,-4.41045515677954,-3.47509525149581,0,0,0,0,-2.51387382395951,0,0,0,0,-3.71656066862464,0,0,-2.64712955579534,0,0,0,-2.63919289335408,0,0,-3.61096203147594,0,0,-3.12284206147486,-2.48742412461172,0,-3.39959410959652,0,0,-3.35111091671603,-2.98802572779608,0,0,-3.10533400703963,0,0,0,-3.68155955884024,0,0,0,0,0,0,0,0,0,0,0,0,0,0,0,0,-3.02629256887727,0,0,0,0,0,0,0,0,0,0,-3.56980278120959,0,0,0,0,0,0,0
0,0,0,0,0,0,0,0,0,-3.41992888487461,0,0,0,0,0,0,0,0,0,-2.52210775013346,0,0,0,0,0,0,0,0,0,0,0,0,0,0,0,0,0,0,0,-3.43433424732031,0,0,0,0,0,0,0,0,-2.57602402192233,-3.84392383080258,0,0,0,-2.64920218610784,0,0,0,0,0,0,0,-3.03905766886342,0,0,0,0,0,0,0,0,0,0,-2.86892282604982,0,0,-3.05992631468286,-3.42630165632964,0,0,-2.8080610038104,0,0,0,0,0,0,0,0,-3.63253339778756,-2.59839654753537,0,0,0,-3.70244951452052,0,0,0,0,-2.94238006863837,0,0,0,0,0,0,0,0,0,0,-3.61135390193169,0,0,0,0,0,0,0,0,0,-3.30923010646682,0,-2.89610616029651,0,0,0,0,0,0,0,0,0,0,-2.58285827184669,-2.58518402900193,0,0,0,0,0,0,0,0,-3.6794338290012,0,0,0,0,0,0,0,0,-3.46509319758877,-2.95678111284105,0,0,0,0,-4.23276611180794,-3.83983372509451,0,0,0,0,0,0,0,-4.28647147732254,0,0,0,0,0,-2.72988215192063,0,0,-2.62314894433774,0,0,-3.2431481932487,-4.65898884991307,0,0,0,0,-3.93501875479967,0,0,-3.02907127840066,-3.89945361988838,-3.05245572727177,0,0,-3.73469764013284,0,0,0,0,0,-3.84650730144913,0,0,0,0,0,0,0,0,0,0,0,0,0,0,0,0,0,0,0,0,0,0,0,-2.97204113074717,-3.56980278120959,0,0,0,0,-2.62079013958775,0,-2.77053538784135,0
0,0,0,0,0,0,0,0,0,0,0,0,0,0,0,0,0,0,0,0,0,0,0,0,0,0,0,0,0,0,0,0,0,0,0,0,0,0,0,0,0,0,0,0,0,0,-3.42613708769226,0,0,0,0,0,0,0,0,0,0,0,0,0,0,0,0,0,0,-2.89296123283298,0,0,0,0,0,0,-2.89271891569681,0,0,0,0,0,0,0,0,0,0,0,0,0,0,0,0,0,0,0,0,0,0,-3.71042601762112,0,0,0,0,0,0,0,0,-2.68762802165673,0,0,0,0,0,0,0,0,0,0,0,0,0,0,0,0,0,0,0,0,0,0,0,0,0,0,-3.43606732024143,0,0,0,-3.36138008681311,0,0,-3.16524720804967,0,0,0,0,0,0,0,0,0,0,0,0,0,-2.94700343268644,0,0,0,0,0,0,0,0,0,0,0,0,0,0,0,0,-2.72753563834599,0,0,0,0,0,0,0,0,0,0,0,0,0,0,0,0,0,0,0,0,0,0,0,0,0,0,0,0,0,0,0,0,0,0,0,0,0,0,0,0,0,0,0,0,0,0,0,0,0,0,0,0,0,0,0,0,0,0,0,0,0,0
0,0,0,0,0,0,0,0,0,0,-2.97306594413559,0,0,0,0,0,0,0,0,0,0,0,0,0,0,0,0,0,0,0,0,0,0,0,0,0,0,0,0,0,0,0,0,0,0,0,0,0,0,0,0,0,0,0,0,0,0,0,0,0,0,0,0,0,0,0,0,0,0,0,0,0,0,0,0,0,0,0,0,0,0,0,0,0,0,0,0,0,0,0,0,0,0,0,0,0,0,0,0,0,0,0,0,0,0,0,0,0,0,0,0,0,0,0,0,0,0,0,0,0,0,0,0,0,0,0,0,0,0,0,0,0,0,0,0,0,0,0,0,0,0,0,0,0,2.49435630192897,0,0,0,0,0,0,0,0,0,0,0,0,0,0,0,0,0,0,0,0,0,0,0,0,0,0,0,0,0,0,0,0,0,0,0,0,0,0,0,0,0,0,0,0,0,0,0,0,0,0,0,0,0,0,0,0,0,0,0,0,0,0,0,0,0,0,0,0,0,0,0,0,0,0,0,0,0,0,0,0,0,0,0,0,0,0,0
0,0,0,0,0,0,0,0,0,0,0,0,0,0,0,0,0,0,0,-2.65285774557495,0,0,0,0,0,0,0,0,0,0,0,0,0,0,0,0,0,0,0,0,0,0,0,-3.13892067355818,0,0,0,0,0,0,0,0,0,0,0,0,0,0,0,0,0,0,0,0,0,0,0,0,0,0,0,0,0,0,0,0,0,0,0,0,0,0,0,0,0,0,0,0,0,0,0,0,0,0,0,0,0,0,0,0,0,0,0,0,0,0,0,0,0,0,0,0,0,0,0,0,0,0,0,0,0,0,0,0,0,0,0,0,0,0,0,0,0,0,0,0,0,0,0,0,0,0,0,0,0,0,0,0,0,0,0,0,0,0,0,0,0,0,0,0,0,0,0,0,0,0,0,0,0,0,0,0,0,0,0,0,0,0,0,0,0,0,0,0,0,0,0,0,0,0,0,0,0,-4.21397788542935,0,0,0,0,0,0,0,0,0,0,0,0,0,0,0,0,0,0,0,0,0,0,0,0,0,-2.80843520032381,0,0,0,0,0,0,0,0,0,0,0,0
0,0,0,0,0,0,0,0,0,0,0,0,0,0,0,0,0,0,0,0,0,0,0,0,0,0,0,0,0,0,0,0,0,0,0,0,0,0,0,0,0,-2.99362366800169,0,0,0,0,0,0,0,0,0,0,0,0,0,0,0,0,0,0,0,0,0,0,0,0,0,0,0,0,0,0,0,0,0,0,0,0,0,0,0,0,0,0,0,0,0,0,0,0,0,0,0,0,0,0,0,0,0,0,0,0,0,0,0,0,0,0,0,0,0,0,0,0,0,0,0,0,0,0,0,0,0,0,0,0,0,0,0,0,0,0,0,0,0,0,0,0,0,0,0,0,0,0,0,0,0,0,0,0,0,0,0,0,0,0,0,-4.07921752224954,0,0,0,0,0,0,0,0,0,0,0,0,0,0,0,0,0,0,0,0,0,0,0,-3.51808204389563,0,0,0,0,0,0,0,0,0,0,0,0,0,0,-3.63460778282433,0,0,0,0,0,0,0,0,0,0,0,0,0,0,0,0,0,0,0,0,0,0,0,0,0,0,0,-2.62079013958775,0,0,0,0,0,0,0
0,0,0,-2.56778631328161,-2.92300639034179,0,0,0,0,0,0,0,0,0,0,0,0,0,0,0,0,0,0,0,0,0,0,0,0,0,0,0,0,0,0,0,0,0,0,0,-2.9358396164369,0,0,0,0,0,-5.20715064317661,0,0,0,0,0,0,0,0,0,0,0,0,0,0,-2.71348654975699,0,0,0,0,0,0,0,0,0,0,0,0,0,0,0,0,0,0,0,0,0,0,-3.07882240730994,0,0,0,0,0,0,0,0,0,0,0,-3.59621741599701,0,0,0,0,0,0,0,0,0,0,0,0,-4.11621369520496,0,0,0,0,0,0,0,0,0,0,0,0,0,0,0,0,0,0,0,0,0,0,0,0,0,0,0,0,-3.31297803929382,0,0,0,0,0,0,0,0,0,0,0,0,0,0,0,0,0,0,0,0,0,0,0,0,0,0,0,0,0,-3.57490833808285,0,0,0,0,0,0,0,0,0,0,0,0,-3.55763892081013,0,0,0,0,0,0,0,0,0,0,0,0,-2.9914823984729,0,0,0,0,0,0,0,0,0,0,0,0,0,0,0,0,0,0,0,0,0,0,0,0,0,0,0,0,0,0,0,0,0,0,0,0,0
0,0,0,-3.29134130288868,0,0,0,0,0,0,0,0,0,0,0,0,0,0,0,0,0,0,0,0,0,0,0,0,0,0,0,0,0,0,0,0,0,0,0,0,0,0,0,0,0,0,0,0,0,0,-3.82961475158108,0,0,0,0,0,0,0,0,0,0,0,0,0,-2.49462758486984,0,0,0,0,0,0,0,0,0,0,0,0,0,0,0,-2.59544358620416,-2.48020272617536,0,0,0,0,0,0,0,0,0,0,0,0,0,0,0,0,0,0,0,0,0,0,0,0,0,0,0,0,0,0,0,0,0,0,0,0,0,0,0,0,0,0,0,0,0,0,0,0,0,0,0,0,0,0,0,0,0,0,0,0,0,0,0,0,0,0,0,0,0,0,0,0,0,0,0,-3.97248444122743,0,0,0,0,0,0,0,0,0,0,0,-2.57425327613562,0,0,0,0,0,0,-2.51955728218698,0,0,0,0,0,0,0,0,0,0,0,0,0,0,0,0,0,0,0,0,0,0,0,0,0,0,0,0,0,0,0,0,0,0,0,0,0,0,0,0,0,0,0,0,0,0,0,-2.77053538784135,0,0,0,0,0,0,0
0,0,0,-3.72472935247963,0,0,0,0,0,0,0,0,0,0,0,0,0,0,0,0,0,0,0,0,0,0,0,0,0,0,0,0,0,0,0,0,0,0,0,0,0,0,0,0,0,0,0,0,0,0,0,0,0,0,0,0,0,0,0,0,0,0,0,0,0,0,0,0,0,0,0,0,0,0,0,0,0,0,0,0,0,0,-2.63441838039565,0,0,0,0,0,-3.35849204103795,0,0,0,0,-2.47176192790211,0,0,0,0,0,0,0,0,0,0,0,0,0,0,0,0,0,0,0,0,0,0,0,0,0,0,0,0,0,0,0,0,0,0,0,0,0,0,0,0,0,0,0,0,0,0,0,0,0,0,0,0,0,0,0,0,0,0,0,0,0,0,0,-4.10522871756566,0,-2.77218168428444,0,0,0,0,0,0,0,0,0,0,0,0,0,0,0,0,0,0,0,0,0,0,0,0,0,-2.50998772880152,0,0,-3.92349387626038,0,0,0,-2.95792397115604,0,-2.94606922701304,0,0,0,0,0,0,0,0,0,0,0,0,0,0,0,0,0,0,0,0,0,0,0,0,0,0,0,0,0,0,0,0,0,0,0,0,0
